run_id,fold_id,match_id,date,season,competition,home_team,away_team,goals_home,goals_away,joint_log_loss,model_home_win,model_draw,model_away_win,actual_home_win,actual_draw,actual_away_win,market_odds_home,market_odds_draw,market_odds_away,market_fair_home,market_fair_draw,market_fair_away,bet_market,bet_selection,bet_edge,bet_stake_fraction,bet_decimal_odds,bet_result_profit_per_unit,ensemble_weights_json,calibration_temperature,pi_blend_weight,joint_pmf_json,derived_markets_json,goal_expectations_home,goal_expectations_away,pi_home_win,pi_draw,pi_away_win
sample_run,0,10000,2024-08-01T00:00:00+00:00,2024-2025,ENG Premier League,Arsenal,Liverpool,1,1,2.2216057094167434,0.6110713125007425,0.23462542656210475,0.15430326093715271,0.0,1.0,0.0,1.804160386522569,4.90785005033414,4.132737803735537,0.5542744467011889,0.20375520640283562,0.24197034689597555,1x2,home,0.05891769713312099,0.02,1.804160386522569,-1.0,"{'dixon_coles': 0.22, 'bivariate_poisson': 0.18, 'zero_inflated_poisson': 0.12, 'negative_binomial': 0.18, 'weibull_copula': 0.3}",0.9,0.1,"[[0.0876875247827442, 0.06335508544450144, 0.02288733124594911, 0.005512106122569218, 0.0009956375072730252, 0.00014387154729550767, 1.7324764259079706e-05, 1.7881871251018029e-06, 1.614978133752104e-07], [0.1500808323285142, 0.10843485409484428, 0.03917261585021279, 0.009434198043654687, 0.001704074851687773, 0.000246242115055688, 2.965205194627237e-05, 3.0605563648801258e-06, 2.764101998618201e-07], [0.128434781847395, 0.09279537309495216, 0.03352277764625651, 0.00807351044662151, 0.0014582973617115857, 0.0002107267919436353, 2.5375357825248137e-05, 2.619134522086154e-06, 2.3654375558059097e-07], [0.07327381710357575, 0.05294104212593023, 0.019125207694705625, 0.004606049228568464, 0.0008319787882043191, 0.00012022254555660596, 1.4476992147145026e-05, 1.4942524227512801e-06, 1.349514799191968e-07], [0.031352793587338314, 0.02265269685250057, 0.008183396373625225, 0.0019708610309231264, 0.0003559915430465672, 5.1441467148525305e-05, 6.1944929921332795e-06, 6.393687353789414e-07, 5.7743762526136104e-08], [0.01073232108916321, 0.007754205872573162, 0.002801244400661899, 0.0006746420648949227, 0.00012185885555491183, 1.760884053912734e-05, 2.1204262896367194e-06, 2.1886121705053347e-07, 1.9766168478752584e-08], [0.003061468713041397, 0.0022119407792723367, 0.0007990743119741547, 0.00019244630840042142, 3.476108016047823e-05, 5.023043378557413e-06, 6.048662437604555e-07, 6.243167372013584e-08, 5.638436072836905e-09], [0.0007485472236938436, 0.0005408326148316629, 0.00019537839965677733, 4.7054261652131657e-05, 8.499289878705119e-06, 1.2281638415888179e-06, 1.4789337730099163e-07, 1.5264913809078562e-08, 1.3786309983564456e-09], [0.00016014619902818573, 0.00011570717896509103, 4.179977840655241e-05, 1.006691483602196e-05, 1.8183608534363586e-06, 2.6275666355921e-07, 3.1640705471218445e-08, 3.265816567929248e-09, 2.9494801030685265e-10]]","{'1x2': {'home': 0.6110713125007425, 'draw': 0.23462542656210475, 'away': 0.15430326093715271}}",1.7115414387663068,0.7225096797004003,0.5988498862507277,0.2369716808277258,0.15584629354652424
sample_run,0,10001,2024-08-03T00:00:00+00:00,2024-2025,ENG Premier League,Liverpool,Tottenham,2,2,2.706294109616967,0.4350782158041827,0.23080813291574112,0.3341136512800761,0.0,1.0,0.0,2.6614709287622795,4.731928676115226,2.4216733765693035,0.3757320770229308,0.21133031971668909,0.4129376032603801,1x2,home,,,2.6614709287622795,,"{'dixon_coles': 0.22, 'bivariate_poisson': 0.18, 'zero_inflated_poisson': 0.12, 'negative_binomial': 0.18, 'weibull_copula': 0.3}",0.9,0.1,"[[0.0389994689577278, 0.05861470469029117, 0.04404782549288092, 0.02206739692031198, 0.008291612606120012, 0.002492395087947557, 0.0006243290227444248, 0.00013404893625386225, 2.5183800647017783e-05], [0.06791209927204146, 0.10206927812384169, 0.0767031033379582, 0.03842727325216081, 0.014438679127720623, 0.004340156088312663, 0.0010871813310328292, 0.00023342740066669478, 4.3854052767779516e-05], [0.05912969267010661, 0.0888696581495171, 0.06678384228779208, 0.033457850396415426, 0.012571466182549345, 0.00377888621310624, 0.0009465868183979669, 0.0002032405213526628, 3.8182837672417184e-05], [0.03432201912706542, 0.05158467715773419, 0.03876489474025854, 0.01942071621550664, 0.007297147732189232, 0.002193466582159429, 0.0005494493446421703, 0.00011797161030717502, 2.2163350183974057e-05], [0.014941744288240529, 0.022456868065623272, 0.016875905302224777, 0.008454612606335826, 0.0031767395456611127, 0.0009549035170131428, 0.00023919722136949334, 5.135774873721666e-05, 9.648590597006162e-06], [0.0052037899413467795, 0.00782109651321058, 0.005877403907384042, 0.002944504148251276, 0.0011063691745146617, 0.0003325660793633349, 8.330567506367372e-05, 1.7886461656239066e-05, 3.3603331530970934e-06], [0.0015102782530648049, 0.0022698902361854116, 0.0017057789430107012, 0.0008545734226950917, 0.0003210977620088764, 9.651952193125576e-05, 2.417752269473576e-05, 5.191126922526017e-06, 9.752580602555544e-07], [0.0003757053599213864, 0.0005646707329841207, 0.00042433921724665017, 0.00021258851784521706, 7.98780953116989e-05, 2.4010742161607874e-05, 6.014537286489958e-06, 1.2913740927325324e-06, 2.426107108415232e-07], [8.177976643629222e-05, 0.0001229118495049255, 9.236589566742228e-05, 4.627413178256804e-05, 1.7387060912129342e-05, 5.226417015581554e-06, 1.3091840228588679e-06, 2.81093332572213e-07, 5.280906099320517e-08]]","{'1x2': {'home': 0.4350782158041827, 'draw': 0.23080813291574112, 'away': 0.3341136512800761}}",1.741359589938329,1.5029616109343609,0.42637665148809906,0.23311621424489853,0.33745478779287685
sample_run,0,10002,2024-08-05T00:00:00+00:00,2024-2025,ENG Premier League,Man City,Aston Villa,1,2,2.616582475656963,0.41896096752368545,0.2662162266758859,0.31482280580042876,0.0,0.0,1.0,2.807781053336779,4.31196918589418,2.4275717564224295,0.3561531262601818,0.23191260347391102,0.4119342702659072,1x2,home,0.051990755022361855,0.02,2.807781053336779,-1.0,"{'dixon_coles': 0.22, 'bivariate_poisson': 0.18, 'zero_inflated_poisson': 0.12, 'negative_binomial': 0.18, 'weibull_copula': 0.3}",0.9,0.1,"[[0.07968193317485026, 0.09201827088898357, 0.053132258719288235, 0.020452727408301077, 0.005904803435635032, 0.001363796736442536, 0.0002624899031505306, 4.33040752533065e-05, 6.2510502200538124e-06], [0.10955551700804858, 0.12651687578045767, 0.07305209401764691, 0.028120667209770175, 0.008118575534586522, 0.0018750982889306912, 0.0003609000924456176, 5.9539222555268424e-05, 8.594633832471124e-06], [0.07531450875170974, 0.08697468286792194, 0.05022004116706044, 0.019331698617410204, 0.005581156886020744, 0.0012890460503382178, 0.0002481026415948678, 4.093054754950702e-05, 5.908425633606682e-06], [0.03451689994516445, 0.03986079808621628, 0.023016018625576097, 0.008859784363023865, 0.002557863511373834, 0.0005907742649018291, 0.0001137062990650741, 1.8758611559489955e-05, 2.7078519107251963e-06], [0.011864411003651208, 0.01370125625939002, 0.007911240727740423, 0.0030453523709727936, 0.000879208273002312, 0.0002030654172393934, 3.908399270952236e-05, 6.447852436145857e-06, 9.307634247833637e-07], [0.003262500367928433, 0.003767599889584522, 0.0021754493988012146, 0.0008374173170259256, 0.0002417665161189228, 5.583934998991358e-05, 1.0747397452405173e-05, 1.7730438484304317e-06, 2.5594325878255147e-07], [0.0007476076033510044, 0.000863352032547443, 0.0004985079932057914, 0.00019189562690652054, 5.54012154183931e-05, 1.2795683650801958e-05, 2.4627847189348044e-06, 4.0629606518726194e-07, 5.864984052515718e-08], [0.00014684192198525096, 0.00016957595300113283, 9.791483061332684e-05, 3.769132704003318e-05, 1.0881672304951461e-05, 2.5132740383819265e-06, 4.837297533402713e-07, 7.980295390218384e-08, 1.151975350202405e-08], [2.523681034170004e-05, 2.9143967244125792e-05, 1.682801461885259e-05, 6.4777745971742915e-06, 1.8701655252658236e-06, 4.319408203451188e-07, 8.313563236329704e-08, 1.3715238707779456e-08, 1.9798285828955334e-09]]","{'1x2': {'home': 0.41896096752368545, 'draw': 0.2662162266758859, 'away': 0.31482280580042876}}",1.3749103798428828,1.154819759293026,0.41058174817321175,0.26887838894264476,0.31797103385843306
sample_run,0,10003,2024-08-07T00:00:00+00:00,2024-2025,ENG Premier League,Chelsea,Arsenal,0,0,2.534295587130204,0.5474677953095787,0.24640407594846225,0.20612812874195896,0.0,1.0,0.0,1.9292869453934929,4.03819447595955,4.2728038014142555,0.5183262149716368,0.2476354236907774,0.23403836133758588,1x2,home,,,1.9292869453934929,,"{'dixon_coles': 0.22, 'bivariate_poisson': 0.18, 'zero_inflated_poisson': 0.12, 'negative_binomial': 0.18, 'weibull_copula': 0.3}",0.9,0.1,"[[0.07931757190921508, 0.07125863373783312, 0.032009255704363734, 0.009585668402577104, 0.0021529328791524815, 0.0003868374984379508, 5.792224630207693e-05, 7.433878116542243e-06, 8.348213157682921e-07], [0.1297598343503059, 0.11657578878528543, 0.052365643802470836, 0.015681704748589997, 0.003522097399626738, 0.0006328480374468383, 9.475808329026672e-05, 1.21614765778126e-05, 1.3657285900050696e-06], [0.1061405071116571, 0.09535626644842778, 0.04283387086806614, 0.012827267410785648, 0.0028809932284885767, 0.0005176548810773509, 7.750989405708838e-05, 9.947803167741375e-06, 1.117134017978844e-06], [0.05788030020397022, 0.05199946258555807, 0.023358069150109385, 0.006994936322961439, 0.0015710566822062057, 0.00028228638372048006, 4.226751933720021e-05, 5.424713423624112e-06, 6.091929847354341e-07], [0.023672365359373105, 0.021267171602056538, 0.0095531769023714, 0.002860847088200397, 0.000642543795564467, 0.00011545182709589724, 1.728692071496786e-05, 2.218644300070807e-06, 2.4915280083559427e-07], [0.007745376298780277, 0.006958419421464348, 0.0031257100350719717, 0.0009360423808518274, 0.00021023431370464191, 3.777475683837291e-05, 5.656118598709887e-06, 7.259196415869895e-07, 8.152046358994858e-08], [0.0021118455035009074, 0.0018972747352516647, 0.0008522525476075215, 0.0002552202522941995, 5.732224916543621e-05, 1.0299622290465172e-05, 1.542190872228425e-06, 1.979284248887806e-07, 2.2227277001745345e-08], [0.0004935543395125018, 0.0004434075207104703, 0.0001991778956059872, 5.9646912069305916e-05, 1.3396645151985557e-05, 2.4070999835791705e-06, 3.604217240717213e-07, 4.625737671377435e-08, 5.194683513340222e-09], [0.00010092897418008383, 9.067424319122708e-05, 4.0730714074394055e-05, 1.2197444468041634e-05, 2.7395355372217255e-06, 4.922378604380369e-07, 7.370413340647899e-08, 9.45936284258865e-09, 1.0622823795035076e-09]]","{'1x2': {'home': 0.5474677953095787, 'draw': 0.24640407594846225, 'away': 0.20612812874195896}}",1.6359531844825734,0.898396559836627,0.5365184394033871,0.24886811670794687,0.20818941002937855
sample_run,0,10004,2024-08-09T00:00:00+00:00,2024-2025,ENG Premier League,Tottenham,Chelsea,3,1,2.843801415015142,0.49587854310074997,0.22739575728112993,0.27672569961812005,1.0,0.0,0.0,2.2148688373404672,5.175970235033276,2.8144793460806428,0.4514940041328872,0.1932004927755484,0.3553055030915644,1x2,home,0.0765770457765425,0.02,2.2148688373404672,1.2148688373404672,"{'dixon_coles': 0.22, 'bivariate_poisson': 0.18, 'zero_inflated_poisson': 0.12, 'negative_binomial': 0.18, 'weibull_copula': 0.3}",0.9,0.1,"[[0.0418845399096524, 0.055636300553453144, 0.03695155713720552, 0.016361231321773754, 0.005433260011965657, 0.0014434275160373298, 0.0003195569187843708, 6.0639369957005704e-05, 1.0068602339841261e-05], [0.07726254278226886, 0.10262980233352686, 0.0681628894657348, 0.03018083373234869, 0.010022492428643013, 0.0026626263640832674, 0.0005894723963115003, 0.0001118587413327006, 1.857310169140387e-05], [0.0712613834371646, 0.09465830961297675, 0.0628685211162572, 0.02783661898256585, 0.009244022397325444, 0.0024558140522963155, 0.0005436867199356305, 0.00010317041570029091, 1.7130486178515012e-05], [0.04381756529110767, 0.0582039873737473, 0.0386569190197662, 0.017116323188249315, 0.005684011948833781, 0.00151004355218837, 0.00033430488154490907, 6.343795486435323e-05, 1.0533281286313532e-05], [0.020207077123335415, 0.026841574923964037, 0.01782717361846375, 0.007893429505611515, 0.0026212608358537294, 0.0006963774987483885, 0.0001541693263695875, 2.925529152462528e-05, 4.8575685549903975e-06], [0.007455018792681139, 0.009902691233470243, 0.006576998421635145, 0.002912131474723865, 0.0009670645919019021, 0.00025691530290515384, 5.687785612561445e-05, 1.0793186306473944e-05, 1.7921080145911248e-06], [0.00229199011399194, 0.0030445088121455553, 0.0020220492773173745, 0.0008953131757715407, 0.00029731682050309916, 7.898670020388814e-05, 1.748667408765579e-05, 3.318284903211448e-06, 5.50970288187745e-07], [0.0006039902776974957, 0.0008022956607336978, 0.0005328548744906307, 0.00023593489795583876, 7.83495826982589e-05, 2.0814749025013906e-05, 4.608126829924871e-06, 8.744417386161282e-07, 1.4519290259327687e-07], [0.00013926924102347293, 0.00018499487801816833, 0.0001228667028033451, 5.44023229885782e-05, 1.8065997615871206e-05, 4.799504902394523e-06, 1.0625507559328056e-06, 2.0163045955072207e-07, 3.3478859002906345e-08]]","{'1x2': {'home': 0.49587854310074997, 'draw': 0.22739575728112993, 'away': 0.27672569961812005}}",1.8446554014662464,1.3283254554894042,0.48596097223873497,0.22966971485394122,0.27949295661430124
sample_run,0,10005,2024-08-11T00:00:00+00:00,2024-2025,ENG Premier League,Newcastle,Brighton,3,2,4.071362991716852,0.534370166588121,0.26572240470216457,0.19990742870971445,1.0,0.0,0.0,2.1310178588819344,3.7337902901177253,3.803491623039477,0.4692593240512131,0.26782436138599264,0.26291631456279424,1x2,home,0.04829808250935129,0.02,2.1310178588819344,1.1310178588819344,"{'dixon_coles': 0.22, 'bivariate_poisson': 0.18, 'zero_inflated_poisson': 0.12, 'negative_binomial': 0.18, 'weibull_copula': 0.3}",0.9,0.1,"[[0.10511260393930512, 0.08235270414952447, 0.032260488402776115, 0.00842505515541238, 0.0016501971425275876, 0.0002585764065847639, 3.376453047092592e-05, 3.779077028431827e-06, 3.7009977968533584e-07], [0.1544393880140094, 0.12099882177303248, 0.047399549618566204, 0.012378728272562712, 0.0024245944562612887, 0.0003799200142627216, 4.960940198495328e-05, 5.552505804782663e-06, 5.437785892139781e-07], [0.11345701503082482, 0.08889031041336254, 0.03482150170810158, 0.00909388192832805, 0.0017811987809919193, 0.0002791036103096103, 3.6444942828745874e-05, 4.079080749108014e-06, 3.994803162797728e-07], [0.05556654264276645, 0.043534789124946606, 0.017054128023927837, 0.004453806384924157, 0.000872357323981605, 0.00013669337819089883, 1.7849222185657657e-05, 1.9977646541028544e-06, 1.9564889860247935e-07], [0.0204106418216946, 0.01599115124590109, 0.006264303700079649, 0.001635967302307899, 0.00032043334052273285, 5.0210062547684414e-05, 6.5563568201364275e-06, 7.338167332288232e-07, 7.18655399861214e-08], [0.0059977717491155125, 0.004699081783726868, 0.0018407977607192206, 0.00048073737974420913, 9.416098004420289e-05, 1.4754484317574562e-05, 1.926619067467925e-06, 2.1563580949766792e-07, 2.111805739521343e-08], [0.001468729983634156, 0.0011507077294707836, 0.00045077321679899457, 0.00011772261990266025, 2.3058072308218924e-05, 3.6130673884809644e-06, 4.7178907597620886e-07, 5.2804740193914997e-08, 5.171374535389913e-09], [0.0003082813115640969, 0.00024152954731028315, 9.461572926353197e-05, 2.4709568177096335e-05, 4.8398091225242715e-06, 7.583702693495386e-07, 9.902688495790077e-08, 1.1083531176712427e-08, 1.0854535157064524e-09], [5.661877751787866e-05, 4.435918490735881e-05, 1.7377073224725592e-05, 4.538145812614369e-06, 8.888767033814408e-07, 1.392818699862956e-07, 1.8187223673317618e-08, 2.035595289973578e-09, 1.9935380059197936e-10]]","{'1x2': {'home': 0.534370166588121, 'draw': 0.26572240470216457, 'away': 0.19990742870971445}}",1.4692756360901014,0.7834712590421331,0.5236827632563585,0.2683796287491862,0.2019065029968116
sample_run,0,10006,2024-08-13T00:00:00+00:00,2024-2025,ENG Premier League,Brighton,Wolves,2,2,2.752693716891191,0.48990324879737424,0.22707765544948852,0.2830190957531371,0.0,1.0,0.0,2.1712596419411407,4.188447223624054,3.325729714399874,0.46056214590070127,0.23875196382079514,0.30068589027850373,1x2,home,0.030282750176668278,0.02,2.1712596419411407,-1.0,"{'dixon_coles': 0.22, 'bivariate_poisson': 0.18, 'zero_inflated_poisson': 0.12, 'negative_binomial': 0.18, 'weibull_copula': 0.3}",0.9,0.1,"[[0.040667892943134824, 0.05517651382081439, 0.03743060504358459, 0.016928098532148755, 0.005741835850244662, 0.0015580570431365504, 0.0003523178841781025, 6.82871888742281e-05, 1.1581153915362434e-05], [0.07506083649888161, 0.10183943604537239, 0.06908576574545651, 0.031244235789035946, 0.01059772146447992, 0.002875709964475693, 0.0006502740414140069, 0.0001260378433233275, 2.137536610821997e-05], [0.06926999124087811, 0.09398265689383867, 0.06375588937286136, 0.028833783906294437, 0.009780121129195357, 0.0026538527059114937, 0.0006001062505290603, 0.00011631418873351017, 1.97262845999461e-05], [0.042617268075012954, 0.057821345311258814, 0.03922480398930187, 0.01773953015351885, 0.006017065059523937, 0.0016327409629104336, 0.0003692058926838062, 7.156046757601431e-05, 1.213628504725137e-05], [0.019664700821115204, 0.02668025211327325, 0.018099330859472813, 0.008185474314357353, 0.002776428184191814, 0.0007533885676927797, 0.00017036107073406322, 3.301983559867145e-05, 5.599993273006149e-06], [0.007259037959980288, 0.009848762238179399, 0.006681196472517955, 0.0030215902753304106, 0.0010248921539943651, 0.0002781062504457122, 6.28871748729366e-05, 1.218895940617068e-05, 2.067184449647811e-06], [0.002233004228565667, 0.0030296477088614343, 0.0020552503041396304, 0.0009294928472620947, 0.0003152743554049973, 8.555023911701711e-05, 1.93451705567603e-05, 3.749532382369344e-06, 6.359012919807472e-07], [0.000588780250293154, 0.0007988326728200186, 0.0005419115526098642, 0.00024508105459710675, 8.312895762208284e-05, 2.255718576597189e-05, 5.100775993464774e-06, 9.886459623911037e-07, 1.676692399703416e-07], [0.00013583915621969016, 0.00018430094450784076, 0.0001250259464640234, 5.6543343030488696e-05, 1.917891684577351e-05, 5.204232104617615e-06, 1.1768144510161795e-06, 2.280933052091075e-07, 3.868344440940019e-08]]","{'1x2': {'home': 0.48990324879737424, 'draw': 0.22707765544948852, 'away': 0.2830190957531371}}",1.8457026186195042,1.356758608024436,0.48010518382142675,0.22934843200398342,0.2858492867106685
sample_run,0,10007,2024-08-15T00:00:00+00:00,2024-2025,ENG Premier League,Aston Villa,Man City,3,1,3.023584466739165,0.4233658908699878,0.23785043493504351,0.33878367419496874,1.0,0.0,0.0,2.472002429358856,4.122474495322961,2.833688842205378,0.4045303467842312,0.24257275603148604,0.3528968971842826,1x2,home,0.046188171620540966,0.02,2.472002429358856,1.4720024293588558,"{'dixon_coles': 0.22, 'bivariate_poisson': 0.18, 'zero_inflated_poisson': 0.12, 'negative_binomial': 0.18, 'weibull_copula': 0.3}",0.9,0.1,"[[0.045592109186878026, 0.06594735364227022, 0.047695242992512876, 0.022996487131787376, 0.008315898827983937, 0.002405729985487211, 0.0005799670489412987, 0.00011984308174476731, 2.1668590887642977e-05], [0.07484548841353526, 0.10826131935910634, 0.07829806123126885, 0.037751780776783685, 0.013651649824464358, 0.003949324542473686, 0.0009520927593817386, 0.00019673829849380903, 3.5571863139104144e-05], [0.061434393316825556, 0.08886265044805321, 0.06426832119859309, 0.03098727522275187, 0.01120549604948595, 0.00324166977089622, 0.0007814932107969485, 0.00016148599289474258, 2.9197963396612843e-05], [0.03361756566499905, 0.04862660515254272, 0.03516832170752839, 0.016956572749208792, 0.006131768849897814, 0.0017738768221464579, 0.00042764155243186965, 8.836688501373637e-05, 1.5977441930740798e-05], [0.013796922133814763, 0.019956753906779544, 0.0144333650155073, 0.006959115249703362, 0.0025165277643131637, 0.0007280134627836727, 0.00017550756824219135, 3.626648770144725e-05, 6.557272005137735e-06], [0.004529895168816128, 0.0065523311816051725, 0.004738856233250961, 0.002284861960016708, 0.0008262427555356458, 0.00023902611291936248, 5.762378578062963e-05, 1.1907249010710483e-05, 2.152926173576495e-06], [0.0012394038589091986, 0.0017927533085616441, 0.0012965767381857827, 0.0006251506105073159, 0.00022606449408723968, 6.539883941944458e-05, 1.5766179966618195e-05, 3.2578878368887808e-06, 5.89052264574742e-07], [0.00029066366594725777, 0.0004204345864020574, 0.0003040717883795354, 0.0001466096518201458, 5.301640310345623e-05, 1.533726579735011e-05, 3.6974676447390296e-06, 7.640363672487567e-07, 1.3814390638295744e-07], [5.964536525586012e-05, 8.62748854089576e-05, 6.23967664578721e-05, 3.0084896247175998e-05, 1.0879181329225219e-05, 3.147269258879959e-06, 7.587353839822609e-07, 1.567833669364842e-07, 2.8347690886063353e-08]]","{'1x2': {'home': 0.4233658908699878, 'draw': 0.23785043493504351, 'away': 0.33878367419496874}}",1.6416325050185816,1.4464641978276953,0.41489857305258804,0.24022893928439396,0.34217151093691844
sample_run,0,10008,2024-08-17T00:00:00+00:00,2024-2025,ENG Premier League,West Ham,Newcastle,2,1,2.362600849435156,0.6182216477834247,0.22889640789745974,0.1528819443191155,1.0,0.0,0.0,1.7939369663446456,4.94775527148923,4.158783044795988,0.5574331867621948,0.20211185580708987,0.24045495743071535,1x2,home,,,1.7939369663446456,,"{'dixon_coles': 0.22, 'bivariate_poisson': 0.18, 'zero_inflated_poisson': 0.12, 'negative_binomial': 0.18, 'weibull_copula': 0.3}",0.9,0.1,"[[0.08169152676653109, 0.060553186214141436, 0.022442280771441808, 0.0055450532852566806, 0.0010275565209752248, 0.00015233359890063977, 1.8819342197025233e-05, 1.9928122598861395e-06, 1.8464450451449422e-07], [0.14407587133351363, 0.1067950791366192, 0.03958049610331867, 0.009779574642390333, 0.0018122577330087761, 0.0002686642894764889, 3.319087342692234e-05, 3.514638226407038e-06, 3.256496594916106e-07], [0.12705024328799563, 0.09417496948437386, 0.03490321878911635, 0.008623909930710143, 0.001598100943261541, 0.00023691589039062433, 2.9268665910546914e-05, 3.0993089793685303e-06, 2.871672271152739e-07], [0.07469103683652517, 0.055364129440440134, 0.020519107502862254, 0.005069874387012741, 0.0009395008882514391, 0.00013927949320185392, 1.720663374666015e-05, 1.8220398100383686e-06, 1.6882154164860463e-07], [0.03293235124549896, 0.024410840100190363, 0.009047169301015292, 0.0022353804573511373, 0.0004142394396676054, 6.141032961501902e-05, 7.5866520307904465e-06, 8.033635299345954e-07, 7.44358432129797e-08], [0.011616277448986315, 0.008610472093316088, 0.003191221542157851, 0.0007884890879202485, 0.0001461152963425046, 2.166135729951139e-05, 2.67605110371894e-06, 2.8337161797376217e-07, 2.625586616835917e-08], [0.0034145224140925017, 0.002530987236458561, 0.0009380369513284736, 0.00023177077818556962, 4.294955562091774e-05, 6.367202431558847e-06, 7.866062527374179e-07, 8.329507842234808e-08, 7.717725745359048e-09], [0.0008602925655123337, 0.0006376849347789695, 0.00023633941076887566, 5.839489486234549e-05, 1.0821186365693899e-05, 1.6042234464107218e-06, 1.9818628468291083e-07, 2.0986283884025372e-08, 1.944489236325644e-09], [0.00018965767608335733, 0.0001405822247592267, 5.2102720876869344e-05, 1.2873574059225843e-05, 2.38560826962417e-06, 3.536625828952718e-07, 4.369159015360184e-08, 4.626577039753347e-09, 4.2867662062265804e-10]]","{'1x2': {'home': 0.6182216477834247, 'draw': 0.22889640789745974, 'away': 0.1528819443191155}}",1.7636574689719389,0.7412419452900959,0.6058572148277562,0.23118537197643435,0.15441076376230667
sample_run,0,10009,2024-08-19T00:00:00+00:00,2024-2025,ENG Premier League,Wolves,West Ham,1,2,3.012840369291155,0.5099316903583152,0.27617635582642613,0.21389195381525888,0.0,0.0,1.0,2.1740474147715134,3.7633993395766994,3.6454944209334768,0.4599715687917033,0.2657172172731683,0.2743112139351284,1x2,home,,,2.1740474147715134,,"{'dixon_coles': 0.22, 'bivariate_poisson': 0.18, 'zero_inflated_poisson': 0.12, 'negative_binomial': 0.18, 'weibull_copula': 0.3}",0.9,0.1,"[[0.11336770173124205, 0.08966266114324557, 0.03545715702320254, 0.009347703701391858, 0.001848277720739894, 0.00029236104541694444, 3.8538121155601965e-05, 4.354264228579198e-06, 4.304741475010217e-07], [0.15715401629407344, 0.12429331366071457, 0.049151870836861886, 0.012958092625740065, 0.002562143031969781, 0.0004052804440203717, 5.342280409272345e-05, 6.036023497671902e-06, 5.967373436830433e-07], [0.10892601887576134, 0.08614972845875966, 0.03406796553348351, 0.008981465922601784, 0.0017758632381402616, 0.0002809065039275407, 3.702821922228877e-05, 4.18366660265076e-06, 4.1360841227410703e-07], [0.050332270078802345, 0.03980785715621765, 0.01574204271820851, 0.004150133945825741, 0.0008205865691928088, 0.00012980059464671504, 1.7109909548416078e-05, 1.9331784961723334e-06, 1.9111916994955423e-07], [0.017443059776482132, 0.013795738417171135, 0.005455533630963546, 0.0014382628557008774, 0.0002843809857135128, 4.4983457489614035e-05, 5.92957906639139e-06, 6.699588159753083e-07, 6.623391117949449e-08], [0.004836028001750227, 0.0038248207679831823, 0.0015125278329551574, 0.00039875340296801124, 7.884364484779862e-05, 1.2471508028001926e-05, 1.6439552905920238e-06, 1.8574376488947853e-07, 1.8363122825579842e-08], [0.0011173100330159383, 0.000883681942496754, 0.0003494525925749461, 9.212750167578897e-05, 1.82159398986335e-05, 2.881402060013355e-06, 3.798174326830477e-07, 4.291401373318324e-08, 4.242593583639061e-09], [0.00022126453056568683, 0.00017499840187430713, 6.920323058618294e-05, 1.824430803280202e-05, 3.6073616734688456e-06, 5.706133976609189e-07, 7.521647838105478e-08, 8.498401359317946e-09, 8.401745710015484e-10], [3.8340516203917375e-05, 3.032356358955444e-05, 1.1991472726647872e-05, 3.1613570687202673e-06, 6.250803431594889e-07, 9.887536951023426e-08, 1.3033442824286316e-08, 1.4725952424064326e-09, 1.4558468395837714e-10]]","{'1x2': {'home': 0.5099316903583152, 'draw': 0.27617635582642613, 'away': 0.21389195381525888}}",1.3862327090888242,0.7909012864687561,0.4997330565511489,0.2789381193846904,0.21603087335341148
sample_run,0,10010,2024-08-21T00:00:00+00:00,2024-2025,ENG Premier League,Arsenal,Liverpool,1,2,2.911243484181104,0.514440724317879,0.2618232430791442,0.22373603260297678,0.0,0.0,1.0,2.158132847646102,3.7149873077974718,3.738924768767034,0.46336350474935334,0.2691799236840129,0.2674565715666338,1x2,home,0.05184283081972749,0.02,2.158132847646102,-1.0,"{'dixon_coles': 0.22, 'bivariate_poisson': 0.18, 'zero_inflated_poisson': 0.12, 'negative_binomial': 0.18, 'weibull_copula': 0.3}",0.9,0.1,"[[0.09211905353532267, 0.08185296792002451, 0.036365486292949764, 0.010770927651760753, 0.0023926439800274857, 0.000425199789674638, 6.296899394161693e-05, 7.99307114505289e-06, 8.877867429559724e-07], [0.13782344050446532, 0.1224638901648469, 0.054408032260019626, 0.016114867114012717, 0.003579741786027353, 0.0006361604430972877, 9.421073119048824e-05, 1.1958791619431249e-05, 1.328257495627958e-06], [0.10310191010160684, 0.09161185461815563, 0.04070114655638802, 0.01205508710569774, 0.0026779059821685405, 0.000475894061085276, 7.047644654824637e-05, 8.94604179055088e-06, 9.936327551014972e-07], [0.05141846131877892, 0.04568819916510761, 0.020298269234557787, 0.006012051856536548, 0.0013355116798880122, 0.00023733547077483793, 3.514765572388284e-05, 4.461524556725464e-06, 4.955394845052614e-07], [0.019232365543363193, 0.017089040100085936, 0.00759228735757683, 0.0022487249910828743, 0.000499529705017771, 8.87720560529654e-05, 1.314649535471649e-05, 1.66877166206251e-06, 1.8534970247533025e-07], [0.005754880638693183, 0.005113535606636466, 0.002271832210083571, 0.0006728836285765237, 0.0001494737514933994, 2.6563169542734232e-05, 3.933812063469007e-06, 4.993448001365301e-07, 5.546199773282234e-08], [0.0014350224318017918, 0.0012750982621608, 0.000566498314637517, 0.00016778855403311473, 3.7272395350201895e-05, 6.62372454734939e-06, 9.809253932419369e-07, 1.2451535216588294e-07, 1.3829863007760537e-08], [0.00030671447306759945, 0.0002725330858396504, 0.00012108049896444291, 3.586228117174786e-05, 7.96641421517753e-06, 1.415721551986025e-06, 2.096580572117387e-07, 2.6613284769656024e-08, 2.955925322851154e-09], [5.7361156987030826e-05, 5.096861900469458e-05, 2.2644244465231657e-05, 6.706895568479698e-06, 1.4898636241394393e-06, 2.647655501261438e-07, 3.9209850820009615e-08, 4.97716586486723e-09, 5.528115279015055e-10]]","{'1x2': {'home': 0.514440724317879, 'draw': 0.2618232430791442, 'away': 0.22373603260297678}}",1.496144773693506,0.8885563276943389,0.5041519098315215,0.26444147550993563,0.22597339292900656
sample_run,0,10011,2024-08-23T00:00:00+00:00,2024-2025,ENG Premier League,Liverpool,Tottenham,0,2,3.549998833098446,0.571193990415583,0.24033160622347138,0.18847440336094565,0.0,0.0,1.0,1.8150232328627964,4.860637000438252,4.110008251952728,0.5509571348145896,0.20573435126092252,0.24330851392448782,1x2,home,0.030356435340611825,0.02,1.8150232328627964,-1.0,"{'dixon_coles': 0.22, 'bivariate_poisson': 0.18, 'zero_inflated_poisson': 0.12, 'negative_binomial': 0.18, 'weibull_copula': 0.3}",0.9,0.1,"[[0.07876697082076878, 0.06726894519257093, 0.028724673173085632, 0.008177194261418852, 0.001745881639437602, 0.0002982052377849655, 4.244577726692929e-05, 5.1785351051017585e-06, 5.528246651689233e-07], [0.13290388830444033, 0.11350321441933171, 0.04846727905360453, 0.013797419164896537, 0.0029458344783700476, 0.0005031631304516541, 7.161896391465245e-05, 8.73776716328406e-06, 9.327837136041978e-07], [0.1121246846386389, 0.09575725950987235, 0.04088953640490858, 0.011640225823546882, 0.0024852603343572424, 0.00042449478373761884, 6.0421510954455466e-05, 7.3716382577525185e-06, 7.869452207775238e-07], [0.06306283969919636, 0.05385722801332583, 0.022997703743717804, 0.006546869652642209, 0.001397797234225911, 0.00023875069603331055, 3.398316857687722e-05, 4.146066883196484e-06, 4.42605483974221e-07], [0.026601558102996418, 0.022718389896436438, 0.009701034005003798, 0.00276164115488959, 0.000589627497268286, 0.00010071129912568595, 1.4334990903259972e-05, 1.748919642983759e-06, 1.8670258990565455e-07], [0.008976987359053064, 0.007666569684704917, 0.0032737202571173295, 0.0009319460778085796, 0.00019897626180517909, 3.3986131777117894e-05, 4.837499804803173e-06, 5.901921032699336e-07, 6.300483539333511e-08], [0.002524485650194591, 0.00215597331054903, 0.0009206273197555021, 0.00026207951577544196, 5.595560042200204e-05, 9.557493905840461e-06, 1.36038944376245e-06, 1.659723285741907e-07, 1.7718060244670393e-08], [0.0006085109666499198, 0.0005196834464765099, 0.00022191127140119154, 6.317257516253431e-05, 1.3487736204657981e-05, 2.303772198089303e-06, 3.27913092071023e-07, 4.000655820326567e-08, 4.270824025406851e-09], [0.00012834293470497364, 0.0001096080470095488, 4.680399430192351e-05, 1.3323923698312941e-05, 2.8447402625501337e-06, 4.858957372983741e-07, 6.916116696511286e-08, 8.437907233652863e-09, 9.007727371733088e-10]]","{'1x2': {'home': 0.571193990415583, 'draw': 0.24033160622347138, 'away': 0.18847440336094565}}",1.6873048045335906,0.8540247833782872,0.5597701106072713,0.2427349222857061,0.19035914739455512
sample_run,0,10012,2024-08-25T00:00:00+00:00,2024-2025,ENG Premier League,Man City,Aston Villa,2,0,2.5826319596546776,0.5400839653593132,0.2169031347267207,0.243012899913966,1.0,0.0,0.0,1.964600668929121,4.693394367654176,3.5980891951560605,0.5090092942628831,0.21306541101505902,0.27792529472205785,1x2,home,0.06742815361518477,0.02,1.964600668929121,0.9646006689291211,"{'dixon_coles': 0.22, 'bivariate_poisson': 0.18, 'zero_inflated_poisson': 0.12, 'negative_binomial': 0.18, 'weibull_copula': 0.3}",0.9,0.1,"[[0.038106126476172265, 0.048623409147668516, 0.0310217297816918, 0.013194573498890477, 0.004209068233205927, 0.0010741540311718608, 0.00022843671860282817, 4.1640743366411444e-05, 6.6416974419590385e-06], [0.0758928733317938, 0.09683928996854224, 0.06178345653492834, 0.026278559061742916, 0.008382858920791098, 0.002139305234226221, 0.0004549588360836335, 8.293248235883775e-05, 1.3227728695696295e-05], [0.0755748321225624, 0.09643346945430165, 0.061524543090698096, 0.026168434562116753, 0.008347729211360691, 0.0021303401338981075, 0.00045305225840346113, 8.258494054343364e-05, 1.3172295785528673e-05], [0.050172082477215926, 0.06401956639716928, 0.040844476443077406, 0.017372514371198768, 0.0055418311457263066, 0.001414275068836701, 0.0003007691136944163, 5.48259034383501e-05, 8.744730117217503e-06], [0.024980914175418836, 0.03187564108867657, 0.020336655569913507, 0.00864985603727383, 0.0027593036085141586, 0.000704174161618429, 0.00014975434633850444, 2.7298073365903954e-05, 4.354041964365613e-06], [0.009950491065592627, 0.012696824449083459, 0.008100572626424553, 0.003445442973510101, 0.0010990961223826907, 0.0002804892829222443, 5.9650710731044276e-05, 1.087347057148941e-05, 1.7343182623903719e-06], [0.003302930647745822, 0.00421453879265692, 0.002688875294268205, 0.0011436680981120242, 0.0003648300615021127, 9.310461592509887e-05, 1.9800244966267154e-05, 3.6093011853576972e-06, 5.756834415541755e-07], [0.0009397397683538832, 0.0011991077413123614, 0.0007650306093749192, 0.0003253929640717747, 0.00010380033795699369, 2.6489841759724048e-05, 5.633505393353918e-06, 1.0269073806203804e-06, 1.6379169946559512e-07], [0.0002339504096838817, 0.000298520672192623, 0.00019045615659906047, 8.100733821895377e-05, 2.5841336514790587e-05, 6.594707961550141e-06, 1.4024743222691775e-06, 2.556509902995499e-07, 4.077632604600506e-08]]","{'1x2': {'home': 0.5400839653593132, 'draw': 0.2169031347267207, 'away': 0.243012899913966}}",1.9916186805092762,1.2759997838686834,0.529282286052127,0.2190721660739879,0.24544302891310565
sample_run,0,10013,2024-08-27T00:00:00+00:00,2024-2025,ENG Premier League,Chelsea,Arsenal,3,0,2.720754889188318,0.5892349731049685,0.22696343535209315,0.18380159154293846,1.0,0.0,0.0,1.9390978561475638,4.956213515643035,3.539455461126397,0.5157037314180295,0.20176693293050285,0.28252933565146765,1x2,home,,,1.9390978561475638,,"{'dixon_coles': 0.22, 'bivariate_poisson': 0.18, 'zero_inflated_poisson': 0.12, 'negative_binomial': 0.18, 'weibull_copula': 0.3}",0.9,0.1,"[[0.06542680787128731, 0.05928606128781694, 0.02686083256528002, 0.008113254171693743, 0.0018379426557571699, 0.00033308787170872157, 5.0304221920777285e-05, 6.511833126127389e-06, 7.375817160664363e-07], [0.11912912714224246, 0.10794805619759729, 0.048908202034108644, 0.014772612621701727, 0.003346525857544311, 0.0006064863732369417, 9.159392371367341e-05, 1.1856745295255874e-05, 1.342988736420269e-06], [0.10845515313533007, 0.09827590654292818, 0.044526025401406856, 0.013448986008120027, 0.003046677022303229, 0.0005521451727365128, 8.338710490819767e-05, 1.079438049729149e-05, 1.222656898120054e-06], [0.06582504505139884, 0.05964692122635509, 0.027024327966695433, 0.008162637590631431, 0.0018491297688725669, 0.00033511529714906385, 5.061041157204143e-05, 6.551469081875185e-06, 7.420711978593732e-07], [0.029963559342902273, 0.027151277487038005, 0.012301473612359103, 0.0037156324868522386, 0.0008417238380782981, 0.0001525444773338126, 2.3037858452257067e-05, 2.9822286101691756e-06, 3.377907961377899e-07], [0.010911529346248996, 0.009887408825418567, 0.004479704456578844, 0.0013530846738262477, 0.00030652214096201153, 5.555059470698009e-05, 8.389466207928317e-06, 1.0860083284729159e-06, 1.2300989154091925e-07], [0.003311285310252929, 0.0030004988816098956, 0.0013594409262569025, 0.00041061607972574916, 9.301924876220051e-05, 1.685775315192373e-05, 2.5459232462886746e-06, 3.295673146057122e-07, 3.732940030219272e-08], [0.0008613125797988627, 0.0007804725930444263, 0.0003536099917614921, 0.00010680710412974527, 2.4195634509127604e-05, 4.384942249445353e-06, 6.622309809550347e-07, 8.572516330184395e-08, 9.709909918384572e-09], [0.0001960347355435879, 0.00017763555527333826, 8.048163099710243e-05, 2.430929595518108e-05, 5.506926200257969e-06, 9.980128171873015e-07, 1.5072376540768417e-07, 1.951104640922842e-08, 2.209975411536529e-09]]","{'1x2': {'home': 0.5892349731049685, 'draw': 0.22696343535209315, 'away': 0.18380159154293846}}",1.8207999292369959,0.9061432647676939,0.5774502736428692,0.22923306970561408,0.18563960745836786
sample_run,0,10014,2024-08-29T00:00:00+00:00,2024-2025,ENG Premier League,Tottenham,Chelsea,2,0,2.982654293624999,0.3371057301959721,0.24582160775543732,0.4170726620485907,1.0,0.0,0.0,2.9138232129690635,4.558967204107969,2.2859214331293654,0.3431917199194257,0.21934792579751958,0.4374603542830546,1x2,away,0.052435093223590405,0.02,2.2859214331293654,-1.0,"{'dixon_coles': 0.22, 'bivariate_poisson': 0.18, 'zero_inflated_poisson': 0.12, 'negative_binomial': 0.18, 'weibull_copula': 0.3}",0.9,0.1,"[[0.05407647957929894, 0.08374384982663521, 0.06484364772212997, 0.033472696073531934, 0.01295911112872966, 0.00401374447705896, 0.001035959987731847, 0.00022918672198537097, 4.4365356661339005e-05], [0.07401914304138146, 0.11462743224739409, 0.08875709501449595, 0.04581696696831402, 0.017738253447508064, 0.005493958351029802, 0.001418007812520873, 0.0003137076394358071, 6.0726691277711506e-05], [0.05065819353630635, 0.07845022799185812, 0.06074474672654561, 0.031356817771178686, 0.01213993892954892, 0.003760027392795926, 0.0009704748157178359, 0.0002146993555906525, 4.156093076957112e-05], [0.023113413340718907, 0.03579386511186801, 0.02771552519656432, 0.01430692726291988, 0.005538993928171722, 0.0017155579627969211, 0.000442790869286885, 9.795917705190572e-05, 1.8962677202724066e-05], [0.007909330736537873, 0.012248537822409864, 0.00948415762246122, 0.004895781418258679, 0.0018954247163661298, 0.0005870580483046882, 0.00015152151612930718, 3.3521294261529206e-05, 6.488963072465285e-06], [0.002165236671114609, 0.003353126091705841, 0.0025963569564639417, 0.0013402556820142936, 0.0005188862673619083, 0.00016071139981417513, 4.148011432502936e-05, 9.176697500205642e-06, 1.7764007183445314e-06], [0.0004939577062108085, 0.0007649521620387152, 0.0005923096277781084, 0.00030575393039273955, 0.00011837406683050301, 3.6663259713439514e-05, 9.46290186134995e-06, 2.093489597817784e-06, 4.0525215365625575e-07], [9.658893266102269e-05, 0.00014957943147571534, 0.00011582075556792534, 5.978739762983603e-05, 2.3146971139717933e-05, 7.169166669673685e-06, 1.8503843126069575e-06, 4.0936283258201906e-07, 7.924336939797297e-08], [1.6526200666332482e-05, 2.5592784100834552e-05, 1.9816732570792573e-05, 1.0229521160732327e-05, 3.960407050104522e-06, 1.2266321174622597e-06, 3.165975812911783e-07, 7.004127833497363e-08, 1.3558404550790549e-08]]","{'1x2': {'home': 0.3371057301959721, 'draw': 0.24582160775543732, 'away': 0.4170726620485907}}",1.3687862748690611,1.548618742901549,0.3303636155920527,0.2482798238329917,0.4212433886690766
sample_run,0,10015,2024-08-31T00:00:00+00:00,2024-2025,ENG Premier League,Newcastle,Brighton,2,1,2.4791237876902525,0.37795724050663704,0.24120605605402157,0.38083670343934145,1.0,0.0,0.0,2.8558816272667293,4.711604327399585,2.285173677729201,0.3501545688912419,0.2122419308821539,0.43760350022660405,1x2,away,,,2.285173677729201,,"{'dixon_coles': 0.22, 'bivariate_poisson': 0.18, 'zero_inflated_poisson': 0.12, 'negative_binomial': 0.18, 'weibull_copula': 0.3}",0.9,0.1,"[[0.047857041741583915, 0.07289071717829905, 0.05550966438184753, 0.028182123952748637, 0.010730997737051003, 0.0032688611440547595, 0.0008297964955468245, 0.00018055101333750364, 3.4374494250247066e-05], [0.07257546801259061, 0.1105391750194994, 0.08418071249552085, 0.04273834656358094, 0.016273617312450937, 0.004957245971846289, 0.001258390966677523, 0.0002738066085211211, 5.212911030687577e-05], [0.05503054895962984, 0.08381663459355647, 0.06383025762421018, 0.03240646925780419, 0.012339515249254047, 0.003758845442254521, 0.0009541784241761923, 0.00020761461673354635, 3.95270417886496e-05], [0.027818043770868016, 0.04236946303335746, 0.032266312694766264, 0.01638152984688942, 0.006237647666696135, 0.00190010328839844, 0.00048233894937924906, 0.00010494957082842498, 1.998099236509924e-05], [0.010546554239431861, 0.016063381151368586, 0.012233010334759523, 0.006210670113188199, 0.0023648567809131616, 0.0007203792817596709, 0.00018286741991347787, 3.978915089299761e-05, 7.575321308426338e-06], [0.0031987815460053806, 0.004872041239908941, 0.003710285541851992, 0.001883703102963776, 0.0007172636728541793, 0.00021849183157868817, 5.546389037642318e-05, 1.2068093399821231e-05, 2.297603317286013e-06], [0.00080849497908426, 0.0012314129063539388, 0.000937778084690505, 0.0004761076925473459, 0.00018128905329790963, 5.5224011474898016e-05, 1.4018549327263914e-05, 3.0502217111574364e-06, 5.807213525640231e-07], [0.00017515529990851404, 0.000266777781561412, 0.00020316366325198756, 0.00010314570632378648, 3.927512145652623e-05, 1.1963931183583641e-05, 3.0370296355833134e-06, 6.608111521117582e-07, 1.2580959103399536e-07], [3.3202997414642725e-05, 5.05712473222006e-05, 3.8512352119681374e-05, 1.9552629136480436e-05, 7.44511731510233e-06, 2.267920961369562e-06, 5.757090261678372e-07, 1.2526547005196999e-07, 2.384886742234373e-08]]","{'1x2': {'home': 0.37795724050663704, 'draw': 0.24120605605402157, 'away': 0.38083670343934145}}",1.5165055208485314,1.523092830766489,0.3703980956965043,0.24361811661456179,0.38464507047373486
sample_run,0,10016,2024-09-02T00:00:00+00:00,2024-2025,ENG Premier League,Brighton,Wolves,2,2,3.1026269544261615,0.5411803090536681,0.2451682421956604,0.21365144875067144,0.0,1.0,0.0,1.9527429338130489,3.977139030011124,4.228994996075782,0.5121001759547208,0.2514370235624383,0.23646280048284085,1x2,home,0.03195204041123178,0.02,1.9527429338130489,-1.0,"{'dixon_coles': 0.22, 'bivariate_poisson': 0.18, 'zero_inflated_poisson': 0.12, 'negative_binomial': 0.18, 'weibull_copula': 0.3}",0.9,0.1,"[[0.07535806947151266, 0.07057037897937438, 0.033043431341982316, 0.010314699270368754, 0.002414845024803115, 0.000452284751379504, 7.05916577907858e-05, 9.443827085453796e-06, 1.1054795808697236e-06], [0.12427257844850333, 0.1163772243551195, 0.0544917411294162, 0.017009913911531237, 0.0039823076664572505, 0.0007458602992492902, 0.00011641231512614063, 1.5573763374801053e-05, 1.8230403047783075e-06], [0.10246861326561403, 0.09595852073119962, 0.04493101549569844, 0.014025477800835587, 0.003283600849627438, 0.0006149970613639514, 9.598745473007409e-05, 1.2841303819924823e-05, 1.5031828766260325e-06], [0.056326809103366474, 0.05274822315646108, 0.024698496954246273, 0.007709779468014707, 0.001804989375128813, 0.0003380627586399011, 5.27641281226674e-05, 7.058841198800154e-06, 8.26296875119094e-07], [0.023222057876954097, 0.021746701269691127, 0.010182538916641778, 0.0031785387433581683, 0.0007441495160787183, 0.00013937435960151607, 2.175325846779366e-05, 2.9101740622649293e-06, 3.4066040954581764e-07], [0.007659073618759293, 0.00717247312328106, 0.0033583937996226453, 0.0010483421566018422, 0.00024543457591961587, 4.59682981763138e-05, 7.174635811155934e-06, 9.598304122913689e-07, 1.1235624204939473e-07], [0.002105089372656007, 0.001971347671929763, 0.0009230514614017635, 0.00028813588204252167, 6.745746850967236e-05, 1.2634344672315111e-05, 1.9719420847123504e-06, 2.6380851014641417e-07, 3.088101027132588e-08], [0.0004959273316981247, 0.0004644198025454545, 0.0002174570135687226, 6.78804714915939e-05, 1.589196297110318e-05, 2.9764612004050677e-06, 4.6455983723900476e-07, 6.21493092956428e-08, 7.275100631322986e-09], [0.00010222887984230731, 9.573401818415423e-05, 4.482589583208486e-05, 1.3992664086474187e-05, 3.275918605793284e-06, 6.135582271088007e-07, 9.576288448965042e-08, 1.2811260574228774e-08, 1.4996660614239423e-09]]","{'1x2': {'home': 0.5411803090536681, 'draw': 0.2451682421956604, 'away': 0.21365144875067144}}",1.6490945073305205,0.9364674476706417,0.5303567028725947,0.24761992461761703,0.21578796323817814
sample_run,0,10017,2024-09-04T00:00:00+00:00,2024-2025,ENG Premier League,Aston Villa,Man City,1,0,2.654395598849099,0.32970671581277966,0.24262335384445638,0.42766993034276385,1.0,0.0,0.0,3.2378243800554207,4.90650317552706,2.051957630207363,0.3088493638382213,0.20381113885503177,0.48733949730674697,1x2,away,,,2.051957630207363,,"{'dixon_coles': 0.22, 'bivariate_poisson': 0.18, 'zero_inflated_poisson': 0.12, 'negative_binomial': 0.18, 'weibull_copula': 0.3}",0.9,0.1,"[[0.05114035574243192, 0.08171123427605495, 0.06527844507519291, 0.0347669483410208, 0.013887517107157873, 0.004437850098544253, 0.0011817875329563842, 0.0002697487184827763, 5.3875018103666524e-05], [0.07034134020692127, 0.11239025707774833, 0.08978766859463015, 0.047820428812212754, 0.019101677164390745, 0.006104070240364263, 0.0016254974706601465, 0.000371027657154809, 7.410274962048665e-05], [0.04837573057788185, 0.0772939608483186, 0.06174952101243285, 0.03288746238745619, 0.013136764033383059, 0.004197941871844986, 0.001117900618105459, 0.00025516622126710184, 5.0962558293254886e-05], [0.022179572752520544, 0.03543816305173453, 0.02831126222525191, 0.015078425813002075, 0.006023016296199002, 0.001924695628266312, 0.0005125412638355931, 0.00011699002166939969, 2.336559584356168e-05], [0.007626759972529563, 0.01218591388024956, 0.009735228172364208, 0.005184930103141501, 0.0020710993901595118, 0.000661833829747508, 0.00017624456696744908, 4.0228674574091866e-05, 8.034590796782947e-06], [0.002098055479340786, 0.0033522391525785526, 0.0026780767827005764, 0.0014263292737777117, 0.000569741468124678, 0.00018206474281559325, 4.84833508281314e-05, 1.1066559249379029e-05, 2.2102461997188765e-06], [0.0004809640452659064, 0.0007684765819584167, 0.0006139297342819, 0.0003269756706399669, 0.00013060911113326756, 4.1737025577797506e-05, 1.1114457540308238e-05, 2.5369286733201877e-06, 5.066829565366879e-07], [9.450645342102129e-05, 0.00015100088460426734, 0.00012063338706454691, 6.424869237379083e-05, 2.566388069788658e-05, 8.201066800158375e-06, 2.1839220086656173e-06, 4.984907580046566e-07, 9.956006005539601e-08], [1.6248690724109278e-05, 2.5961895555123028e-05, 2.0740748662753124e-05, 1.1046411054696881e-05, 4.412444284441231e-06, 1.410026439674789e-06, 3.7548624458792686e-07, 8.570655084854557e-08, 1.711756780361882e-08]]","{'1x2': {'home': 0.32970671581277966, 'draw': 0.24262335384445638, 'away': 0.42766993034276385}}",1.3754566073258268,1.597783845845599,0.32311258149652405,0.24504958738290095,0.4319466296461915
sample_run,0,10018,2024-09-06T00:00:00+00:00,2024-2025,ENG Premier League,West Ham,Newcastle,2,1,2.504970661327707,0.37205452830373736,0.266762340665174,0.36118313103108857,1.0,0.0,0.0,2.7059775065311045,4.0825368586950574,2.5940199885741513,0.3695522219184808,0.244945737077715,0.38550204100380414,1x2,home,,,2.7059775065311045,,"{'dixon_coles': 0.22, 'bivariate_poisson': 0.18, 'zero_inflated_poisson': 0.12, 'negative_binomial': 0.18, 'weibull_copula': 0.3}",0.9,0.1,"[[0.0778941128388669, 0.09851279648265561, 0.06229463766349442, 0.026261372601201705, 0.008303198920080945, 0.0021002135220694012, 0.0004426905100811594, 7.998161778310894e-05, 1.2644108373311914e-05], [0.10030575279241456, 0.12685682974937446, 0.08021800747244257, 0.033817276455471154, 0.01069218953666946, 0.002704485495479765, 0.0005700611156533024, 0.00010299387320689608, 1.6282062437728806e-05], [0.06458282710059131, 0.08167799427404888, 0.051649138386591936, 0.02177357985495079, 0.006884269435697765, 0.00174130909033799, 0.00036703935162322586, 6.631359937557054e-05, 1.0483363057282122e-05], [0.027721517727481014, 0.035059443320535705, 0.022169864183290283, 0.009346086367504577, 0.0029550022160721415, 0.0007474391101157982, 0.00015754788617194544, 2.8464434017415764e-05, 4.499876327547839e-06], [0.00892438338040804, 0.011286680490295705, 0.007137140520525085, 0.0030087839587271785, 0.0009513033494569585, 0.000240622942717593, 5.071936359305131e-05, 9.163550292411401e-06, 1.4486444034645792e-06], [0.0022984201515503476, 0.002906815269720037, 0.0018381267251285844, 0.0007748938372125145, 0.00024500233746448997, 6.197096167804639e-05, 1.3062460719919028e-05, 2.360016121456726e-06, 3.7308947267585744e-07], [0.0004932866664164596, 0.0006238603561326498, 0.0003944985446103375, 0.00016630762549109455, 5.2582373257812664e-05, 1.3300200609608188e-05, 2.8034638050743075e-06, 5.065063863355139e-07, 8.007241936475732e-08], [9.074496612695198e-05, 0.0001147652891096197, 7.25719130579006e-05, 3.059393425627697e-05, 9.673048158424218e-06, 2.4467035822565856e-06, 5.157249229494181e-07, 9.317686448937312e-08, 1.4730114308063415e-08], [1.4606755580994829e-05, 1.8473184780974133e-05, 1.1681531674153338e-05, 4.924549966962147e-06, 1.5570213556047588e-06, 3.9383342934051563e-07, 8.301361737256917e-08, 1.499820588941207e-08, 2.371031568594008e-09]]","{'1x2': {'home': 0.37205452830373736, 'draw': 0.266762340665174, 'away': 0.36118313103108857}}",1.2877193042805273,1.264701437532781,0.36461343773766264,0.26942996407182573,0.36479496234139946
sample_run,0,10019,2024-09-08T00:00:00+00:00,2024-2025,ENG Premier League,Wolves,West Ham,2,3,3.365201272413584,0.3611567555663498,0.23819012311522922,0.400653121318421,0.0,0.0,1.0,2.943718011223579,4.015690077669643,2.4314906431536008,0.3397064515647483,0.24902320165611805,0.4112703467791336,1x2,away,0.06886237617875984,0.02,2.4314906431536008,1.4314906431536008,"{'dixon_coles': 0.22, 'bivariate_poisson': 0.18, 'zero_inflated_poisson': 0.12, 'negative_binomial': 0.18, 'weibull_copula': 0.3}",0.9,0.1,"[[0.04497126520990324, 0.0717970405417613, 0.05731231939434249, 0.030499882535302694, 0.012173336088528941, 0.0038869687147878172, 0.001034263579560589, 0.0002358873376651391, 4.707453933801768e-05], [0.0676950399660435, 0.1080757569579758, 0.08627197242145397, 0.045911333771687546, 0.01832446717224168, 0.005851036239833826, 0.0015568722389059937, 0.00035508013119472443, 7.086108889745977e-05], [0.0509505171203753, 0.08134297147836812, 0.06493240287726713, 0.034555060437618475, 0.01379186833849834, 0.004403769053968005, 0.0011717763325408523, 0.0002672502492445059, 5.333343661292581e-05], [0.025565193512314573, 0.040815067721452956, 0.03258081641948757, 0.017338524844219178, 0.00692027879004729, 0.0022096578094044916, 0.0005879565191415372, 0.00013409685954723766, 2.6760859452414684e-05], [0.00962079223520858, 0.015359683720951261, 0.012260938509007334, 0.006524900549291112, 0.0026042660078710207, 0.0008315469501510554, 0.00022126206520879326, 5.046384743680814e-05, 1.0070749853830848e-05], [0.0028964269153985275, 0.004624172339837181, 0.003691266939075024, 0.00196438059457332, 0.0007840379436165595, 0.0002503447646463865, 6.661295508306119e-05, 1.5192599777347465e-05, 3.0318907447281616e-06], [0.0007266630327960675, 0.0011601242478356932, 0.0009260745418943352, 0.0004928288550384449, 0.0001967014554749124, 6.280713832461075e-05, 1.6712029468730873e-05, 3.8115585004309203e-06, 7.606485466481567e-07], [0.0001562632202629043, 0.00024947567536817483, 0.00019914511071669565, 0.00010597900326711684, 4.2299114549200226e-05, 1.3506185463071024e-05, 3.5937916531462406e-06, 8.196459412638576e-07, 1.635715400715816e-07], [2.940278890182998e-05, 4.6941824228700153e-05, 3.7471528113801416e-05, 1.994121365121463e-05, 7.95908297379244e-06, 2.5413499054448657e-06, 6.762147686246177e-07, 1.5422616111888787e-07, 3.0777936452226476e-08]]","{'1x2': {'home': 0.3611567555663498, 'draw': 0.23819012311522922, 'away': 0.400653121318421}}",1.5052954292052294,1.596509242216087,0.3539336204550228,0.2405720243463815,0.40465965253160524
sample_run,0,10020,2024-09-10T00:00:00+00:00,2024-2025,ENG Premier League,Arsenal,Liverpool,0,3,3.4522651132902786,0.3342859412160373,0.26567286691273134,0.4000411918712314,0.0,0.0,1.0,3.0674602972039744,3.9941605113925633,2.3605398436418854,0.3260025894749189,0.25036550162360655,0.4236319089014745,1x2,away,,,2.3605398436418854,,"{'dixon_coles': 0.22, 'bivariate_poisson': 0.18, 'zero_inflated_poisson': 0.12, 'negative_binomial': 0.18, 'weibull_copula': 0.3}",0.9,0.1,"[[0.0774736722003989, 0.10448483992298735, 0.07045672073922996, 0.03167381029301961, 0.01067921819188075, 0.0028805047484907263, 0.0006474652807751055, 0.00012474340230886967, 2.102939303686439e-05], [0.09367998818489753, 0.12634148209946308, 0.08519519701253689, 0.03829949052041302, 0.012913148500971413, 0.0034830626087679257, 0.0007829051874067608, 0.0001508378281619477, 2.54284227825576e-05], [0.056638209710920075, 0.07638510099098675, 0.051508369378051644, 0.02315558122867328, 0.007807191557099065, 0.002105833212556547, 0.0004733385330983622, 9.119540586314245e-05, 1.5373831381509697e-05], [0.02282868775863285, 0.0307879014685499, 0.02076104607630553, 0.009333125754452016, 0.0031467791661939854, 0.0008487805163082935, 0.00019078458926198068, 3.675736673347006e-05, 6.196601164720231e-06], [0.006901025660606385, 0.00930706575503173, 0.00627598542800325, 0.0028213684906519968, 0.0009512593979894519, 0.0002565831284389627, 5.767345718972794e-05, 1.1111612446846468e-05, 1.8732090122046804e-06], [0.0016689230908715138, 0.0022507925213927004, 0.0015177652589466555, 0.0006823111887244721, 0.0002300496843209293, 6.205128466979347e-05, 1.3947573761936871e-05, 2.6871986138547285e-06, 4.5301117953274084e-07], [0.00033633941052459257, 0.00045360402405545254, 0.0003058764512882664, 0.000137506721708838, 4.6362097594002826e-05, 1.2505245222075228e-05, 2.8108657391086925e-06, 5.415532942709963e-07, 9.129570674555588e-08], [5.8099501250212195e-05, 7.835587129562409e-05, 5.283730870644938e-05, 2.375300574314073e-05, 8.008620645805273e-06, 2.1601646660466093e-06, 4.855508822733789e-07, 9.3548288761283e-08, 1.5770483214944546e-08], [8.781629352403885e-06, 1.1843341242112995e-05, 7.986258936033235e-06, 3.590221739485601e-06, 1.2104878118074117e-06, 3.2650478970008986e-07, 7.339009437438046e-08, 1.41396463097906e-08, 2.3836786086256464e-09]]","{'1x2': {'home': 0.3342859412160373, 'draw': 0.26567286691273134, 'away': 0.4000411918712314}}",1.2091848175542557,1.3486496374241752,0.32760022239171654,0.26832959558185865,0.4040416037899437
sample_run,0,10021,2024-09-12T00:00:00+00:00,2024-2025,ENG Premier League,Liverpool,Tottenham,3,1,2.913162507530818,0.5910169515062483,0.23647234486628663,0.172510703627465,1.0,0.0,0.0,1.8265676677531484,4.578602396651392,4.271353734513315,0.5474749266913801,0.21840725910844766,0.23411781420017222,1x2,home,0.07630527420168641,0.02,1.8265676677531484,0.8265676677531484,"{'dixon_coles': 0.22, 'bivariate_poisson': 0.18, 'zero_inflated_poisson': 0.12, 'negative_binomial': 0.18, 'weibull_copula': 0.3}",0.9,0.1,"[[0.0810174751292217, 0.06484614049537826, 0.025951326738085756, 0.006923787643819083, 0.0013854446389348048, 0.00022178113440746036, 2.958549082172708e-05, 3.3828766860667163e-06, 3.384555253563129e-07], [0.13876425541524265, 0.11106648766875517, 0.04444863933496347, 0.011858851877516443, 0.0023729472368052896, 0.00037985994912965315, 5.0673124513240966e-05, 5.794087803340077e-06, 5.796962802449004e-07], [0.11883558794096231, 0.09511564288049605, 0.038065135526003435, 0.010155739537911657, 0.002032155753618256, 0.00032530625595882264, 4.339568951901078e-05, 4.96196825782732e-06, 4.964430363132585e-07], [0.06784598775823243, 0.054303722094533734, 0.021732266938383055, 0.005798146769865441, 0.001160204756602892, 0.00018572487115916378, 2.4775603595528593e-05, 2.8329025295397054e-06, 2.834308202447079e-07], [0.029051133595457787, 0.023252438905018203, 0.009305590662323417, 0.002482722147368164, 0.0004967908124834753, 7.95259708395853e-05, 1.0608724166956651e-05, 1.2130272189689232e-06, 1.2136291173681204e-07], [0.009951578757330175, 0.00796521334711278, 0.003187666259400866, 0.0008504661238405227, 0.00017017762422600724, 2.724193049000382e-05, 3.634059707699934e-06, 4.155271898319949e-07, 4.157333724686842e-08], [0.0028407933273336293, 0.002273762332494196, 0.0009099562250665394, 0.00024277539761717378, 4.857917232546016e-05, 7.776524333155292e-06, 1.037384401059155e-06, 1.1861704529353616e-07, 1.1867590251336042e-08], [0.0006950891418836256, 0.0005563472334765477, 0.00022264931614255436, 5.9402611649530556e-05, 1.1886417389192639e-05, 1.9027704597727766e-06, 2.5382861406974225e-07, 2.9023378586728194e-08, 2.903777985063841e-09], [0.00014881592993804625, 0.00011911181736188501, 4.766836803411275e-05, 1.2717872227751682e-05, 2.5448365552236183e-06, 4.0737588658396526e-07, 5.434373661097755e-08, 6.2137944819904286e-09, 6.216877737578733e-10]]","{'1x2': {'home': 0.5910169515062483, 'draw': 0.23647234486628663, 'away': 0.172510703627465}}",1.7127694388638464,0.8003969562362887,0.5791966124761233,0.2388370683149495,0.17423581066373967
sample_run,0,10022,2024-09-14T00:00:00+00:00,2024-2025,ENG Premier League,Man City,Aston Villa,1,1,2.2603734719861435,0.5994302476445361,0.2196160608095255,0.18095369154593843,0.0,1.0,0.0,1.7848887547414272,5.3410491056136555,3.960210035129456,0.5602590062509906,0.1872291342442368,0.2525118595047727,1x2,home,0.07301022714758564,0.02,1.7848887547414272,-1.0,"{'dixon_coles': 0.22, 'bivariate_poisson': 0.18, 'zero_inflated_poisson': 0.12, 'negative_binomial': 0.18, 'weibull_copula': 0.3}",0.9,0.1,"[[0.058567933295379515, 0.05488109042637656, 0.02571316688944644, 0.008031508926515536, 0.0018814816523973332, 0.0003526085312931215, 5.506864593580224e-05, 7.3717260994746485e-06, 8.634596269245194e-07], [0.1113190372253611, 0.10431152004853464, 0.048872562528581236, 0.015265347278988522, 0.0035760989728926616, 0.0006701968127001594, 0.00010466800349537716, 1.4011309703279617e-05, 1.6411624748211824e-06], [0.10579106476477754, 0.099131532649052, 0.046445608554938754, 0.014507288087471659, 0.0033985141039321884, 0.0006369156272343071, 9.947031354720278e-05, 1.3315524542834561e-05, 1.5596642765769043e-06], [0.06702506994323644, 0.06280585155425258, 0.029426116174108227, 0.00919124881587549, 0.0021531652604650808, 0.0004035247641966534, 6.302048984572337e-05, 8.436194170072399e-06, 9.88142122002151e-07], [0.031848341900738486, 0.029843493417625464, 0.013982424927233072, 0.0043674111049890755, 0.0010231208030392284, 0.00019174309950640723, 2.994548322080719e-05, 4.008631344913578e-06, 4.6953607321407175e-07], [0.012106716280166331, 0.01134460025398764, 0.005315229660317449, 0.0016602122425005876, 0.00038892553092205603, 7.288854508152421e-05, 1.1383370297792103e-05, 1.523826970832819e-06, 1.7848778562548533e-07], [0.0038351703296743644, 0.003593746916113566, 0.0016837605356334133, 0.0005259226850662529, 0.00012320398216390894, 2.3089661886910384e-05, 3.606028505789756e-06, 4.827185052374333e-07, 5.654143070665363e-08], [0.0010413486519552054, 0.0009757959060141125, 0.0004571848479402753, 0.00014280170945442882, 3.3453090661762934e-05, 6.2694446955833555e-06, 9.79130677550649e-07, 1.310706491478083e-07, 1.535247135972491e-08], [0.00024740912567066433, 0.00023183475725126326, 0.00010862039652752605, 3.3927586129833724e-05, 7.947962381348778e-06, 1.4895278614540186e-06, 2.3262704992732024e-07, 3.11404587175099e-08, 3.647521422207443e-09]]","{'1x2': {'home': 0.5994302476445361, 'draw': 0.2196160608095255, 'away': 0.18095369154593843}}",1.9006823523025553,0.9370501456759817,0.5874416426916453,0.22181222141762075,0.1827632284613978
sample_run,0,10023,2024-09-16T00:00:00+00:00,2024-2025,ENG Premier League,Chelsea,Arsenal,2,1,2.309973122547882,0.5908013238248576,0.22077610861270316,0.18842256756243916,1.0,0.0,0.0,1.777652892654698,4.707138529088082,4.444104878155316,0.5625395172094747,0.21244329093363878,0.2250171918568865,1x2,home,,,1.777652892654698,,"{'dixon_coles': 0.22, 'bivariate_poisson': 0.18, 'zero_inflated_poisson': 0.12, 'negative_binomial': 0.18, 'weibull_copula': 0.3}",0.9,0.1,"[[0.05699150331681339, 0.05520198791132677, 0.02673433136535001, 0.008631627236570162, 0.002090149209257896, 0.000404903835369735, 6.536499689868659e-05, 9.044650915686108e-06, 1.0950814627015173e-06], [0.10807953354833587, 0.10468586994856388, 0.05069938316298539, 0.016369146121758712, 0.003963790011420382, 0.0007678656485936689, 0.0001239591511725274, 1.715241036266003e-05, 2.076728754254365e-06], [0.10248181651825042, 0.09926391948503498, 0.04807353170685055, 0.015521345941600206, 0.0037584951316022024, 0.0007280959116524182, 0.00011753898790227169, 1.6264042912858477e-05, 1.9691696305895793e-06], [0.06478267976723119, 0.06274852385441522, 0.030389119900993564, 0.009811637008913021, 0.0023758886677610947, 0.00046025730111847656, 7.430089426724111e-05, 1.0281124198814157e-05, 1.2447875137256544e-06], [0.030713709078402027, 0.029749308205347328, 0.01440759460926026, 0.004651733546025198, 0.0011264176413584824, 0.0002182096958408603, 3.522632992319465e-05, 4.874319166417422e-06, 5.901583833575207e-07], [0.011649186835026575, 0.0112834060064917, 0.005464555290869045, 0.001764323320445658, 0.0004272310297971221, 8.27632217774707e-05, 1.3360747076820714e-05, 1.848746255888603e-06, 2.2383702510301573e-07], [0.0036819484954571323, 0.003566336462586173, 0.0017271773057206442, 0.0005576481592416664, 0.0001350345452992751, 2.615890054973508e-05, 4.222919873666109e-06, 5.84331644066684e-07, 7.074797661649566e-08], [0.0009975002607615633, 0.0009661790640967418, 0.00046792067161273394, 0.00015107603621916123, 3.65830739658738e-05, 7.086875373675453e-06, 1.1440582833666564e-06, 1.583050300803797e-07, 1.9166787696889178e-08], [0.00023645928915523026, 0.0002290345413228834, 0.00011092146412684773, 3.581285493148536e-05, 8.672085617781581e-06, 1.6799569675416537e-06, 2.712011405696233e-07, 3.7526501350410806e-08, 4.543522615959467e-09]]","{'1x2': {'home': 0.5908013238248576, 'draw': 0.22077610861270316, 'away': 0.18842256756243916}}",1.8964148558694136,0.9686003123037696,0.5789852973483605,0.2229838696988302,0.19030679323806357
sample_run,0,10024,2024-09-18T00:00:00+00:00,2024-2025,ENG Premier League,Tottenham,Chelsea,1,1,2.2318844222794163,0.5200087113102173,0.23065109045994187,0.24934019822984083,0.0,1.0,0.0,1.9730818906393852,4.602698688528807,3.624306923861943,0.506821336075385,0.21726384186135747,0.27591482206325746,1x2,home,,,1.9730818906393852,,"{'dixon_coles': 0.22, 'bivariate_poisson': 0.18, 'zero_inflated_poisson': 0.12, 'negative_binomial': 0.18, 'weibull_copula': 0.3}",0.9,0.1,"[[0.050020067426735315, 0.05929584510835041, 0.03514586672902216, 0.013887785289475915, 0.0041157879616463885, 0.0009758048640380489, 0.00019279320297706744, 3.264928454797589e-05, 4.837975584226419e-06], [0.09053675421878075, 0.10732599196578091, 0.06361432244193166, 0.025137011365251254, 0.007449611771235396, 0.0017662152349215603, 0.0003489573631333567, 5.909548712361777e-05, 8.756777607849731e-06], [0.08193615368949637, 0.0971304863805433, 0.05757123662573338, 0.022749103878197115, 0.006741930835514825, 0.0015984324177069202, 0.0003158079211419864, 5.3481671141154904e-05, 7.924921564646505e-06], [0.049435048703760795, 0.058602339854008416, 0.03473481190384103, 0.013725358191053994, 0.00406765102098986, 0.0009643921622005712, 0.0001905383552888069, 3.2267428950114796e-05, 4.781392167936315e-06], [0.022369466318899987, 0.026517685365873702, 0.01571757741420385, 0.006210754228431921, 0.001840620873185255, 0.0004363895364973239, 8.621901733389639e-05, 1.4601081298058466e-05, 2.163590283870131e-06], [0.008097785462148569, 0.009599447925325445, 0.005689790184104557, 0.0022483037629503415, 0.0006663079367080632, 0.00015797376629839757, 3.1211433262369154e-05, 5.285616660741214e-06, 7.832234214710134e-07], [0.002442843608640358, 0.002895847280774377, 0.0017164282322264192, 0.0006782415394033, 0.0002010038537303711, 4.7655646983822985e-05, 9.415493978924672e-06, 1.5945019706645538e-06, 2.3627352665999732e-07], [0.0006316525768506703, 0.0007487869426423182, 0.00044382141862470544, 0.00017537472090966427, 5.197410170533606e-05, 1.2322447541196376e-05, 2.434589350326814e-06, 4.122946204993902e-07, 6.109387495315292e-08], [0.0001429120777019941, 0.00016941385446834977, 0.00010041507529430709, 3.967872001182808e-05, 1.1759196643252715e-05, 2.7879670645316294e-06, 5.508284698862363e-07, 9.328210316927561e-08, 1.3822555189994924e-08]]","{'1x2': {'home': 0.5200087113102173, 'draw': 0.23065109045994187, 'away': 0.24934019822984083}}",1.810008640060121,1.185441127107663,0.509608537084013,0.23295760136454127,0.25183360021213924
sample_run,1,10025,2024-09-20T00:00:00+00:00,2024-2025,ENG Premier League,Newcastle,Brighton,0,3,4.96441631524663,0.5492184039695429,0.2670900067815812,0.18369158924887588,0.0,0.0,1.0,1.8336163083185204,3.6920318294101464,5.441405068459168,0.5453703675427217,0.27085356958034784,0.18377606287693043,1x2,home,0.06653324234889435,0.02,1.8336163083185204,-1.0,"{'dixon_coles': 0.22, 'bivariate_poisson': 0.18, 'zero_inflated_poisson': 0.12, 'negative_binomial': 0.18, 'weibull_copula': 0.3}",0.9,0.1,"[[0.1134002833739425, 0.08136799965693896, 0.029191952485424534, 0.006982024821421813, 0.0012524514409739391, 0.000179734063068342, 2.1494069131291052e-05, 2.2032313420668312e-06, 1.9761031647325328e-07], [0.16548785102609884, 0.11874234353644746, 0.04260054155366383, 0.010189042294522856, 0.0018277335057254734, 0.0002622903838369408, 3.1366829116417386e-05, 3.2152302380909954e-06, 2.8837764457703624e-07], [0.12075026632397806, 0.08664182607397612, 0.031084014362718054, 0.007434561286652264, 0.001333628458023803, 0.0001913834369480944, 2.288719652869733e-05, 2.3460326853913067e-06, 2.1041833082397656e-07], [0.058737954586616535, 0.0421461898194104, 0.015120558153539305, 0.0036164800005917823, 0.0006487323811994461, 9.30968681917969e-05, 1.1133284846847883e-05, 1.1412079287966643e-06, 1.0235623271396533e-07], [0.021429439127048394, 0.015376245487749234, 0.005516451548214023, 0.0013194047796231526, 0.0002366778205080068, 3.39646432000464e-05, 4.061769797547182e-06, 4.1634827112323855e-07, 3.734274837547194e-08], [0.006254502589090922, 0.004487787414474966, 0.0016100589607755866, 0.00038508803526247833, 6.907796477413527e-05, 9.913089538778755e-06, 1.1854883165366937e-06, 1.215174752948607e-07, 1.089904010149097e-08], [0.001521225170858882, 0.0010915232792885134, 0.0003915998407244581, 9.36614229338772e-05, 1.6801198379772574e-05, 2.411069643439057e-06, 2.8833542574915773e-07, 2.9555578478804784e-08, 2.6508733355562103e-09], [0.0003171373839417369, 0.00022755529157437085, 8.163876815766693e-05, 1.9526063080286683e-05, 3.5026294616456273e-06, 5.026476907359375e-07, 6.011072152335398e-08, 6.161598571472995e-09, 5.526407601608049e-10], [5.785080798199359e-05, 4.1509636342885305e-05, 1.4892185342120834e-05, 3.5618586237360277e-06, 6.389342747903888e-07, 9.169078295953721e-08, 1.0965133675774732e-08, 1.1239717354983804e-09, 1.0081029899949989e-10]]","{'1x2': {'home': 0.5492184039695429, 'draw': 0.2670900067815812, 'away': 0.18369158924887588}}",1.4593248456037384,0.717529068147249,0.5382340358901521,0.269760906849397,0.18552850514136465
sample_run,1,10026,2024-09-22T00:00:00+00:00,2024-2025,ENG Premier League,Brighton,Wolves,1,1,2.1141565580890624,0.5364154991676148,0.2688228139327164,0.19476168689966888,0.0,1.0,0.0,1.888269947967834,3.6192693609950517,5.151563022428512,0.5295852963588206,0.2762988604211178,0.19411584322006167,1x2,home,,,1.888269947967834,,"{'dixon_coles': 0.22, 'bivariate_poisson': 0.18, 'zero_inflated_poisson': 0.12, 'negative_binomial': 0.18, 'weibull_copula': 0.3}",0.9,0.1,"[[0.11101133984068944, 0.08349525319719589, 0.03139975301833343, 0.00787225981405013, 0.0014802459085520032, 0.0002226682555242191, 2.7912677510623836e-05, 2.999148014332569e-06, 2.8196964291207904e-07], [0.16052365187353712, 0.12073507964640265, 0.04540439769183402, 0.011383376650188275, 0.0021404523110217935, 0.0003219808137110362, 4.036204710260943e-05, 4.3368019200635706e-06, 4.077312899986619e-07], [0.11605950728905509, 0.08729214475699526, 0.032827636073355995, 0.008230245635997656, 0.0015475591147690651, 0.00023279394755653632, 2.918198810725364e-05, 3.135532291835315e-06, 2.947920264164921e-07], [0.055941119683264054, 0.04207514258265674, 0.015823044241645046, 0.0039670093980264986, 0.0007459293226241929, 0.00011220755960444954, 1.406582818965158e-05, 1.5113383755062693e-06, 1.4209086714770237e-07], [0.020222872803668128, 0.015210282909296616, 0.005720075194728932, 0.001434085104507601, 0.0002696555574390535, 4.0563349792400724e-05, 5.0848366276564344e-06, 5.463530923981388e-07, 5.1366249892037e-08], [0.005848500519816233, 0.004398848193587891, 0.0016542586740540676, 0.0004147406533483265, 7.798499665030687e-05, 1.1731012435746147e-05, 1.4705462447766142e-06, 1.580065491147298e-07, 1.4855235559811169e-08], [0.0014094996402656869, 0.0010601306993882793, 0.0003986794560563473, 9.995327857411051e-05, 1.879453106865452e-05, 2.827196091051392e-06, 3.54404414598876e-07, 3.80798759241338e-08, 3.580139748072347e-09], [0.00029116462966059407, 0.00021899442444769338, 8.235642838053684e-05, 2.064765290320136e-05, 3.882443472789968e-06, 5.84022499412409e-07, 7.321039834200338e-08, 7.866275843023149e-09, 7.39560361777862e-10], [5.2628418092915864e-05, 3.958355155736318e-05, 1.4886040761553297e-05, 3.7320924278947734e-06, 7.017571418145231e-07, 1.0556289172408971e-07, 1.323288291295267e-08, 1.4218404700578075e-09, 1.3367658005013882e-10]]","{'1x2': {'home': 0.5364154991676148, 'draw': 0.2688228139327164, 'away': 0.19476168689966888}}",1.446011300322129,0.7521326498447688,0.5256871891842625,0.2715110420720436,0.19670930376866558
sample_run,1,10027,2024-09-24T00:00:00+00:00,2024-2025,ENG Premier League,Aston Villa,Man City,2,0,2.11823925236707,0.570791670794833,0.25066453265171856,0.17854379655344846,1.0,0.0,0.0,1.8085326923521534,4.013283617553457,5.0532347042217545,0.552934433659263,0.24917252187863348,0.19789304446210348,1x2,home,,,1.8085326923521534,,"{'dixon_coles': 0.22, 'bivariate_poisson': 0.18, 'zero_inflated_poisson': 0.12, 'negative_binomial': 0.18, 'weibull_copula': 0.3}",0.9,0.1,"[[0.09526998254392748, 0.07262347566442297, 0.027680120625345982, 0.007033438070577382, 0.0013403821038811576, 0.00020435231434488382, 2.5962664089834274e-05, 2.827301727701354e-06, 2.694034268913436e-07], [0.1513642214180642, 0.11538362406596016, 0.043977964468312494, 0.011174672745995748, 0.0021295888604065897, 0.00032467339795649446, 4.1249282627762866e-05, 4.49199541450678e-06, 4.2802610927281827e-07], [0.12024316008944791, 0.09166031080716248, 0.0349359272120582, 0.008877117401692652, 0.001691737267021113, 0.00025791930881367906, 3.276827276695549e-05, 3.5684240217889695e-06, 3.4002230842653276e-07], [0.06368047179111903, 0.04854306750070971, 0.01850197820540559, 0.00470129880040095, 0.0008959397543309978, 0.00013659341002911446, 1.735399392387496e-05, 1.8898282870247491e-06, 1.8007494982666512e-07], [0.02529376193533301, 0.01928121382330883, 0.007348950453685467, 0.0018673469165596246, 0.00035586556156151834, 5.425464193394345e-05, 6.892973286654027e-06, 7.506361910674248e-07, 7.152542660759494e-08], [0.008037307197595541, 0.006126769083881567, 0.002335191282624902, 0.0005933653068785758, 0.00011307929783743786, 1.7239872235435095e-05, 2.1903006737905717e-06, 2.385210107008341e-07, 2.2727810420373746e-08], [0.0021282687260227627, 0.0016223606628709144, 0.0006183556823084196, 0.00015712237876317167, 2.9943254280492076e-05, 4.565096246449462e-06, 5.799888333258703e-07, 6.316006034033286e-08, 6.018295299590695e-09], [0.000483053873514995, 0.00036822774908818926, 0.00014034839862881818, 3.5662119519689113e-05, 6.796230564768187e-06, 1.0361414410938402e-06, 1.3164026192174946e-07, 1.4335460285531764e-08, 1.3659745223326084e-09], [9.593403860689298e-05, 7.312967980176867e-05, 2.7873058121859138e-05, 7.082462926775984e-06, 1.34972490881305e-06, 2.0577670206594991e-07, 2.6143630476509555e-08, 2.847008741432014e-09, 2.7128123744860267e-10]]","{'1x2': {'home': 0.570791670794833, 'draw': 0.25066453265171856, 'away': 0.17854379655344846}}",1.588792370653291,0.7622912666215452,0.5593758373789363,0.25317117797823574,0.18032923451898294
sample_run,1,10028,2024-09-26T00:00:00+00:00,2024-2025,ENG Premier League,West Ham,Newcastle,3,0,3.1940591829150966,0.4628094343999524,0.24877986228717122,0.2884107033128764,1.0,0.0,0.0,2.4098341156599075,3.946506836991517,3.0152720100673958,0.4149663221636982,0.2533886399554081,0.3316450378808937,1x2,home,0.033851035216070954,0.02,2.4098341156599075,1.4098341156599075,"{'dixon_coles': 0.22, 'bivariate_poisson': 0.18, 'zero_inflated_poisson': 0.12, 'negative_binomial': 0.18, 'weibull_copula': 0.3}",0.9,0.1,"[[0.06234928010826566, 0.07449636850559851, 0.0445049959749752, 0.017725201075483362, 0.005294620518721858, 0.0012652271223504215, 0.0002519537937092118, 4.3005749522122264e-05, 6.423033591358905e-06], [0.09852594742799912, 0.11772109115316644, 0.07032794742937878, 0.028009821866127174, 0.008366696487480998, 0.001999344671257084, 0.00039814391104714327, 6.795879935038084e-05, 1.0149844053557962e-05], [0.07784662709600348, 0.09301295875416166, 0.055567022098042367, 0.022130923018338217, 0.0066106352538487095, 0.0015797081187518876, 0.0003145786605754924, 5.3695127517421915e-05, 8.019523239777295e-06], [0.04100508551924237, 0.0489938288965119, 0.029269482547649564, 0.01165728593311548, 0.0034820990199908235, 0.0008320985625360271, 0.00016570178260284592, 2.828347711331407e-05, 4.2242194496760906e-06], [0.016199324567718183, 0.019355329370972875, 0.011563098618488109, 0.004605286296028248, 0.0013756257665965472, 0.0003287259254837399, 6.54615622389897e-05, 1.1173570786657613e-05, 1.6688052480334205e-06], [0.005119718456914492, 0.0061171585646047225, 0.0036544615899707753, 0.001455478538663068, 0.00043475989369867485, 0.00010389224445315649, 2.0688811253358347e-05, 3.5313531960517696e-06, 5.274178558270557e-07], [0.0013483852865026702, 0.0016110820688932587, 0.0009624791440143927, 0.0003833308145496069, 0.0001145031408969427, 2.7362202625259426e-05, 5.448832572342596e-06, 9.300559652004928e-07, 1.3890655953464005e-07], [0.0003043933366075809, 0.0003636962308977943, 0.00021727635342390632, 8.653561176709384e-05, 2.5848689880078517e-05, 6.176923048187632e-06, 1.2300551955838525e-06, 2.0995693242355885e-07, 3.135767762869677e-08], [6.012627938116302e-05, 7.184027558733404e-05, 4.2918215209579424e-05, 1.709322690015337e-05, 5.105846161705812e-06, 1.2201167247956933e-06, 2.4297063519255726e-07, 4.1472422877592206e-08, 6.194026803806556e-09]]","{'1x2': {'home': 0.4628094343999524, 'draw': 0.24877986228717122, 'away': 0.2884107033128764}}",1.580225902478985,1.1948232341454494,0.4535532457119534,0.25126766091004293,0.29129481034600513
sample_run,1,10029,2024-09-28T00:00:00+00:00,2024-2025,ENG Premier League,Wolves,West Ham,0,2,2.90783011037811,0.41074990763405594,0.26527788103113115,0.3239722113348129,0.0,0.0,1.0,2.493333286071712,4.325907484791784,2.719126929888241,0.40106952631892895,0.23116536900421766,0.3677651046768534,1x2,home,,,2.493333286071712,,"{'dixon_coles': 0.22, 'bivariate_poisson': 0.18, 'zero_inflated_poisson': 0.12, 'negative_binomial': 0.18, 'weibull_copula': 0.3}",0.9,0.1,"[[0.0777087888924721, 0.0921133935468794, 0.054594064530223564, 0.02157132469856904, 0.006392481306188835, 0.0015154866127506563, 0.00029940117191568533, 5.0700016176011925e-05, 7.512262463188624e-06], [0.10641741229856908, 0.12614363341658277, 0.07476321735250074, 0.02954060392641516, 0.008754110422604884, 0.0020753658112624587, 0.0004100115110340212, 6.94305573647854e-05, 1.0287581922636963e-05], [0.07286605416019228, 0.0863729781241801, 0.051191816518834844, 0.020227021115565118, 0.005994108204662747, 0.0014210429885419711, 0.00028074278751945357, 4.754044139995328e-05, 7.044105709403343e-06], [0.03326186153308339, 0.03942749572044258, 0.023368015906736483, 0.009233220919216923, 0.002736187644791293, 0.000648677023371253, 0.0001281533332977622, 2.170123793983053e-05, 3.2154900032802576e-06], [0.011387518976399036, 0.013498383283865798, 0.008000265538778709, 0.0031610821999931648, 0.0009367602200213068, 0.00022208083290368454, 4.387452919210609e-05, 7.429628032254705e-06, 1.10085400344642e-06], [0.0031189015277180037, 0.0036970413250705402, 0.0021911744307746444, 0.0008657815739525135, 0.0002565671141699205, 6.082521139641763e-05, 1.2016694453706152e-05, 2.034883829234527e-06, 3.0151038520853027e-07], [0.0007118573384130996, 0.0008438118274267957, 0.0005001131277880816, 0.00019760577927956452, 5.855881674820316e-05, 1.3882731695203062e-05, 2.7426874668266682e-06, 4.6444139828890344e-07, 6.881665817628172e-08], [0.00013926355593443668, 0.00016507835107657063, 9.783917196179028e-05, 3.8658424954942026e-05, 1.1456100276844105e-05, 2.715935451712288e-06, 5.365631410059864e-07, 9.086056595702357e-08, 1.3462883653792029e-08], [2.3839110513205175e-05, 2.8258082513021158e-05, 1.674809189861319e-05, 6.617542246308717e-06, 1.961053189526628e-06, 4.649133432337625e-07, 9.184878218804145e-08, 1.5553495375068488e-08, 2.3045740078636736e-09]]","{'1x2': {'home': 0.41074990763405594, 'draw': 0.26527788103113115, 'away': 0.3239722113348129}}",1.3694385643536657,1.1853664799015124,0.4025349094813748,0.2679306598414425,0.327211933448161
sample_run,1,10030,2024-09-30T00:00:00+00:00,2024-2025,ENG Premier League,Arsenal,Liverpool,1,1,2.3388888960938137,0.5390777836903888,0.21662539916364879,0.24429681714596233,0.0,1.0,0.0,2.003273422149454,4.915473390357944,3.3627256509864125,0.4991829816855599,0.20343920525774226,0.29737781305669786,1x2,home,,,2.003273422149454,,"{'dixon_coles': 0.22, 'bivariate_poisson': 0.18, 'zero_inflated_poisson': 0.12, 'negative_binomial': 0.18, 'weibull_copula': 0.3}",0.9,0.1,"[[0.03759939789371401, 0.048311099830021645, 0.031037230614489666, 0.013293145020589953, 0.00427005811343087, 0.0010973112089778497, 0.00023498741261489457, 4.313329082604655e-05, 6.927693114212311e-06], [0.07505289077227001, 0.09643472772836702, 0.06195402080022377, 0.026534705796899993, 0.008523546203705334, 0.002190364285710296, 0.0004690629531275699, 8.609920228422185e-05, 1.3828503213656766e-05], [0.07490726885038797, 0.09624761954048139, 0.0618338140568936, 0.02648322163932845, 0.008507008330657909, 0.002186114415337218, 0.0004681528502918861, 8.593214767539694e-05, 1.3801672358855515e-05], [0.04984128631500538, 0.06404058292708659, 0.04114256036371932, 0.017621224916180872, 0.005660335030226654, 0.0014545818605375376, 0.0003114963421932704, 5.717694479700151e-05, 9.183262375211411e-06], [0.024872290696807426, 0.03195816385814175, 0.020531366604583257, 0.008793517602637125, 0.002824676261831032, 0.0007258797987061688, 0.00015544597956515207, 2.8533003405214762e-05, 4.58272224151139e-06], [0.009929612820931487, 0.012758462718512933, 0.00819661218796718, 0.003510582366241003, 0.00112767826519728, 0.00028978856204077386, 6.205774974520187e-05, 1.1391056814419954e-05, 1.8295322324260348e-06], [0.00330344893893853, 0.004244569339210608, 0.0027269028836806888, 0.0011679236443508428, 0.000375163426390329, 9.640876588582971e-05, 2.064578058034177e-05, 3.789651744291687e-06, 6.086608230304256e-07], [0.0009420112565433815, 0.0012103810806895893, 0.0007776034258162979, 0.00033304502055212036, 0.00010698157508577442, 2.749191659159986e-05, 5.887349272320201e-06, 1.0806568127700846e-06, 1.735656755438922e-07], [0.0002350458780731539, 0.00030200815747971464, 0.00019402366876628436, 8.309970687697374e-05, 2.6693500824983922e-05, 6.859643799690536e-06, 1.4689815749267734e-06, 2.6964001511544887e-07, 4.330722836717561e-08]]","{'1x2': {'home': 0.5390777836903888, 'draw': 0.21662539916364879, 'away': 0.24429681714596233}}",1.9961194853287156,1.284890251875508,0.528296228016581,0.2187916531552853,0.24673978531742194
sample_run,1,10031,2024-10-02T00:00:00+00:00,2024-2025,ENG Premier League,Liverpool,Tottenham,1,1,2.057843251395998,0.4549597675192156,0.27159214419806316,0.27344808828272116,0.0,1.0,0.0,2.3158946788883576,4.189522598165132,3.034802317257526,0.4317985654166301,0.2386906805176241,0.32951075406574576,1x2,home,,,2.3158946788883576,,"{'dixon_coles': 0.22, 'bivariate_poisson': 0.18, 'zero_inflated_poisson': 0.12, 'negative_binomial': 0.18, 'weibull_copula': 0.3}",0.9,0.1,"[[0.09217934808445735, 0.09257359970308787, 0.04648476876911514, 0.015561194800307097, 0.003906937530697016, 0.0007847295051389066, 0.00013134763298132635, 1.884420108383356e-05, 2.3655997304582854e-06], [0.12718518093645487, 0.12772915270987284, 0.06413772552689649, 0.021470680986495176, 0.005390627804113433, 0.0010827367102425314, 0.00018122793026263353, 2.600043474221994e-05, 3.26395484448318e-06], [0.0877423771483922, 0.08811765181600593, 0.04424726576779972, 0.014812170528664927, 0.003718880567473084, 0.0007469572483446411, 0.00012502533148788192, 1.7937152224627805e-05, 2.2517336913885568e-06], [0.04035441179004016, 0.04052700784867717, 0.02035017105084047, 0.006812402951052191, 0.0017103849097224628, 0.0003435400472257125, 5.750156167430338e-05, 8.249642313532067e-06, 1.035615760331222e-06], [0.013919829310351432, 0.013979364502894111, 0.007019577163904251, 0.002349866645693128, 0.0005899792598194585, 0.00011850052092277641, 1.9834558058965382e-05, 2.845627225922323e-06, 3.5722474880623405e-07], [0.0038411988069595093, 0.0038576276370455923, 0.0019370633666677109, 0.0006484493993929944, 0.0001628057053303151, 3.2700405259578366e-05, 5.473377514479265e-06, 7.852553117972365e-07, 9.857673167806062e-08], [0.0008833207137829148, 0.0008870986817162496, 0.0004454464040204246, 0.00014911719364437472, 3.743874219156518e-05, 7.5197735828063394e-06, 1.2586559498387726e-06, 1.8057703268621056e-07, 2.2668670215790067e-08], [0.0001741098151778523, 0.00017485448389031096, 8.780116877763538e-05, 2.939223163246539e-05, 7.379485595383256e-06, 1.4822095398110111e-06, 2.4809149313438364e-07, 3.559322598891061e-08, 4.468182303453682e-09], [3.0028673458829852e-05, 3.015710627336467e-05, 1.5143044197904606e-05, 5.069270362592776e-06, 1.2727379155020238e-06, 2.556362846234821e-07, 4.278827375490543e-08, 6.138754207943655e-09, 7.706262120138095e-10]]","{'1x2': {'home': 0.4549597675192156, 'draw': 0.27159214419806316, 'away': 0.27344808828272116}}",1.379757869625246,1.0042770059327097,0.44586057216883124,0.2743080656400438,0.2761825691655484
sample_run,1,10032,2024-10-04T00:00:00+00:00,2024-2025,ENG Premier League,Man City,Aston Villa,0,2,2.7430496586347686,0.3631000897598794,0.2684856699184291,0.3684142403216916,0.0,0.0,1.0,3.1340118174371208,3.65423591496597,2.45540290239598,0.3190798434250204,0.2736550193446699,0.4072651372303099,1x2,away,0.06877083202029972,0.02,2.45540290239598,1.45540290239598,"{'dixon_coles': 0.22, 'bivariate_poisson': 0.18, 'zero_inflated_poisson': 0.12, 'negative_binomial': 0.18, 'weibull_copula': 0.3}",0.9,0.1,"[[0.08007651889852074, 0.10153643832524079, 0.06437372933781389, 0.02720847213216969, 0.008625035748847702, 0.002187296407017137, 0.00046224596545288264, 8.373207028887935e-05, 1.327145633276364e-05], [0.10063972603299816, 0.12761043406954864, 0.08090454696825794, 0.03419545728040641, 0.010839897222416382, 0.002748982025981057, 0.0005809481726096389, 0.00010523400280084142, 1.6679492912033974e-05], [0.06324172551027335, 0.08019004385034897, 0.0508401935655305, 0.02148833078417428, 0.00681176143578586, 0.001727452702551737, 0.0003650662249997299, 6.612875632527082e-05, 1.0481347217176814e-05], [0.026493950273045457, 0.03359413452150916, 0.021298558022082484, 0.009002138424483424, 0.0028536613651100116, 0.0007236843338977056, 0.0001529377374426649, 2.77034183929004e-05, 4.390966402731943e-06], [0.008324362540004305, 0.010555230612749648, 0.006691977478930758, 0.002828459444831941, 0.0008966164548797852, 0.0002273806170012695, 4.805282562245825e-05, 8.704375750812397e-06, 1.379635571917967e-06], [0.0020924025593246965, 0.002653151090217693, 0.0016820880561805402, 0.000710958437102068, 0.00022537252022689154, 5.715414035223396e-05, 1.2078505090572737e-05, 2.1879222596081534e-06, 3.4678367115123896e-07], [0.0004382866605128936, 0.0005557442691825762, 0.0003523398275090669, 0.00014892143855028487, 4.720782280705032e-05, 1.1971834577353252e-05, 2.5300330648819557e-06, 4.5829476567595573e-07, 7.263929996259018e-08], [7.869089295494213e-05, 9.977947479713938e-05, 6.325982090769817e-05, 2.673766289383045e-05, 8.475790084047492e-06, 2.1494479254703792e-06, 4.5424736597757635e-07, 8.228318951212068e-08, 1.3041810058716034e-08], [1.2362284876409098e-05, 1.567528650319185e-05, 9.938074126816346e-06, 4.200468354224789e-06, 1.3315407620502525e-06, 3.3767678296504244e-07, 7.13619471288587e-08, 1.2926632181831252e-08, 2.0488593431285946e-09]]","{'1x2': {'home': 0.3631000897598794, 'draw': 0.2684856699184291, 'away': 0.3684142403216916}}",1.256794468807226,1.267992661543089,0.3558380879646818,0.27117052661761337,0.3720983827249085
sample_run,1,10033,2024-10-06T00:00:00+00:00,2024-2025,ENG Premier League,Chelsea,Arsenal,1,0,1.9424045080029122,0.4422357193942644,0.2879450912731341,0.26981918933260135,1.0,0.0,0.0,2.3477580821517305,3.9512657570558223,3.1154756104805523,0.4259382632317447,0.2530834576779069,0.3209782790903483,1x2,home,,,2.3477580821517305,,"{'dixon_coles': 0.22, 'bivariate_poisson': 0.18, 'zero_inflated_poisson': 0.12, 'negative_binomial': 0.18, 'weibull_copula': 0.3}",0.9,0.1,"[[0.11407689850180322, 0.10428957641734585, 0.04767098287273954, 0.01452700379156366, 0.0033201618643484655, 0.00060706116491141, 9.24963081621513e-05, 1.2080072959665595e-05, 1.3804566356112892e-06], [0.1433588275712476, 0.13105923810556966, 0.05990745105764721, 0.018255880542270488, 0.004172400533945441, 0.0007628851941864451, 0.00011623880441126496, 1.5180857116705504e-05, 1.7348003618020447e-06], [0.09007850718468575, 0.08235014697957646, 0.037642423922799956, 0.011470953651405939, 0.0026216984181710147, 0.0004793535257636039, 7.303783210068207e-05, 9.538784391754522e-06, 1.0900495595704947e-06], [0.03773346268748306, 0.034496088972607614, 0.015768234209801276, 0.0048051284942781615, 0.0010982171278334386, 0.0002007989357708792, 3.059520410007729e-05, 3.995751885544202e-06, 4.5661662997178695e-07], [0.011854777439876405, 0.01083768698100672, 0.004953929320646407, 0.0015096342824792493, 0.0003450284894061528, 6.308529682110106e-05, 9.612140246389975e-06, 1.2553512435477111e-06, 1.434559178545138e-07], [0.002979546283635847, 0.0027239136399851162, 0.0012451066054666097, 0.00037942721732422594, 8.67184861607415e-05, 1.585568034901342e-05, 2.4158881846723556e-06, 3.1551643641900523e-07, 3.605580527148574e-08], [0.0006240589571977056, 0.0005705173015776767, 0.0002607846483456181, 7.947013774420798e-05, 1.8162982847575766e-05, 3.320934935164376e-06, 5.060020948535635e-07, 6.608417508792939e-08, 7.551803562248991e-09], [0.00011203515424889878, 0.00010242300530536397, 4.681776932478194e-05, 1.4266999996817459e-05, 3.260737725944679e-06, 5.961960058748524e-07, 9.084081254397437e-08, 1.186386424550886e-08, 1.3557492720770448e-09], [1.7599124549779163e-05, 1.608919306816155e-05, 7.354403704922524e-06, 2.2411421805862096e-06, 5.122153822859411e-07, 9.365388778027705e-08, 1.426979580545595e-08, 1.8636438348138788e-09, 2.1296887086484173e-10]]","{'1x2': {'home': 0.4422357193942644, 'draw': 0.2879450912731341, 'away': 0.26981918933260135}}",1.2566858799109226,0.9142041709320956,0.4333910050063791,0.29082454218586545,0.2725173812259274
sample_run,1,10034,2024-10-08T00:00:00+00:00,2024-2025,ENG Premier League,Tottenham,Chelsea,0,2,3.4675550663446932,0.5446294163602967,0.21976993307843604,0.23560065056126714,0.0,0.0,1.0,1.9725571272404452,4.517682532800376,3.6806464349058348,0.506956166789944,0.22135242853820675,0.27169140467184916,1x2,home,0.06459975982133147,0.02,1.9725571272404452,-1.0,"{'dixon_coles': 0.22, 'bivariate_poisson': 0.18, 'zero_inflated_poisson': 0.12, 'negative_binomial': 0.18, 'weibull_copula': 0.3}",0.9,0.1,"[[0.042334690678996756, 0.05139172292357078, 0.031193202816566082, 0.012622212898660548, 0.0038306484443744156, 0.0009300345428935242, 0.00018816750034523724, 3.2631975222293396e-05, 4.951652540079073e-06], [0.08248539361541951, 0.1001322184226662, 0.06077719173525423, 0.024593263409863033, 0.007463679069545667, 0.0018120898987592903, 0.0003666277013642349, 6.358051228173693e-05, 9.647856220616025e-06], [0.08035774031610246, 0.09754937756373508, 0.059209486389485415, 0.023958897302829185, 0.0072711586644009455, 0.001765348301456255, 0.00035717079506558056, 6.194049723423382e-05, 9.398996486554056e-06], [0.05218997890153361, 0.0633554395243353, 0.038454812607749106, 0.015560596151906749, 0.004722402792712009, 0.0011465415807417622, 0.00023197188205379785, 4.022852348869977e-05, 6.104370610712026e-06], [0.02542188736605798, 0.03086061503595323, 0.018731448745006814, 0.007579610703978736, 0.002300295850281606, 0.0005584836694628871, 0.0001129941644312649, 1.9595428366852465e-05, 2.973456310434254e-06], [0.00990645899239553, 0.012025834782902731, 0.007299313626427366, 0.0029536399692156635, 0.0008963845281455159, 0.0002176311888173776, 4.4031823451977537e-05, 7.635991174039619e-06, 1.1587032300491337e-06], [0.003216976259961034, 0.0039052122491506614, 0.002370344304483785, 0.0009591509608764002, 0.0002910876377779452, 7.067251460789653e-05, 1.4298684407470033e-05, 2.4796753660429073e-06, 3.762717623188648e-07], [0.0008954275991708622, 0.0010869942908910293, 0.0006597722638456622, 0.0002669743798949837, 8.102263852173414e-05, 1.9671304656591714e-05, 3.979959942395663e-06, 6.902039618302388e-07, 1.047331697663978e-07], [0.0002180826669189596, 0.00026473900748949904, 0.00016068847441362582, 6.502199041044266e-05, 1.9733178992910353e-05, 4.790974262192998e-06, 9.693249116645266e-07, 1.6810015779427443e-07, 2.550791264272148e-08]]","{'1x2': {'home': 0.5446294163602967, 'draw': 0.21976993307843604, 'away': 0.23560065056126714}}",1.9484113924645368,1.213938783992756,0.5337368280330907,0.2219676324092204,0.23795665706687982
sample_run,1,10035,2024-10-10T00:00:00+00:00,2024-2025,ENG Premier League,Newcastle,Brighton,1,2,3.009322747697667,0.5014489138955026,0.2805902194764113,0.21796086662808623,0.0,0.0,1.0,2.157549470768617,3.8767422502736713,3.589856485558766,0.46348879297945117,0.2579485391192584,0.2785626679012904,1x2,home,0.037361973442934,0.02,2.157549470768617,-1.0,"{'dixon_coles': 0.22, 'bivariate_poisson': 0.18, 'zero_inflated_poisson': 0.12, 'negative_binomial': 0.18, 'weibull_copula': 0.3}",0.9,0.1,"[[0.11770743880546337, 0.09266373725960703, 0.03647419521678922, 0.009571287582795482, 0.0018837196841783922, 0.0002965870426829042, 3.8914085176884724e-05, 4.376376598409716e-06, 4.306560989046301e-07], [0.15917905724071946, 0.12531176013237108, 0.04932507297026486, 0.01294351953853297, 0.0025474067440110237, 0.00040108294193796055, 5.2624604313062824e-05, 5.918296312746475e-06, 5.823882714150369e-07], [0.10763114260739562, 0.08473129668555902, 0.03335183695022352, 0.008751941501869125, 0.0017224646463954178, 0.0002711978326133431, 3.558286114806889e-05, 4.001738705279194e-06, 3.937899632032218e-07], [0.04851753348203698, 0.038194833059735124, 0.015034206891423641, 0.003945164982579934, 0.0007764456841079042, 0.00012224946800081286, 1.603989900428206e-05, 1.8038876752238974e-06, 1.7751105545998005e-07], [0.016402903923683935, 0.012912984896314612, 0.005082794476766038, 0.0013337892000692849, 0.0002625022964758983, 4.133034254680784e-05, 5.422800860440321e-06, 6.09861922118735e-07, 6.001328961167828e-08], [0.004436421026707307, 0.0034925180308376658, 0.0013747209881902567, 0.00036074407799454683, 7.099783752089915e-05, 1.1178435328815444e-05, 1.4666810140957507e-06, 1.649466623266082e-07, 1.6231529560488267e-08], [0.0009999160117106045, 0.0007871716140554149, 0.00030984559838908904, 8.130738213190887e-05, 1.6002059792477552e-05, 2.519485054251027e-06, 3.3057228365783866e-07, 3.717699644503991e-08, 3.658391799240968e-09], [0.00019317347882569065, 0.00015207345150897313, 5.985897959294911e-05, 1.5707749127610117e-05, 3.091433202676071e-06, 4.86738573119144e-07, 6.386316179525227e-08, 7.1822129573590564e-09, 7.067636306350994e-10], [3.2654236379872174e-05, 2.5706647014199847e-05, 1.0118621256750652e-05, 2.6552534857621284e-06, 5.225789335391123e-07, 8.227877097029548e-08, 1.0795492186119115e-08, 1.2140883990178093e-09, 1.1947202483359685e-10]]","{'1x2': {'home': 0.5014489138955026, 'draw': 0.2805902194764113, 'away': 0.21796086662808623}}",1.3523279314895023,0.787237732805941,0.49141993561759256,0.2833961216711754,0.2201404752943671
sample_run,1,10036,2024-10-12T00:00:00+00:00,2024-2025,ENG Premier League,Brighton,Wolves,1,1,2.2437428237704027,0.4867005039527815,0.23189173262874493,0.2814077634184736,0.0,1.0,0.0,2.0364128861857065,5.149261079957091,3.177247588768127,0.4910595522075316,0.19420262139987143,0.31473782639259695,1x2,home,0.0322097025681815,0.02,2.0364128861857065,-1.0,"{'dixon_coles': 0.22, 'bivariate_poisson': 0.18, 'zero_inflated_poisson': 0.12, 'negative_binomial': 0.18, 'weibull_copula': 0.3}",0.9,0.1,"[[0.045539422674257445, 0.05947576533172492, 0.03883851017498754, 0.01690806178728845, 0.005520600921251529, 0.0014420119781978072, 0.00031388469222334685, 5.8563175124212415e-05, 9.560643987745619e-06], [0.08120866182522526, 0.10606079370327157, 0.06925918804805231, 0.030151481752975717, 0.009844670550454068, 0.0025714832601860453, 0.0005597382295601604, 0.00010443340746965582, 1.7049120494693825e-05], [0.0724081067366247, 0.09456702152740239, 0.06175359337244469, 0.026883975920395008, 0.008777806947962308, 0.0022928124930283976, 0.000499079587812787, 9.31159945869639e-05, 1.5201513099701191e-05], [0.043040843208459, 0.05621255035788867, 0.03670758496103476, 0.015980379056430048, 0.005217705994379643, 0.0013628941214798489, 0.0002966630016404961, 5.535003059526278e-05, 9.036086860211062e-06], [0.019188260827272798, 0.025060407687863058, 0.01636479822572764, 0.007124295403980443, 0.0023261324843307117, 0.0006075988743123061, 0.00013225686647701959, 2.4675883293352818e-05, 4.028424598743593e-06], [0.006843534208513645, 0.008937847928741364, 0.005836540241000463, 0.0025408951727088984, 0.0008296201189545014, 0.00021670143630216846, 4.7169693918265664e-05, 8.800706482128411e-06, 1.4367462375086933e-06], [0.0020339675772200133, 0.002656418795213616, 0.001734678786081961, 0.0007551797420659362, 0.0002465714895183317, 6.440585842725679e-05, 1.4019310071949227e-05, 2.6156589703329604e-06, 4.270155119777246e-07], [0.0005181563434246281, 0.0006767267408527892, 0.00044191206727150063, 0.00019238319143319977, 6.281446313721781e-05, 1.6407490695306095e-05, 3.5714406294252877e-06, 6.663431132791111e-07, 1.0878285315363196e-07], [0.00011550097913722628, 0.0001508475234718627, 9.850555167397787e-05, 4.288367258657568e-05, 1.4001820277595826e-05, 3.657354125914402e-06, 7.961012054831595e-07, 1.485329341264356e-07, 2.4248523080009833e-08]]","{'1x2': {'home': 0.4867005039527815, 'draw': 0.23189173262874493, 'away': 0.2814077634184736}}",1.7832606795678805,1.3060280925639713,0.47696649387372586,0.23421064995503238,0.28422184105265835
sample_run,1,10037,2024-10-14T00:00:00+00:00,2024-2025,ENG Premier League,Aston Villa,Man City,2,0,2.867560318947158,0.37634972203217654,0.24549957145971255,0.37815070650811095,1.0,0.0,0.0,3.0035742920402355,4.715482214772472,2.1978217663023467,0.33293666237925174,0.2120673887534217,0.4549959488673266,1x2,away,0.035889083826650556,0.02,2.1978217663023467,-1.0,"{'dixon_coles': 0.22, 'bivariate_poisson': 0.18, 'zero_inflated_poisson': 0.12, 'negative_binomial': 0.18, 'weibull_copula': 0.3}",0.9,0.1,"[[0.05250226341249934, 0.07746736701976911, 0.05715175463794285, 0.028109238628286577, 0.010368832522300999, 0.0030598534324536536, 0.0007524716506544462, 0.0001586108422336859, 2.9253891951509677e-05], [0.07725403990699414, 0.11398874399403934, 0.08409549696676956, 0.041361116675740994, 0.015257136538537804, 0.00450239711235098, 0.0011072184540276571, 0.00023338666829144638, 4.3045407747483596e-05], [0.05683742275128833, 0.08386391752557441, 0.0618708266691854, 0.03043024386549419, 0.011224996394479709, 0.0033125082957079677, 0.0008146039148937813, 0.00017170748282116296, 3.1669412248094044e-05], [0.02787765860010122, 0.04113363253424462, 0.030346446050819428, 0.014925447153228681, 0.005505644030377492, 0.0016247213703168247, 0.00039954749414108497, 8.421920547167357e-05, 1.5533235322465743e-05], [0.010255090019095496, 0.015131439497919032, 0.011163259457149974, 0.005490482767123671, 0.0020253090818901096, 0.0005976708498929222, 0.0001469777493905453, 3.098092080966859e-05, 5.714064039764863e-06], [0.0030179542065091563, 0.004453007374703797, 0.0032852179526777457, 0.0016157854813514743, 0.0005960250033680895, 0.0001758876082202678, 4.325384918225887e-05, 9.117326138041355e-06, 1.681582860117309e-06], [0.0007401241379993307, 0.0010920570754847571, 0.0008056679919533979, 0.00039625579274788283, 0.00014616937887672917, 4.313473814083028e-05, 1.0607588999238604e-05, 2.235936229324675e-06, 4.1239196477350406e-07], [0.00015557854346718515, 0.00022955696276332773, 0.00016935625562093865, 8.329534994331743e-05, 3.072568221679217e-05, 9.067181285195272e-06, 2.2297789809438304e-06, 4.700072379535845e-07, 8.668727031449759e-08], [2.861560203427472e-05, 4.2222471969714325e-05, 3.114974022035278e-05, 1.5320535416802893e-05, 5.651382735388352e-06, 1.6677290161448114e-06, 4.101238289104913e-07, 8.644855373225186e-08, 1.5944412214403285e-08]]","{'1x2': {'home': 0.37634972203217654, 'draw': 0.24549957145971255, 'away': 0.37815070650811095}}",1.4714420843159706,1.475505282717512,0.368822727591533,0.24795456717430966,0.38193221357319207
sample_run,1,10038,2024-10-16T00:00:00+00:00,2024-2025,ENG Premier League,West Ham,Newcastle,1,1,2.108567092491884,0.5096626865095338,0.25674497135582636,0.23359234213463972,0.0,1.0,0.0,2.1852468366740374,3.7924312719930877,3.5880527726547466,0.45761420779448775,0.26368309094615616,0.27870270125935603,1x2,home,0.035450459604276556,0.02,2.1852468366740374,-1.0,"{'dixon_coles': 0.22, 'bivariate_poisson': 0.18, 'zero_inflated_poisson': 0.12, 'negative_binomial': 0.18, 'weibull_copula': 0.3}",0.9,0.1,"[[0.08306252108141308, 0.07896676051290986, 0.03753647965844511, 0.011895193167328637, 0.002827162172150332, 0.0005375513174239793, 8.517416678779596e-05, 1.1567754614324378e-05, 1.3746694905367313e-06], [0.12770906737978074, 0.12141181374956951, 0.05771253686366659, 0.018288922680458047, 0.0043467768571920605, 0.0008264880059407534, 0.00013095573387012668, 1.7785484165903784e-05, 2.113561643762447e-06], [0.09817668473503018, 0.09333565428171675, 0.04436666599461881, 0.014059657884769334, 0.003341596253717806, 0.0006353648496643527, 0.00010067256822241473, 1.3672638189606397e-05, 1.6248061271221076e-06], [0.05031572476055069, 0.04783468808159008, 0.022737994878859545, 0.0072055995602909855, 0.0017125739967359143, 0.0003256256104442842, 5.1594869467102754e-05, 7.007251281254197e-06, 8.327160170683796e-07], [0.019340173522452736, 0.018386521754242713, 0.008739946976865772, 0.0027696618997844202, 0.0006582729042369156, 0.00012516277643454793, 1.9831846467695494e-05, 2.693421516629709e-06, 3.200763248799502e-07], [0.005947123904642143, 0.005653874972783189, 0.0026875429804743257, 0.0008516739765991284, 0.00020241961738454387, 3.848768672324095e-05, 6.0983138576446e-06, 8.282299777832916e-07, 9.842380994119171e-08], [0.0015239557656202703, 0.001448810467214834, 0.000688685268058592, 0.0002182422105000828, 5.1870206159154645e-05, 9.862503796412687e-06, 1.562698324927317e-06, 2.1223466504828866e-07, 2.522118843313697e-08], [0.0003347271549560434, 0.00031822196989029643, 0.0001512653225492849, 4.7935508273941064e-05, 1.1392959642480542e-05, 2.1662359964711598e-06, 3.4323671077460435e-07, 4.661598926773834e-08, 5.5396730267942605e-09], [6.433059734640253e-05, 6.115849613240972e-05, 2.9071404615109968e-05, 9.212637324781748e-06, 2.189591996025769e-06, 4.1632491891663064e-07, 6.596603325548636e-08, 8.959041389638394e-09, 1.064659588088177e-09]]","{'1x2': {'home': 0.5096626865095338, 'draw': 0.25674497135582636, 'away': 0.23359234213463972}}",1.5375053118675233,0.9506906302002465,0.49946943277934314,0.2593124210693846,0.23592826555598612
sample_run,1,10039,2024-10-18T00:00:00+00:00,2024-2025,ENG Premier League,Wolves,West Ham,2,2,2.8415435801546405,0.5357206710543427,0.22434182737084607,0.2399375015748113,0.0,1.0,0.0,2.140994545849671,4.207649045886287,3.3867888136658113,0.46707265179096563,0.23766240698655106,0.29526494122248337,1x2,home,0.06688220680639616,0.02,2.140994545849671,-1.0,"{'dixon_coles': 0.22, 'bivariate_poisson': 0.18, 'zero_inflated_poisson': 0.12, 'negative_binomial': 0.18, 'weibull_copula': 0.3}",0.9,0.1,"[[0.045766144783431106, 0.054703942483211816, 0.03269361377681457, 0.01302614684630877, 0.0038925148230768425, 0.000930538973751335, 0.00018537775299245875, 3.1654384278266304e-05, 4.729532127662054e-06], [0.08645587601020431, 0.10334008448773992, 0.0617608284986481, 0.024607424155221887, 0.007353269114195725, 0.0017578618980909656, 0.0003501932728572018, 5.9797641581816886e-05, 8.934461164477687e-06], [0.0816610021672383, 0.09760880639645464, 0.05833555083385267, 0.02324268759977114, 0.006945454175951559, 0.001660370247740814, 0.0003307714285419876, 5.6481242966436856e-05, 8.438952748907493e-06], [0.05142136916308323, 0.061463591360303736, 0.036733493529948334, 0.014635759881594265, 0.004373504533479343, 0.00104552367948692, 0.0002082844844449105, 3.55658486705683e-05, 5.313950271669359e-06], [0.024284760807774836, 0.029027399286820042, 0.0173481204123436, 0.006912027698782346, 0.0020654742029606503, 0.0004937692809127466, 9.836647617595376e-05, 1.6796676983668238e-05, 2.5096183433510653e-06], [0.009175167710847087, 0.010967011731119473, 0.00655439497679808, 0.002611473666977387, 0.000780368905611166, 0.00018655386391075318, 3.716441447306629e-05, 6.346050905337382e-06, 9.48173604538545e-07], [0.0028887698746731237, 0.003452925777758862, 0.002063628628095678, 0.0008222134674168198, 0.00024569645555318616, 5.873583993806899e-05, 1.1701087579329695e-05, 1.998032216545524e-06, 2.9852918563145223e-07], [0.0007795879037054088, 0.0009318357936137071, 0.0005569082986873846, 0.0002218894897380375, 6.63057263272767e-05, 1.5850951206307817e-05, 3.1577545920217087e-06, 5.392058955228651e-07, 8.056361431269806e-08], [0.00018408791984979195, 0.00022003896170347576, 0.00013150549125398898, 5.2395854794897424e-05, 1.565709675034978e-05, 3.7429629440638424e-06, 7.456560978928023e-07, 1.2732533586752191e-07, 1.90238818533667e-08]]","{'1x2': {'home': 0.5357206710543427, 'draw': 0.22434182737084607, 'away': 0.2399375015748113}}",1.8890792838094645,1.1952927812048633,0.5250062576332559,0.22658524564455454,0.2423368765905594
sample_run,1,10040,2024-10-20T00:00:00+00:00,2024-2025,ENG Premier League,Arsenal,Liverpool,3,2,3.0961739653373335,0.48106118690289934,0.21738602437222293,0.3015527887248777,1.0,0.0,0.0,2.1023393419942575,5.4214357924546235,2.9421593739327645,0.47566060341686334,0.1844529822508951,0.33988641433224154,1x2,home,0.03885129003605748,0.02,2.1023393419942575,1.1023393419942575,"{'dixon_coles': 0.22, 'bivariate_poisson': 0.18, 'zero_inflated_poisson': 0.12, 'negative_binomial': 0.18, 'weibull_copula': 0.3}",0.9,0.1,"[[0.029936480150334763, 0.04591448622410781, 0.035210219014345484, 0.018000993077826336, 0.006902167059567247, 0.0021172125298735047, 0.0005412054960381309, 0.00011858046564624658, 2.2733806417042966e-05], [0.05913044595796462, 0.09069015571397956, 0.0695471191716763, 0.03555550762924955, 0.013633139709780504, 0.00418191184970725, 0.001068987475312066, 0.00023421978069413266, 4.490374636601212e-05], [0.058397139904717156, 0.08956546201215473, 0.06868463077592214, 0.03511456610499062, 0.013464068367395273, 0.004130049882088781, 0.0010557304302519065, 0.0002313151047663475, 4.4346872686299064e-05], [0.03844861862956818, 0.05896981079733056, 0.04522189235166314, 0.02311939527717329, 0.008864729175179985, 0.0027192207203404076, 0.0006950918615982873, 0.00015229763411241126, 2.919793671593487e-05], [0.018985899098834517, 0.029119248430279816, 0.02233053659271805, 0.011416340082005523, 0.004377396631072465, 0.0013427491562503224, 0.00034323584095105234, 7.520445772337317e-05, 1.4417919294416043e-05], [0.007500178210593335, 0.011503250462288917, 0.008821441803292964, 0.004509904149497842, 0.0017292441438030066, 0.0005304388226006885, 0.00013559168106786114, 2.970872394402202e-05, 5.695646204119489e-06], [0.0024690549241231457, 0.0037868643117333896, 0.002904014239491411, 0.001484658195443086, 0.0005692663091974932, 0.0001746201956959507, 4.463671374339959e-05, 9.780097096866168e-06, 1.875003888105216e-06], [0.0006966956990503466, 0.0010685432928588497, 0.0008194286043892476, 0.0004189274889024129, 0.00016063044420650452, 4.927275538510093e-05, 1.2595186190850791e-05, 2.759659786062175e-06, 5.290717236715583e-07], [0.00017201390734216887, 0.0002638229390815223, 0.0002023166157349119, 0.00010343304021737562, 3.965959655518466e-05, 1.2165424863192123e-05, 3.109746756501518e-06, 6.813589683166745e-07, 1.3062761055802693e-07]]","{'1x2': {'home': 0.48106118690289934, 'draw': 0.21738602437222293, 'away': 0.3015527887248777}}",1.975197005827801,1.5337302847073149,0.4714399631648413,0.21955988461594517,0.30456831661212647
sample_run,1,10041,2024-10-22T00:00:00+00:00,2024-2025,ENG Premier League,Liverpool,Tottenham,2,2,3.0688315849240464,0.4392639512047788,0.27038668150252687,0.29034936729269406,0.0,1.0,0.0,2.6488113137738853,4.066507252713724,2.655613041184811,0.3775278347687413,0.2459112791038709,0.376560886127388,1x2,home,0.07882470750237808,0.02,2.6488113137738853,-1.0,"{'dixon_coles': 0.22, 'bivariate_poisson': 0.18, 'zero_inflated_poisson': 0.12, 'negative_binomial': 0.18, 'weibull_copula': 0.3}",0.9,0.1,"[[0.08786810074278505, 0.0932224544648357, 0.049451541247532586, 0.01748831112843714, 0.004638495864983962, 0.0009842296940606218, 0.0001740341623066954, 2.6377021977607893e-05, 3.4980423917200512e-06], [0.12046697626696759, 0.12780778365106468, 0.06779795620335671, 0.023976436771131312, 0.00635936780877027, 0.0013493767839904218, 0.000238600460497193, 3.616284014003439e-05, 4.795808561035586e-06], [0.08257998208808306, 0.08761209761945819, 0.04647542573389079, 0.016435821504378494, 0.004359339762757708, 0.0009249963276662653, 0.0001635603579058982, 2.4789587848542277e-05, 3.2875215875804204e-06], [0.037738992339031774, 0.04003866551267241, 0.02123923608815667, 0.0075111585901995945, 0.0019922151319246998, 0.00042272265554859294, 7.474696576460924e-05, 1.1328823792986716e-05, 1.502394997806654e-06], [0.012935019239102863, 0.013723230977176353, 0.007279736696626456, 0.0025744455495622575, 0.0006828306603519392, 0.00014488796185134145, 2.561948214048656e-05, 3.882948235666883e-06, 5.149450739643028e-07], [0.0035467766857763174, 0.0037629040037476034, 0.0019961006564359622, 0.0007059118571996275, 0.0001872318719981647, 3.972821652947367e-05, 7.024850932022481e-06, 1.0647027282886956e-06, 1.4119771675875946e-07], [0.0008104371954815718, 0.000859822209809099, 0.0004561082811862458, 0.000161300605166472, 4.278241532811489e-05, 9.077883170584772e-06, 1.6051759082707174e-06, 2.432841900073003e-07, 3.226362743312201e-08], [0.00015872966342024032, 0.00016840205598306465, 8.933192400289253e-05, 3.159182588151257e-05, 8.379228425345663e-06, 1.7779654589754694e-06, 3.1438467171868976e-07, 4.764887126432816e-08, 6.319051928672168e-09], [2.7202253198923204e-05, 2.8859856862056643e-05, 1.5309234349222362e-05, 5.414040628121297e-06, 1.4359880083309144e-06, 3.046983503388644e-07, 5.38775882067526e-08, 8.165812443913189e-09, 1.082925817626131e-09]]","{'1x2': {'home': 0.4392639512047788, 'draw': 0.27038668150252687, 'away': 0.29034936729269406}}",1.3709978393593454,1.0609362632945074,0.4304786721806832,0.27309054831755214,0.293252860965621
sample_run,1,10042,2024-10-24T00:00:00+00:00,2024-2025,ENG Premier League,Man City,Aston Villa,3,2,3.586312947604157,0.3755245664402556,0.25188961146542965,0.3725858220943148,1.0,0.0,0.0,2.8769222868667996,4.327252548473366,2.3735333539762142,0.34759367834335236,0.23109351460265365,0.42131280705399404,1x2,home,0.07658541126877386,0.02,2.8769222868667996,1.8769222868667996,"{'dixon_coles': 0.22, 'bivariate_poisson': 0.18, 'zero_inflated_poisson': 0.12, 'negative_binomial': 0.18, 'weibull_copula': 0.3}",0.9,0.1,"[[0.05973771221838282, 0.08397112413315602, 0.059017573877026365, 0.027652950640564083, 0.009717686134338977, 0.002731959421849173, 0.000640035959473989, 0.00012852503052056323, 2.2582868700692365e-05], [0.08435935383687783, 0.11858086809440031, 0.08334240151490228, 0.03905045843056582, 0.013722951426153823, 0.0038579705010003077, 0.0009038347464029063, 0.00018149822154125392, 3.189067911420987e-05], [0.059564555751313364, 0.0837277244003776, 0.058846504811806755, 0.027572795457863716, 0.009689518329837851, 0.002724040530681477, 0.0006381807433730646, 0.00012815248628697128, 2.2517409719836016e-05], [0.028038276258902397, 0.03941238271075777, 0.027700274735078276, 0.012979088763887002, 0.0045610579701453055, 0.0012822625800916895, 0.0003004049599649896, 6.032404285496705e-05, 1.0599413466551966e-05], [0.00989865019961803, 0.013914171698176173, 0.009779321934913793, 0.004582145435660229, 0.001610238695480192, 0.0004526907655515128, 0.0001060551508040565, 2.1296836985779157e-05, 3.742023413197724e-06], [0.0027957004166627407, 0.003929814149368478, 0.0027619982378175737, 0.0012941467417627208, 0.00045478372314380346, 0.0001278545798012517, 2.9953420245476692e-05, 6.014918684270587e-06, 1.0568689876365468e-06], [0.0006579971900301641, 0.0009249226606017909, 0.0006500650314748902, 0.0003045909048377442, 0.00010703808252004791, 3.009190603553133e-05, 7.049849202670816e-06, 1.4156737141508343e-06, 2.4874511587511184e-07], [0.00013274270309827753, 0.00018659157817908626, 0.00013114248932231455, 6.144740533840104e-05, 2.1593594354888194e-05, 6.070665664017022e-06, 1.4222188996808035e-06, 2.855944650963408e-07, 5.0181215914072426e-08], [2.3431782545911747e-05, 3.293720244308913e-05, 2.3149312320805846e-05, 1.084671478200893e-05, 3.8117078792177562e-06, 1.0715957595263524e-06, 2.510505151106787e-07, 5.0413222318510065e-08, 8.858003579431772e-09]]","{'1x2': {'home': 0.3755245664402556, 'draw': 0.25188961146542965, 'away': 0.3725858220943148}}",1.4121624465377216,1.4056635417537124,0.3680140751114505,0.25440850758008393,0.3763116803152579
sample_run,1,10043,2024-10-26T00:00:00+00:00,2024-2025,ENG Premier League,Chelsea,Arsenal,1,0,2.50497585400156,0.5581761308072419,0.21587448651798205,0.22594938267477596,1.0,0.0,0.0,1.8587722467685766,5.4826163748927,3.5763357536955374,0.5379895260102318,0.1823946691910522,0.27961580479871595,1x2,home,,,1.8587722467685766,,"{'dixon_coles': 0.22, 'bivariate_poisson': 0.18, 'zero_inflated_poisson': 0.12, 'negative_binomial': 0.18, 'weibull_copula': 0.3}",0.9,0.1,"[[0.0409136949482939, 0.04910426854497372, 0.029467262641325476, 0.011788785962366018, 0.0035372001505047197, 0.0008490635045659605, 0.00016983979892565705, 2.912004021639624e-05, 4.368703060898877e-06], [0.08167757014796481, 0.09802872470245663, 0.058826620633923674, 0.023534403177649085, 0.007061447610277215, 0.0016950178672912783, 0.00033905767025437184, 5.813344725994839e-05, 8.721408593458662e-06], [0.08152802470794568, 0.09784924153781807, 0.058718913550429366, 0.023491313469269984, 0.007048518634939947, 0.0016919144180536825, 0.0003384368813597194, 5.8027009324361316e-05, 8.705440355381393e-06], [0.054252502049528056, 0.0651133913288331, 0.039074269113627366, 0.015632201769920567, 0.0046904088877176954, 0.0011258777673309388, 0.00022521148605498598, 3.8613844179044394e-05, 5.793000902625131e-06], [0.02707658491522846, 0.032497086822357656, 0.019501363544298017, 0.0078017901966775886, 0.002340910552281804, 0.0005619081852386047, 0.00011239957044719681, 1.927157257858471e-05, 2.891197178532505e-06], [0.01081080389622996, 0.012975034847828157, 0.007786263210317971, 0.0031150022840721724, 0.0009346498089979094, 0.00022435174957697424, 4.487751014130714e-05, 7.694515115968943e-06, 1.1543614462571728e-06], [0.0035970033779077967, 0.004317092847497203, 0.002590669050851979, 0.0010364329836660435, 0.0003109795120137886, 7.464699284290251e-05, 1.4931780940607627e-05, 2.560142347337808e-06, 3.8408263264876975e-07], [0.0010258335821043487, 0.0012311967364904263, 0.000738835923481438, 0.0002955815295518716, 8.868860917103773e-05, 2.1288662816294763e-05, 4.258411994711672e-06, 7.301299773574746e-07, 1.0953697327449543e-07], [0.00025598883964267783, 0.00030723562714675916, 0.0001843707927267883, 7.376008554387016e-05, 2.213155676249591e-05, 5.31242122207418e-06, 1.0626537912811434e-06, 1.8219829117766434e-07, 2.7334104844753292e-08]]","{'1x2': {'home': 0.5581761308072419, 'draw': 0.21587448651798205, 'away': 0.22594938267477596}}",1.9963381515941712,1.2001914910650564,0.5470126081910971,0.21803323138316189,0.22820887650152372
sample_run,1,10044,2024-10-28T00:00:00+00:00,2024-2025,ENG Premier League,Tottenham,Chelsea,0,2,3.4893846674801257,0.548769479131203,0.21776024486712248,0.23347027600167433,0.0,0.0,1.0,1.9378964138632548,4.599405167727053,3.7515410295940894,0.5160234534963971,0.21741941914940774,0.2665571273541951,1x2,home,,,1.9378964138632548,,"{'dixon_coles': 0.22, 'bivariate_poisson': 0.18, 'zero_inflated_poisson': 0.12, 'negative_binomial': 0.18, 'weibull_copula': 0.3}",0.9,0.1,"[[0.040925275816029255, 0.04998049490519747, 0.030519646125268828, 0.012424164018095455, 0.0037932906622253184, 0.0009265205467132295, 0.00018858742973710085, 3.2902101567921795e-05, 5.0227618720828375e-06], [0.0808260893367818, 0.09870985267060346, 0.06027530896399668, 0.02453732005070808, 0.007491625745508564, 0.0018298479604058355, 0.00037245404312595526, 6.498058101431598e-05, 9.91979141729674e-06], [0.07981444947181886, 0.09747437508105788, 0.059520887886331246, 0.024230204720171424, 0.007397858654712421, 0.0018069451185294405, 0.0003677923137142691, 6.416726755647159e-05, 9.795632788168461e-06], [0.05254364769891651, 0.06416957402856639, 0.03918393955633741, 0.015951288882081895, 0.004870176784428451, 0.0011895526229597161, 0.00024212595446135754, 4.224275582430482e-05, 6.448685439986781e-06], [0.025942999028791075, 0.03168320567008072, 0.01934675170782313, 0.0078758192493048, 0.00240461020735478, 0.0005873319400848556, 0.00011954772225616991, 2.085701738111336e-05, 3.1839860274871254e-06], [0.01024731594524197, 0.012514660247995553, 0.0076418411396537616, 0.0031108973980101, 0.0009498053980795482, 0.00023199229773327807, 4.7220573039126166e-05, 8.23838626145265e-06, 1.2576537798381465e-06], [0.0033730193119755527, 0.004119341193817851, 0.0025153979716093116, 0.0010239868719900966, 0.0003126391308182988, 7.636287440198094e-05, 1.554318278412013e-05, 2.711757508784189e-06, 4.1397088855670577e-07], [0.000951657641565243, 0.001162223563735013, 0.0007096898890441524, 0.0002889058263414202, 8.820744572650883e-05, 2.1544884933958173e-05, 4.385325817209687e-06, 7.650904179955387e-07, 1.167970067890907e-07], [0.0002349366131976578, 0.00028691921959804565, 0.00017520180753072221, 7.132245190832175e-05, 2.1775854732504118e-05, 5.318805920364548e-06, 1.0826094913386584e-06, 1.8887858799537546e-07, 2.883378644605946e-08]]","{'1x2': {'home': 0.548769479131203, 'draw': 0.21776024486712248, 'away': 0.23347027600167433}}",1.974967491975327,1.2212622617346307,0.5377940895485789,0.21993784731579372,0.23580497876169107
sample_run,1,10045,2024-10-30T00:00:00+00:00,2024-2025,ENG Premier League,Newcastle,Brighton,3,1,2.935918852489319,0.4938592638388251,0.24249796710048138,0.26364276906069334,1.0,0.0,0.0,2.0495066757644134,4.8210374406489755,3.282417878131445,0.48792229458195135,0.2074242343708882,0.30465347104716045,1x2,home,0.07686231226195603,0.02,2.0495066757644134,1.0495066757644134,"{'dixon_coles': 0.22, 'bivariate_poisson': 0.18, 'zero_inflated_poisson': 0.12, 'negative_binomial': 0.18, 'weibull_copula': 0.3}",0.9,0.1,"[[0.05961536496255204, 0.06871060366316167, 0.03959673029529988, 0.01521260636630898, 0.004383380724817089, 0.001010426543146524, 0.00019409710282041834, 3.19585134576324e-05, 4.6042843846350835e-06], [0.09939920635235627, 0.11456408052520967, 0.06602129447623903, 0.02536461867358807, 0.007308595115717683, 0.0016847266896580935, 0.00032362626627817213, 5.328577416049036e-05, 7.676917082379002e-06], [0.08286623951463393, 0.09550875590417415, 0.055040041081822096, 0.021145747972595153, 0.006092964074860427, 0.0014045078477489725, 0.0002697978452621517, 4.442280664347793e-05, 6.400023431045462e-06], [0.046055455928925515, 0.05308192243470153, 0.030590192112222643, 0.01175239843801574, 0.0033863517889780093, 0.00078059834333872, 0.00014994843310098268, 2.4689338210485287e-05, 3.5570094503993013e-06], [0.01919754986993183, 0.022126430681842786, 0.012751078602097999, 0.004898817101133404, 0.0014115517051088043, 0.00032538111549167034, 6.250383291865962e-05, 1.0291393104062638e-05, 1.4826878799602086e-06], [0.006401776529187306, 0.007378465771591404, 0.004252081972428459, 0.0016336007746455502, 0.0004707079099533004, 0.00010850432489084901, 2.0843054101900392e-05, 3.4318545477211064e-06, 4.944295774382304e-07], [0.0017789918942487334, 0.002050404405684431, 0.0011816125302317737, 0.0004539618843742767, 0.00013080518392790397, 3.015230437858725e-05, 5.792083514570262e-06, 9.536792474403276e-07, 1.373972063112769e-07], [0.0004237411481962668, 0.000488389362503709, 0.0002814503269532614, 0.00010812996436014191, 3.1156712409328244e-05, 7.182029395103849e-06, 1.3796263641488584e-06, 2.2715850512178558e-07, 3.272687759259658e-08], [8.831518069209777e-05, 0.00010178901667023308, 5.865924653891392e-05, 2.2536204900905487e-05, 6.493612192052372e-06, 1.496862474802116e-06, 2.8753863568839444e-07, 4.7343866676561896e-08, 6.820862501509115e-09]]","{'1x2': {'home': 0.4938592638388251, 'draw': 0.24249796710048138, 'away': 0.26364276906069334}}",1.667342075567177,1.152565344627562,0.4839820785620486,0.2449229467714862,0.2662791967513003
sample_run,1,10046,2024-11-01T00:00:00+00:00,2024-2025,ENG Premier League,Brighton,Wolves,1,1,2.0394087955298907,0.4559196247055276,0.28909790219031906,0.25498247310415345,0.0,1.0,0.0,2.3084103881734204,3.5713015565085158,3.4868536174733373,0.4331985357210559,0.28000995832389197,0.2867915059550522,1x2,home,,,2.3084103881734204,,"{'dixon_coles': 0.22, 'bivariate_poisson': 0.18, 'zero_inflated_poisson': 0.12, 'negative_binomial': 0.18, 'weibull_copula': 0.3}",0.9,0.1,"[[0.11868006276522299, 0.10292439016493969, 0.044630200911592983, 0.012901735148925947, 0.002797233147954418, 0.00048517587401668917, 7.012752014730468e-05, 8.688223346950894e-06, 9.418495288575863e-07], [0.15002218229664102, 0.13010560716201336, 0.05641655372511917, 0.016308943704252284, 0.0035359521344270352, 0.0006133055689535145, 8.864743889091709e-05, 1.0982689058470441e-05, 1.1905817912634533e-06], [0.09482070811493434, 0.08223254462751405, 0.03565777734816894, 0.01030797957322093, 0.002234879403260033, 0.00038763646447973973, 5.602913382230095e-05, 6.941549160184596e-06, 7.525007754728232e-07], [0.03995394347590372, 0.03464975642182484, 0.015024870083423422, 0.004343401788563243, 0.0009416956182723253, 0.00016333568583193665, 2.3608607130697836e-05, 2.9249123772103594e-06, 3.170760274472108e-07], [0.012626336833569958, 0.010950095477983817, 0.004748193896513527, 0.0013726117928510501, 0.00029759680863978476, 5.16177179731955e-05, 7.460846161115264e-06, 9.243375164108377e-07, 1.0020309326445535e-07], [0.003192163135154147, 0.002768379425638613, 0.001200428098410624, 0.0003470207409933411, 7.523778069611726e-05, 1.3049879676640211e-05, 1.8862349695319114e-06, 2.3368900918924379e-07, 2.5333129043158033e-08], [0.0006725298091700539, 0.0005832464094116964, 0.00025290802686607765, 7.31108602026483e-05, 1.5851210652958904e-05, 2.749368599609242e-06, 3.9739486686601364e-07, 4.923395769608493e-08, 5.3372223535351075e-09], [0.00012144823567836183, 0.00010532506726535163, 4.5671185474567274e-05, 1.3202663821692151e-05, 2.8624776789353245e-06, 4.96492439590288e-07, 7.176322118431368e-08, 8.890873261114722e-09, 9.63817855241048e-10], [1.9190174962862043e-05, 1.6642534636321814e-05, 7.21655637994931e-06, 2.086168047637287e-06, 4.5230337994809697e-07, 7.845133962018834e-08, 1.1339388857593019e-08, 1.4048570775888337e-09, 1.5229396434699724e-10]]","{'1x2': {'home': 0.4559196247055276, 'draw': 0.28909790219031906, 'away': 0.25498247310415345}}",1.2640891721924694,0.8672424648826509,0.44680123221141704,0.2919888812122223,0.257532297835195
sample_run,1,10047,2024-11-03T00:00:00+00:00,2024-2025,ENG Premier League,Aston Villa,Man City,2,2,2.852392575207959,0.327773506129897,0.25145197801348546,0.4207745158566176,0.0,1.0,0.0,3.480006003314793,4.161430407081317,2.117109227234494,0.28735582612428684,0.24030198806120737,0.47234218581450577,1x2,away,0.049550520826568245,0.02,2.117109227234494,-1.0,"{'dixon_coles': 0.22, 'bivariate_poisson': 0.18, 'zero_inflated_poisson': 0.12, 'negative_binomial': 0.18, 'weibull_copula': 0.3}",0.9,0.1,"[[0.06098477444947078, 0.09155391605729754, 0.06872305113116167, 0.03439035678037363, 0.012907204569804572, 0.003875410327859332, 0.0009696655027078271, 0.00020795980832917556, 3.902518088928147e-05], [0.07903073582822585, 0.11864557046052396, 0.08905884047757806, 0.044566782877914365, 0.01672656632488286, 0.005022180250921413, 0.0012565985342741742, 0.0002694970478011529, 5.0573094503529736e-05], [0.05120833242341377, 0.07687694855724923, 0.0577060894173124, 0.028877254004248547, 0.010838056354790597, 0.0032541450245188825, 0.0008142188579105245, 0.00017462186409254233, 3.2769071524860285e-05], [0.02212045125739799, 0.03320851730373059, 0.02492728581075737, 0.012474100589075525, 0.004681712642754627, 0.0014056922573495397, 0.0003517179276673531, 7.543136537226755e-05, 1.4155248083892546e-05], [0.007166524577265767, 0.010758806529868926, 0.008075875321375992, 0.004041325713054675, 0.0015167687280690468, 0.0004554124142019271, 0.00011394863258271364, 2.4438051807658165e-05, 4.585979377639643e-06], [0.001857433156997742, 0.002788487468765053, 0.002093120372640463, 0.0010474383080284135, 0.00039311893744842463, 0.00011803463577456715, 2.9533418335730704e-05, 6.333899679067484e-06, 1.1886026569081631e-06], [0.00040117748097629195, 0.000602271136508241, 0.00045208235640270707, 0.00022623083921475355, 8.4907747261576e-05, 2.549369686311276e-05, 6.37877187015343e-06, 1.3680265738940539e-06, 2.5672020443033597e-07], [7.426994642863111e-05, 0.00011149839451387667, 8.369396086153349e-05, 4.1882092354971804e-05, 1.571896265250657e-05, 4.719645518695102e-06, 1.1809013903867431e-06, 2.53262621094277e-07, 4.752658544988232e-08], [1.2030889203830954e-05, 1.8061475674962424e-05, 1.3557472686781258e-05, 6.784424076991601e-06, 2.5462937185930175e-06, 7.645290598309726e-07, 1.9129263546790321e-07, 4.102567297237818e-08, 7.698767957687853e-09]]","{'1x2': {'home': 0.327773506129897, 'draw': 0.25145197801348546, 'away': 0.4207745158566176}}",1.2959092911576993,1.5012585827164937,0.32121803600729903,0.2539664977936203,0.4249822610151838
sample_run,1,10048,2024-11-05T00:00:00+00:00,2024-2025,ENG Premier League,West Ham,Newcastle,2,3,3.778427502706701,0.4447698400358148,0.2513952666074856,0.30383489335669955,0.0,0.0,1.0,2.3959204472928306,3.8561665437665207,3.093112211432459,0.4173761282975434,0.259324899132403,0.32329897257005347,1x2,home,,,2.3959204472928306,,"{'dixon_coles': 0.22, 'bivariate_poisson': 0.18, 'zero_inflated_poisson': 0.12, 'negative_binomial': 0.18, 'weibull_copula': 0.3}",0.9,0.1,"[[0.06325088843403337, 0.07750163367061984, 0.04748157196147019, 0.01939313679944557, 0.00594062716416379, 0.0014558161051948914, 0.0002973031401086578, 5.204100600524019e-05, 7.97076350056942e-06], [0.09711414479978113, 0.11899445305590974, 0.07290225274221342, 0.029775833065610338, 0.009121119732947387, 0.0022352308329898116, 0.0004564732751233022, 7.990271627552058e-05, 1.2238150323634088e-05], [0.07455355453251024, 0.09135084763666672, 0.055966327938787565, 0.02285860827776043, 0.007002192098893722, 0.0017159642824804014, 0.00035042995312064326, 6.13405135515969e-05, 9.395105207497725e-06], [0.03815601050283876, 0.046752752752357844, 0.028643192266661132, 0.011698882809754837, 0.003583675076843952, 0.000878219041270088, 0.00017934770589576543, 3.1393664514059334e-05, 4.808351999048384e-06], [0.014645993205373076, 0.017945809588572594, 0.010994545650586367, 0.004490557474015205, 0.001375575699189422, 0.0003370999730255872, 6.884171713269668e-05, 1.2050300623815665e-05, 1.8456617916557415e-06], [0.0044974328111347045, 0.005510727182121908, 0.003376160951264481, 0.0013789423660604322, 0.0004224062647703844, 0.0001035153067503612, 2.1139638197692137e-05, 3.700357951122309e-06, 5.667584153326632e-07], [0.0011508780141571708, 0.0014101766546062682, 0.0008639482954467803, 0.00035286673943405074, 0.00010809235036550443, 2.648922077785718e-05, 5.40956271069289e-06, 9.469092233940182e-07, 1.4503158289102987e-07], [0.00025243357248945286, 0.0003093081337766101, 0.00018949841076381922, 7.739778721316131e-05, 2.3708975083278935e-05, 5.810145429108135e-06, 1.1865334326209892e-06, 2.0769505989704472e-07, 3.1811225988007355e-08], [4.8447680178900215e-05, 5.9363187686011136e-05, 3.636900713544734e-05, 1.485437616113634e-05, 4.550285569690633e-06, 1.1150975869269169e-06, 2.2772245267652003e-07, 3.986135337465847e-08, 6.105289750356374e-09]]","{'1x2': {'home': 0.4447698400358148, 'draw': 0.2513952666074856, 'away': 0.30383489335669955}}",1.535379932268698,1.225305060362102,0.4358744432350985,0.25390921927356047,0.3068732422902666
sample_run,1,10049,2024-11-07T00:00:00+00:00,2024-2025,ENG Premier League,Wolves,West Ham,2,1,2.3245566581357444,0.5761052949452762,0.2320775689382853,0.1918171361164385,1.0,0.0,0.0,1.8845720318891852,4.414574191938428,4.1177150045873665,0.5306244511108191,0.2265224133793304,0.2428531355098504,1x2,home,,,1.8845720318891852,,"{'dixon_coles': 0.22, 'bivariate_poisson': 0.18, 'zero_inflated_poisson': 0.12, 'negative_binomial': 0.18, 'weibull_copula': 0.3}",0.9,0.1,"[[0.06803913888457383, 0.0622433852310454, 0.028470664594924113, 0.00868181938228267, 0.0019855697660817093, 0.0003632867372498777, 5.539016882213084e-05, 7.238841123609732e-06, 8.277771883760009e-07], [0.12063022538301182, 0.11035462400193582, 0.05047716275063704, 0.015392461544759577, 0.003520322748388512, 0.0006440904707429738, 9.820419039035827e-05, 1.2834128276288898e-05, 1.4676104142075265e-06], [0.10693588656848399, 0.0978268051569156, 0.04474682968602988, 0.013645058827785021, 0.0031206841644444323, 0.0005709712080908694, 8.705572861850987e-05, 1.1377155942476418e-05, 1.301002466687951e-06], [0.06319744933952565, 0.05781412359631466, 0.026444681883066614, 0.008064017998780369, 0.0018442759088253642, 0.00033743512262874974, 5.1448584526957333e-05, 6.723722590938349e-06, 7.688722665281708e-07], [0.028011533811412227, 0.02562543733679568, 0.011721297432747323, 0.0035742821140630644, 0.0008174538295064438, 0.0001495641904136412, 2.28039862381728e-05, 2.9802117753640254e-06, 3.4079368258682123e-07], [0.00993262904966196, 0.009086541458791923, 0.004156262922410982, 0.0012674071543831713, 0.0002898615159161743, 5.3034069197826947e-05, 8.086081172216513e-06, 1.056755344188451e-06, 1.2084226641755898e-07], [0.002935014808019146, 0.0026850024904677, 0.001228143441409636, 0.0003745089791741104, 8.565182865837545e-05, 1.5671155909163004e-05, 2.389374239251186e-06, 3.122630038974455e-07, 3.570795200312057e-08], [0.0007433778003117198, 0.0006800549147969914, 0.00031106302000518055, 9.485528331059167e-05, 2.1693814902321312e-05, 3.9691756839748155e-06, 6.051784683481056e-07, 7.908968102027335e-08, 9.044076623119744e-09], [0.00016474677859397048, 0.00015071321262596368, 6.893753144642751e-05, 2.102175011344903e-05, 4.807765471436772e-06, 8.796454606717706e-07, 1.3411915595673686e-07, 1.7527790260418002e-08, 2.0043408457869197e-09]]","{'1x2': {'home': 0.5761052949452762, 'draw': 0.2320775689382853, 'away': 0.1918171361164385}}",1.772953440631532,0.9148173573542614,0.5645831890463706,0.23439834462766815,0.1937353074776029
sample_run,2,10050,2024-11-09T00:00:00+00:00,2024-2025,ENG Premier League,Arsenal,Liverpool,4,0,4.5132764318146625,0.3916664840739434,0.25108077106926036,0.3572527448567963,1.0,0.0,0.0,2.9932587345783443,4.304485594076149,2.3062722458070923,0.33408404975083733,0.23231579666016403,0.4336001535889986,1x2,home,0.07987635526835539,0.02,2.9932587345783443,1.9932587345783443,"{'dixon_coles': 0.22, 'bivariate_poisson': 0.18, 'zero_inflated_poisson': 0.12, 'negative_binomial': 0.18, 'weibull_copula': 0.3}",0.9,0.1,"[[0.0590374200465058, 0.08127551990360378, 0.055945111849379184, 0.025672802368631936, 0.008835795831903597, 0.002432809223148171, 0.0005581991734561262, 0.00010978007797347778, 1.8891477865487817e-05], [0.08577793281214932, 0.1180885966912515, 0.08128498910697661, 0.03730108658104268, 0.012837896720653767, 0.003534730107169242, 0.0008110308878470509, 0.0001595040593763011, 2.7448217042538766e-05], [0.062315170206705926, 0.08578792658015796, 0.05905117744611879, 0.027098153137860716, 0.009326358108857834, 0.002567878486246538, 0.0005891903215919718, 0.00011587505414081196, 1.994033034839175e-05], [0.030180104296324946, 0.04154828692542052, 0.02859930717083834, 0.01312401274401739, 0.0045168850457527185, 0.0012436592932048133, 0.0002853530736905118, 5.611990158594911e-05, 9.65737953730045e-06], [0.010962483440818313, 0.015091810251621752, 0.010388281902570138, 0.004767106533853116, 0.001640692723655487, 0.00045174112965003054, 0.00010365034906455787, 2.038473710348428e-05, 3.5079024982775006e-06], [0.0031855699903555255, 0.004385504260713155, 0.0030187137119826366, 0.0013852656286372144, 0.00047676619372676076, 0.00013127071012615561, 3.0119584057066837e-05, 5.923567148695187e-06, 1.0193556038586662e-06], [0.0007714079431482208, 0.001061980377661372, 0.0007310025341034701, 0.0003354517127346805, 0.0001154522518666496, 3.178811603593822e-05, 7.293666896751745e-06, 1.4344330101393715e-06, 2.468440536826714e-07], [0.00016011583032785978, 0.00022042794797677196, 0.00015172915804064695, 6.962740012789294e-05, 2.396362823982212e-05, 6.598040166504529e-06, 1.5138961708666762e-06, 2.977353740108251e-07, 5.123571900957407e-08], [2.9079871980359226e-05, 4.003362125364118e-05, 2.7556703684295117e-05, 1.2645569634797512e-05, 4.352219514910116e-06, 1.1983210090491272e-06, 2.7495037030513354e-07, 5.4074019680193206e-08, 9.305314449978075e-09]]","{'1x2': {'home': 0.3916664840739434, 'draw': 0.25108077106926036, 'away': 0.3572527448567963}}",1.4529417570174832,1.3766780431729617,0.3838331543924645,0.253591578779953,0.36082527230536426
sample_run,2,10051,2024-11-11T00:00:00+00:00,2024-2025,ENG Premier League,Liverpool,Tottenham,2,0,2.0725549791480473,0.6622126708194592,0.20351466134937246,0.13427266783116829,1.0,0.0,0.0,1.673797210159523,5.648623334285552,4.434161647255772,0.5974439400007686,0.1770342862003706,0.22552177379886074,1x2,home,0.07466075023949673,0.02,1.673797210159523,0.6737972101595231,"{'dixon_coles': 0.22, 'bivariate_poisson': 0.18, 'zero_inflated_poisson': 0.12, 'negative_binomial': 0.18, 'weibull_copula': 0.3}",0.9,0.1,"[[0.06312888318882064, 0.04835259898633919, 0.018517465466169985, 0.004727722804003078, 0.0009052816766011386, 0.00013867732064085455, 1.7702960817980134e-05, 1.937044440028213e-06, 1.8545618165630006e-07], [0.1260606248677395, 0.09655420045949048, 0.03697710381870903, 0.00944068167801249, 0.0018077363018179254, 0.00027692157395975924, 3.535063809142251e-05, 3.868039796873507e-06, 3.7033321301204784e-07], [0.12586379117870328, 0.09640343871696917, 0.03691936699753946, 0.00942594080072706, 0.0018049136646505716, 0.00027648918283815877, 3.5295440867764286e-05, 3.86200015885524e-06, 3.697549670088547e-07], [0.08377817655326308, 0.06416860825131813, 0.02457448021856449, 0.006274148626769924, 0.0012013969565385098, 0.00018403831124071623, 2.3493553220134925e-05, 2.570646634169167e-06, 2.461184159273546e-07], [0.04182368178047539, 0.03203420702398406, 0.012268054556288821, 0.0031321760201190652, 0.0005997605351359392, 9.187547499144041e-05, 1.172843494805468e-05, 1.2833163864480624e-06, 1.228670607495985e-07], [0.016703350964554633, 0.012793675257987412, 0.004899559584007206, 0.0012509141500601768, 0.00023952962261063814, 3.6692807483381436e-05, 4.684048770038214e-06, 5.125250357899591e-07, 4.907008542327503e-08], [0.005559090001320239, 0.004257899648863199, 0.0016306364364926363, 0.000416320315538251, 7.97185386872647e-05, 1.2211838189479898e-05, 1.5589116661963215e-06, 1.7057492283628295e-07, 1.633115545613105e-08], [0.0015858314063545394, 0.0012146432215829582, 0.00046516866478541244, 0.00011876293266113605, 2.2741161285197754e-05, 3.4836486773190814e-06, 4.447078711442863e-07, 4.8659595312548884e-08, 4.658758756962063e-09], [0.00039583881402986145, 0.0003031866630804491, 0.00011611058518243651, 2.9644373435231546e-05, 5.6764131904081904e-06, 8.695523089031257e-07, 1.1100337374964541e-07, 1.2145904301371968e-08, 1.1628711184666821e-09]]","{'1x2': {'home': 0.6622126708194592, 'draw': 0.20351466134937246, 'away': 0.13427266783116829}}",1.9968771582840756,0.7659346489896697,0.64896841740307,0.20554980796286618,0.13561539450947996
sample_run,2,10052,2024-11-13T00:00:00+00:00,2024-2025,ENG Premier League,Man City,Aston Villa,3,1,2.8549639491830248,0.47442517229845094,0.22189617534377318,0.3036786523577759,1.0,0.0,0.0,2.3060974064276873,5.313839711721987,2.6442495243870208,0.43363302747435667,0.1881878367151468,0.37817913581049656,1x2,home,0.06669959637118457,0.02,2.3060974064276873,1.3060974064276873,"{'dixon_coles': 0.22, 'bivariate_poisson': 0.18, 'zero_inflated_poisson': 0.12, 'negative_binomial': 0.18, 'weibull_copula': 0.3}",0.9,0.1,"[[0.033512338701305114, 0.04997839904942218, 0.03726747324032636, 0.018526197825918547, 0.006907229871845946, 0.002060210085235036, 0.0005120800564594773, 0.0001090981599135421, 2.0337850113637165e-05], [0.06383066127230631, 0.09519342380397894, 0.07098303350536889, 0.03528668854268566, 0.013156140913035831, 0.003924064305762865, 0.000975354448386959, 0.00020779832028261313, 3.8737326964290724e-05], [0.060788853842379434, 0.09065704492217735, 0.06760038456500679, 0.03360512502372481, 0.012529193825526967, 0.0037370656483330235, 0.0009288745851240842, 0.00019789583044523755, 3.6891325581462984e-05], [0.03859466780607532, 0.057557896092665116, 0.042919288996866777, 0.021335796858997353, 0.007954748987832133, 0.002372652191154768, 0.0005897397924186098, 0.00012564349142106458, 2.3422196105788604e-05], [0.018377732374962825, 0.027407506543958612, 0.02043699950654694, 0.01015952687172769, 0.003787835375159598, 0.0011297925197078036, 0.00028081806871334915, 5.9828017476258434e-05, 1.1153013515466025e-05], [0.0070007815368234244, 0.010440568067294034, 0.00778523519084561, 0.0038701525680801805, 0.0014429314464863396, 0.0004303812054193984, 0.00010697434865974877, 2.2790781342705583e-05, 4.248609649218194e-06], [0.0022223879931771175, 0.0033143432619140044, 0.0024714116732809624, 0.0012285743461390225, 0.0004580565048033169, 0.00013662389240147061, 3.395885256365838e-05, 7.234900638555873e-06, 1.3487150002402811e-06], [0.0006047090231984345, 0.0009018287007531547, 0.00067246805843944, 0.0003342935594780162, 0.00012463660820688548, 3.717519207865741e-05, 9.240161765521615e-06, 1.968607512059294e-06, 3.669836828097809e-07], [0.00014397300488380748, 0.00021471316444253752, 0.00016010551082869414, 7.959075592553257e-05, 2.9674283520956686e-05, 8.850908296998736e-06, 2.1999570106597648e-06, 4.6869870975119676e-07, 8.737383027293153e-08]]","{'1x2': {'home': 0.47442517229845094, 'draw': 0.22189617534377318, 'away': 0.3036786523577759}}",1.9046913389491515,1.4913432182360884,0.4649366688524819,0.2241151370972109,0.30671543888135366
sample_run,2,10053,2024-11-15T00:00:00+00:00,2024-2025,ENG Premier League,Chelsea,Arsenal,0,0,3.013241200243495,0.4942936439857743,0.2339548310826592,0.2717515249315665,0.0,1.0,0.0,2.006479657612429,4.399790271293521,3.645229866365004,0.4983853168937333,0.22728356088346088,0.2743311222228058,1x2,home,,,2.006479657612429,,"{'dixon_coles': 0.22, 'bivariate_poisson': 0.18, 'zero_inflated_poisson': 0.12, 'negative_binomial': 0.18, 'weibull_copula': 0.3}",0.9,0.1,"[[0.04913217319364134, 0.061440273367461204, 0.03841583779116153, 0.016013129633180818, 0.005006144640975055, 0.0012520467761371684, 0.00026094950007446395, 4.66171366439559e-05, 7.286899379874222e-06], [0.08661176419079694, 0.10830887629878644, 0.06772066586280374, 0.0282284563778509, 0.008824991669720571, 0.0022071480474361443, 0.00046001011347653693, 8.217817743056826e-05, 1.2845578970917802e-05], [0.0763409921506695, 0.09546517326629009, 0.05969007639287579, 0.024881012260872682, 0.007778488593117098, 0.0019454155372416718, 0.00040546026039580855, 7.243315797566842e-05, 1.132229844931205e-05], [0.044858779766608486, 0.05609635219937434, 0.035074524390191195, 0.014620347704912358, 0.004570722712472058, 0.0011431468819192855, 0.0002382527658182629, 4.256249479987897e-05, 6.653103113817048e-06], [0.019769622441284673, 0.024722110344616823, 0.015457622969447414, 0.006443303977286779, 0.002014353996687165, 0.0005037939589096569, 0.00010499989634860682, 1.8757631320571385e-05, 2.9320756674037948e-06], [0.0069701043765238455, 0.008716185148284587, 0.005449838297619997, 0.002271692410148107, 0.0007101935127935171, 0.00017762081639604086, 3.701943419747052e-05, 6.613310322391742e-06, 1.0337513274402338e-06], [0.002047853770092868, 0.0025608615958264904, 0.0016011915032101138, 0.0006674353231039079, 0.00020865863466380848, 5.218594139403861e-05, 1.087650683443614e-05, 1.9430257776510186e-06, 3.037216430168831e-07], [0.0005157174335017519, 0.0006449098021744721, 0.00040323307486104566, 0.00016808232935692008, 5.254715796524819e-05, 1.3142149187432431e-05, 2.739064806304651e-06, 4.89318271603195e-07, 7.648717331438125e-08], [0.00011364039547847017, 0.00014210844971716471, 8.885401795720587e-05, 3.703761234396584e-05, 1.1578976052629724e-05, 2.895925043596191e-06, 6.035638658094005e-07, 1.0782323475523861e-07, 1.685425401553164e-08]]","{'1x2': {'home': 0.4942936439857743, 'draw': 0.2339548310826592, 'away': 0.2717515249315665}}",1.7628319400698969,1.250509989153355,0.4844077711060588,0.23629437939348577,0.2744690401808822
sample_run,2,10054,2024-11-17T00:00:00+00:00,2024-2025,ENG Premier League,Tottenham,Chelsea,1,2,2.961031070655506,0.5810842146640426,0.2249383842622422,0.19397740107371506,0.0,0.0,1.0,1.8008759303152198,4.258296578051682,4.764650667175101,0.5552853381881577,0.234835686446606,0.20987897536523634,1x2,home,,,1.8008759303152198,,"{'dixon_coles': 0.22, 'bivariate_poisson': 0.18, 'zero_inflated_poisson': 0.12, 'negative_binomial': 0.18, 'weibull_copula': 0.3}",0.9,0.1,"[[0.05942816844080267, 0.05761209573056571, 0.02792576030484709, 0.009024124520087893, 0.0021870887971826374, 0.0004240506563147651, 6.851534002362035e-05, 9.488795902725717e-06, 1.1498533276778074e-06], [0.11016100386921762, 0.10679458019996932, 0.05176551574288353, 0.01672786899303399, 0.004054169996653272, 0.0007860556233962941, 0.00012700574215005806, 1.758922257877793e-05, 2.1314639202708174e-06], [0.10210180703753381, 0.09898166535570747, 0.047978436233687985, 0.015504085766171509, 0.0037575736254825336, 0.0007285490941609261, 0.00011771421212772305, 1.6302424148301033e-05, 1.9755295454035696e-06], [0.06308813847718146, 0.061160220292353226, 0.029645608798253842, 0.009579888330661538, 0.0023217838361616998, 0.0004501664316573082, 7.273495671546819e-05, 1.0073177175049193e-05, 1.220668714319301e-06], [0.02923635730844281, 0.028342919868796848, 0.01373839254688986, 0.0044395197729840425, 0.0010759629855229028, 0.0002086165000566641, 3.370689379457109e-05, 4.6681200972114344e-06, 5.656833051110653e-07], [0.010838989506416959, 0.010507759492677656, 0.00509332578883807, 0.0016458927398253086, 0.0003988989252778074, 7.734178478953783e-05, 1.2496381278927739e-05, 1.7306432608742731e-06, 2.0971954007018094e-07], [0.0033486756541055785, 0.00324634306283762, 0.0015735688329075886, 0.0005084939831207654, 0.0001232387132339095, 2.3894529247073103e-05, 3.860722231384389e-06, 5.34677420824198e-07, 6.479226846815055e-08], [0.0008867691663186865, 0.0008596702782747933, 0.0004166997542421695, 0.00013465525839662364, 3.2635077947497166e-05, 6.327555717146332e-06, 1.0223651939283377e-06, 1.4158894431367072e-07, 1.7157763793264313e-08], [0.00020547365021699195, 0.00019919455566263836, 9.655367236561278e-05, 3.120102560458577e-05, 7.561887406196112e-06, 1.466160551737325e-06, 2.3689266184494728e-07, 3.2807632835583934e-08, 3.97563254347071e-09]]","{'1x2': {'home': 0.5810842146640426, 'draw': 0.2249383842622422, 'away': 0.19397740107371506}}",1.8536833080923694,0.96944087697998,0.5694625303707618,0.22718776810486463,0.1959171750844522
sample_run,2,10055,2024-11-19T00:00:00+00:00,2024-2025,ENG Premier League,Newcastle,Brighton,2,1,2.496638616373996,0.48203694637659567,0.28810757480608823,0.22985547881731594,1.0,0.0,0.0,2.200311245697146,3.898728273367554,3.4599089299119017,0.4544811566797952,0.2564938949018478,0.28902494841835696,1x2,home,0.048386386162417916,0.02,2.200311245697146,1.2003112456971459,"{'dixon_coles': 0.22, 'bivariate_poisson': 0.18, 'zero_inflated_poisson': 0.12, 'negative_binomial': 0.18, 'weibull_copula': 0.3}",0.9,0.1,"[[0.1238521925741958, 0.09862751127320776, 0.03927014038980119, 0.010424028119042816, 0.00207524778014574, 0.00033051740074509917, 4.386695139107064e-05, 4.99038197169953e-06, 4.967503440406938e-07], [0.16005950622289897, 0.1274605675222584, 0.05075048854165442, 0.013471419107805336, 0.0026819318098168206, 0.00042714182818882646, 5.66911447688133e-05, 6.449284890740823e-06, 6.419717982431116e-07], [0.10342588613023826, 0.08236138204933843, 0.03279351769118587, 0.008704846663192184, 0.001732987815074833, 0.0002760068622365842, 3.663220024736836e-05, 4.16734388648138e-06, 4.14823859392972e-07], [0.0445539044582102, 0.03547971677275799, 0.014126823648596716, 0.003749882365686055, 0.0007465381871890245, 0.00011889850626383825, 1.5780455077368687e-05, 1.795212478324744e-06, 1.7869822816994915e-07], [0.01439473092818124, 0.011462990338612552, 0.004564175188779544, 0.0012115334968456522, 0.00024119583822957054, 3.84144111777219e-05, 5.098439912848412e-06, 5.800075413959844e-07, 5.7734848227766046e-08], [0.0037205857670964074, 0.002962822918677102, 0.001179695913083199, 0.0003131433513564124, 6.234154756189056e-05, 9.928918587801597e-06, 1.317786561539903e-06, 1.499137298288588e-07, 1.49226446575086e-08], [0.0008013787891894379, 0.0006381638784274393, 0.0002540952800494454, 6.744809969763611e-05, 1.3427776438636542e-05, 2.1385946337322456e-06, 2.8383869240060873e-07, 3.2289991634000244e-08, 3.2141957357621113e-09], [0.00014795088821969868, 0.00011781808293000407, 4.6911177189719425e-05, 1.2452296459068268e-05, 2.479041718737323e-06, 3.948282383697723e-07, 5.2402418454652785e-08, 5.9613918003607934e-09, 5.934061650158782e-10], [2.3900410664407307e-05, 1.9032670905894398e-05, 7.578166059538336e-06, 2.0115796712537147e-06, 4.0047150676133195e-07, 6.378168561535978e-08, 8.465236917094517e-09, 9.630203229904174e-10, 9.586053321700986e-11]]","{'1x2': {'home': 0.48203694637659567, 'draw': 0.28810757480608823, 'away': 0.22985547881731594}}",1.2923429363352816,0.7963323799384758,0.47239620744906374,0.29098865055414913,0.2321540336054891
sample_run,2,10056,2024-11-21T00:00:00+00:00,2024-2025,ENG Premier League,Brighton,Wolves,1,0,2.083940894117153,0.5842598066140153,0.2313850675736532,0.18435512581233146,1.0,0.0,0.0,1.7983228236560889,4.925788583157458,4.150873707454837,0.5560736853503006,0.2030131791322222,0.2409131355174772,1x2,home,0.03908254817195012,0.02,1.7983228236560889,0.7983228236560889,"{'dixon_coles': 0.22, 'bivariate_poisson': 0.18, 'zero_inflated_poisson': 0.12, 'negative_binomial': 0.18, 'weibull_copula': 0.3}",0.9,0.1,"[[0.0701423613607432, 0.06195236958053371, 0.027359330525697972, 0.008054929637962692, 0.0017786041423305588, 0.000314186004079414, 4.62501477094856e-05, 5.835695512599856e-06, 6.44288198569242e-07], [0.1244388443106221, 0.10990906384313479, 0.04853790784459707, 0.014290168105353255, 0.0031554033777022364, 0.0005573941693399587, 8.205191297401985e-05, 1.0353047591338108e-05, 1.1430250889414823e-06], [0.1103828390786812, 0.09749427178222075, 0.04305530238975933, 0.012676020378677409, 0.0027989843942925626, 0.0004944336411873598, 7.278372887569538e-05, 9.183617805031744e-06, 1.0139145469768155e-06], [0.06527635445116378, 0.057654529408126654, 0.025461323546793733, 0.007496132606979941, 0.0016552165078385316, 0.00029238988491426675, 4.304162244803949e-05, 5.430854071056867e-06, 5.995918016248265e-07], [0.028951527832578546, 0.025571077411842776, 0.011292668279610766, 0.003324703005129449, 0.0007341256600272098, 0.0001296814744363977, 1.908992529899985e-05, 2.4087056349096124e-06, 2.6593241731834477e-07], [0.010272521753250285, 0.009073077265083546, 0.004006841408348888, 0.001179664304446728, 0.0002604809616908247, 4.601331490500544e-05, 6.77344815914101e-06, 8.546519953928723e-07, 9.435759513607071e-08], [0.0030373959243541657, 0.0026827422290534968, 0.0011847493785449171, 0.00034880505843649034, 7.701943402176094e-05, 1.3605291720532714e-05, 2.0027841582218617e-06, 2.527048907660967e-07, 2.7899807056381196e-08], [0.0007698018536015441, 0.00067991792709725, 0.00030026453263615145, 8.840163983136245e-05, 1.9519912632364528e-05, 3.4481440833179342e-06, 5.075884065692935e-07, 6.404587948713996e-08, 7.070965959663082e-09], [0.00017071219722288204, 0.000150779428138501, 6.658702869394646e-05, 1.9604055385308387e-05, 4.328759614541613e-06, 7.646646342176388e-07, 1.125634236458428e-07, 1.420289228867043e-08, 1.5680660286992432e-09]]","{'1x2': {'home': 0.5842598066140153, 'draw': 0.2313850675736532, 'away': 0.18435512581233146}}",1.7740897497110382,0.8832375810947076,0.572574610481735,0.23369891824938974,0.1861986770704548
sample_run,2,10057,2024-11-23T00:00:00+00:00,2024-2025,ENG Premier League,Aston Villa,Man City,3,0,3.213681167397897,0.48502899448585807,0.221071826869806,0.293899178644336,1.0,0.0,0.0,2.3650962792007078,4.942574371157736,2.6676589036524643,0.4228157681335296,0.20232371329311177,0.3748605185733586,1x2,home,,,2.3650962792007078,,"{'dixon_coles': 0.22, 'bivariate_poisson': 0.18, 'zero_inflated_poisson': 0.12, 'negative_binomial': 0.18, 'weibull_copula': 0.3}",0.9,0.1,"[[0.0338586604350159, 0.049484206793642016, 0.036160419380672666, 0.017616070722509536, 0.006436442518134693, 0.0018813635772393343, 0.00045826672365857304, 9.56791093530412e-05, 1.7479297660580784e-05], [0.06515317718672596, 0.09522093466628999, 0.06958238101525115, 0.033898062190629026, 0.012385448049283092, 0.0036202499722570425, 0.0008818285384506639, 0.00018411236252867117, 3.363487400114592e-05], [0.06268612583879553, 0.09161535554700298, 0.0669476160768675, 0.032614498385598524, 0.011916468060523136, 0.003483167746039509, 0.0008484377449642113, 0.0001771408736196153, 3.2361275923124597e-05], [0.04020832692385209, 0.05876420209077674, 0.04294174505078884, 0.02091969149470075, 0.007643497458868681, 0.0022341841290931595, 0.0005442075382323919, 0.000113622241967715, 2.0757268766874212e-05], [0.01934291119903773, 0.02826953593162103, 0.020657869272257462, 0.010063779466865092, 0.003677036671457783, 0.0010747929226996107, 0.0002618004500861636, 5.465994496063788e-05, 9.98564320402073e-06], [0.007444193624120377, 0.010879639417952986, 0.00795026028616114, 0.003873084158372067, 0.001415121677583081, 0.0004136381819717075, 0.00010075490815571844, 2.1036089634273545e-05, 3.84301311768469e-06], [0.0023874387427675705, 0.003489225826904977, 0.002549740157317618, 0.001242142754553811, 0.00045384584138772986, 0.00013265853509336766, 3.231326096563938e-05, 6.746516536924487e-06, 1.2324986250218003e-06], [0.000656296403222329, 0.0009591728236652532, 0.0007009123477904458, 0.0003414595765323506, 0.0001247602244130863, 3.646724746436619e-05, 8.882773228162451e-06, 1.854587704449665e-06, 3.388084477680031e-07], [0.00015786136876347776, 0.0002307133394013627, 0.00016859300471884413, 8.213251796617561e-05, 3.0009032041604193e-05, 8.771600105525993e-06, 2.136605858768163e-06, 4.460907481419816e-07, 8.149483229023208e-08]]","{'1x2': {'home': 0.48502899448585807, 'draw': 0.221071826869806, 'away': 0.293899178644336}}",1.9242691928634585,1.4614933419653697,0.4753284145961409,0.22328254513850407,0.29683817043077937
sample_run,2,10058,2024-11-25T00:00:00+00:00,2024-2025,ENG Premier League,West Ham,Newcastle,1,1,2.0799580359526657,0.3239279207334318,0.2626688028980455,0.41340327636852275,0.0,1.0,0.0,3.195012284429435,4.307809171627348,2.198403262800941,0.31298784197901136,0.23213655948047326,0.4548755985405154,1x2,away,0.059298472667834466,0.02,2.198403262800941,-1.0,"{'dixon_coles': 0.22, 'bivariate_poisson': 0.18, 'zero_inflated_poisson': 0.12, 'negative_binomial': 0.18, 'weibull_copula': 0.3}",0.9,0.1,"[[0.07450990974904602, 0.10386735816598443, 0.0723959277948194, 0.03364015062940238, 0.01172365389365721, 0.003268571823769045, 0.0007594021642090165, 0.00015123030872688051, 2.6352019306882215e-05], [0.08962324287799829, 0.12493545488592203, 0.08708046811472886, 0.04046360276728127, 0.014101639417732391, 0.00393155766008139, 0.0009134366802243191, 0.0001819053429965725, 3.169717202209661e-05], [0.05390105618851264, 0.07513846584317965, 0.05237178497505865, 0.02433555020228248, 0.008480983662240751, 0.0023645106284861683, 0.0005493575131223718, 0.00010940119771381237, 1.9063258540038886e-05], [0.021611386845204406, 0.03012643104084863, 0.020998232407755127, 0.009757229759525636, 0.0034004123798895987, 0.0009480399366033657, 0.00022026243216616726, 4.3863919787638066e-05, 7.643328052757684e-06], [0.006498741505263097, 0.009059293103813659, 0.006314360363028715, 0.002934088148474757, 0.0010225350749807462, 0.0002850842719526089, 6.623492607028615e-05, 1.3190281500639094e-05, 2.2984185888015053e-06], [0.0015633847639574675, 0.0021793697747874716, 0.001519028688508574, 0.0007058456939268437, 0.00024598851262853645, 6.858195649937184e-05, 1.5933958009604268e-05, 3.1731505421024367e-06, 5.529243777458763e-07], [0.00031341605629783603, 0.00043690427064132197, 0.00030452387149436453, 0.00014150283336865067, 4.931399569703353e-05, 1.3748814005844847e-05, 3.1943245167261652e-06, 6.361302424539571e-07, 1.1084627527351425e-07], [5.385546975285771e-05, 7.5074918019063e-05, 5.2327491909676975e-05, 2.431496858344474e-05, 8.473810930510652e-06, 2.3625108604065985e-06, 5.488928979052616e-07, 1.0930867242743003e-07, 1.904713592444914e-08], [8.097415938070667e-06, 1.1287856934618084e-05, 7.867677488157063e-06, 3.6558666193943203e-06, 1.274076189471422e-06, 3.552143019587409e-07, 8.252855504163562e-08, 1.6435058320817094e-08, 2.863823910867453e-09]]","{'1x2': {'home': 0.3239279207334318, 'draw': 0.2626688028980455, 'away': 0.41340327636852275}}",1.2028365512702257,1.3940073007176643,0.31744936231876314,0.265295490927026,0.417537309132208
sample_run,2,10059,2024-11-27T00:00:00+00:00,2024-2025,ENG Premier League,Wolves,West Ham,2,3,3.975566903952543,0.5033150372365691,0.24544222060838158,0.2512427421550493,0.0,0.0,1.0,2.305594167911223,4.864590437786308,2.7723472692423803,0.4337276758927442,0.20556715160075476,0.3607051725065011,1x2,home,0.07064851146401144,0.02,2.305594167911223,-1.0,"{'dixon_coles': 0.22, 'bivariate_poisson': 0.18, 'zero_inflated_poisson': 0.12, 'negative_binomial': 0.18, 'weibull_copula': 0.3}",0.9,0.1,"[[0.06546724395386362, 0.07102660624241053, 0.03852902986010538, 0.013933615589012844, 0.0037792083804206126, 0.0008200264111723356, 0.0001482769333616678, 2.2981192522855313e-05, 3.1165893310175436e-06], [0.10745429011619767, 0.11657911792528576, 0.06323940496717785, 0.022869861039583297, 0.0062029822731726, 0.0013459457060870565, 0.00024337350486623716, 3.772005020262277e-05, 5.115396248912073e-06], [0.08818474527897513, 0.09567323750379739, 0.051898819605936744, 0.01876865845151772, 0.005090614912984919, 0.00110458018123118, 0.00019972986198198693, 3.095579539385028e-05, 4.198063332078513e-06], [0.048247177421570996, 0.052344242189951005, 0.028394611217352234, 0.010268610420209939, 0.002785150652924049, 0.0006043321417056673, 0.0001092751592913917, 1.693637315465523e-05, 2.296822492019761e-06], [0.0197975578580897, 0.021478731371964096, 0.011651333580027477, 0.004213581390263835, 0.0011428478128983316, 0.00024797928459897953, 4.48395409667232e-05, 6.9496050412593525e-06, 9.424691475359342e-07], [0.006498921894969531, 0.007050798820238709, 0.003824770077784774, 0.001383187590596293, 0.00037516135712809977, 8.140387888906489e-05, 1.4719425326995316e-05, 2.2813389756340928e-06, 3.0938327960242504e-07], [0.0017778281080451479, 0.0019287981190379752, 0.0010462941178534778, 0.00037838118644952, 0.00010262816149105708, 2.2268632602725114e-05, 4.0266075671504285e-06, 6.240771347014673e-07, 8.463408231788899e-08], [0.000416861156731932, 0.0004522602671012142, 0.00024533270358167883, 8.872197393840626e-05, 2.4064021667131348e-05, 5.221499144716338e-06, 9.441499324665034e-07, 1.4633221011881806e-07, 1.9844810245898527e-08], [8.552658735950048e-05, 9.278935352649536e-05, 5.0334430460053496e-05, 1.820291368531141e-05, 4.937168210801465e-06, 1.0712847564142709e-06, 1.9370939310493298e-07, 3.002269304809322e-08, 4.071520864247843e-09]]","{'1x2': {'home': 0.5033150372365691, 'draw': 0.24544222060838158, 'away': 0.2512427421550493}}",1.641344336901113,1.0849182270826114,0.4932487364918377,0.2478966428144654,0.2537551695765998
sample_run,2,10060,2024-11-29T00:00:00+00:00,2024-2025,ENG Premier League,Arsenal,Liverpool,1,2,2.8035382990711732,0.5442800113666452,0.22160201104379873,0.2341179775895561,0.0,0.0,1.0,1.8737491860938482,4.722965309988681,3.928049844777491,0.5336893579042303,0.21173138788148257,0.2545792542142871,1x2,home,,,1.8737491860938482,,"{'dixon_coles': 0.22, 'bivariate_poisson': 0.18, 'zero_inflated_poisson': 0.12, 'negative_binomial': 0.18, 'weibull_copula': 0.3}",0.9,0.1,"[[0.04442331008753347, 0.05290955099958501, 0.031508464604073826, 0.012509188769011475, 0.003724708716174582, 0.0008872489032839653, 0.00017612352991079312, 2.9966947113641374e-05, 4.461446348456666e-06], [0.08543237149014922, 0.10175262508504618, 0.06059527864617332, 0.02405695703109025, 0.007163146962840198, 0.0017063063909516037, 0.0003387107085412312, 5.763072029512542e-05, 8.579998678029229e-06], [0.08214932750451542, 0.09784241706926576, 0.05826668865566765, 0.023132482540730602, 0.00688787745850161, 0.001640735474017522, 0.0003256945399022245, 5.541605404681143e-05, 8.250281586424231e-06], [0.052661630806009496, 0.0627216485075433, 0.037351722034545114, 0.014829022856206053, 0.00441545744530543, 0.0010517895691633562, 0.00020878570935253636, 3.552432950566327e-05, 5.288823367738585e-06], [0.025318959783900974, 0.03015567258052405, 0.017958174359161243, 0.007129582346469684, 0.0021228888618553153, 0.0005056853993160924, 0.00010038118640919234, 1.7079590136834413e-05, 2.5427907207280797e-06], [0.009738395332271272, 0.011598733265748323, 0.006907226949606718, 0.0027422410729547996, 0.0008165237102816409, 0.00019450105274186055, 3.860947232898193e-05, 6.569298355275006e-06, 9.780299624088965e-07], [0.0031213875707189883, 0.003717670172191278, 0.0022139306952544103, 0.0008789535553841467, 0.00026171529020028387, 6.234221838461818e-05, 1.2375255155265437e-05, 2.1056165348462667e-06, 3.1348188939685267e-07], [0.0008575534587615202, 0.0010213729767504687, 0.0006082435718600612, 0.0002414790359842402, 7.19022701401773e-05, 1.712757028448115e-05, 3.3999119369241654e-06, 5.784859141561004e-07, 8.612435092430542e-08], [0.00020614972611568273, 0.00024553076810296306, 0.00014621741008620444, 5.8049835403525456e-05, 1.7284792154999e-05, 4.117345556826445e-06, 8.173145445959539e-07, 1.3906388172847936e-07, 2.070367878939885e-08]]","{'1x2': {'home': 0.5442800113666452, 'draw': 0.22160201104379873, 'away': 0.2341179775895561}}",1.9231428572479146,1.1910312602849702,0.5333944111393123,0.2238180311542367,0.23645915736545167
sample_run,2,10061,2024-12-01T00:00:00+00:00,2024-2025,ENG Premier League,Liverpool,Tottenham,2,1,2.467615822606588,0.43988704129054484,0.2803792199188972,0.27973373879055813,1.0,0.0,0.0,2.267883403314777,3.5888390139943227,3.5660975008890765,0.4409397760653757,0.278641643188953,0.2804185807456713,1x2,home,0.06885620656007223,0.02,2.267883403314777,1.267883403314777,"{'dixon_coles': 0.22, 'bivariate_poisson': 0.18, 'zero_inflated_poisson': 0.12, 'negative_binomial': 0.18, 'weibull_copula': 0.3}",0.9,0.1,"[[0.10234777048309368, 0.10003803870149744, 0.0488902158786908, 0.015928962220709164, 0.0038923714009315336, 0.0007609060734963663, 0.0001239557228414138, 1.7308336273961677e-05, 2.1147163317044687e-06], [0.13325233638498205, 0.13024516627402016, 0.06365293021480947, 0.02073881455432608, 0.005067697916662373, 0.0009906665439249817, 0.00016138494858211004, 2.2534699452229956e-05, 2.753268494868159e-06], [0.08674436711344613, 0.08478676490432448, 0.04143667042690813, 0.013500516328664471, 0.003298960907019043, 0.0006449023312053734, 0.00010505808457981332, 1.4669598260760521e-05, 1.792317790141545e-06], [0.037645795088464766, 0.036796224170125603, 0.01798291296539796, 0.00585902794855476, 0.0014317011057106888, 0.000279878242478611, 4.5593682403674985e-05, 6.366392522438339e-06, 7.778398817854728e-07], [0.012253296107307105, 0.01197677003043441, 0.0058532422258355185, 0.001907049756444853, 0.00046600310988802884, 9.109731833327506e-05, 1.484024682708675e-05, 2.0721913969267175e-06, 2.5317840606614325e-07], [0.0031906514954038747, 0.0031186465154404933, 0.0015241332533934442, 0.0004965791329878831, 0.00012134314770541033, 2.372094760641714e-05, 3.864270912605329e-06, 5.395805766437411e-07, 6.592545000501419e-08], [0.0006923481973047855, 0.0006767236397037981, 0.00033072584453654256, 0.00010775406466001864, 2.6330581603834775e-05, 5.14727331935866e-06, 8.385187176015791e-07, 1.1708506556673723e-07, 1.43053437623092e-08], [0.0001287724538841988, 0.00012586638345465676, 6.151294786306257e-05, 2.0041585110329735e-05, 4.897324234428984e-06, 9.57360788584086e-07, 1.55959260547988e-07, 2.1777093180736218e-08, 2.660704869458377e-09], [2.0957015308080517e-05, 2.0484068178152867e-05, 1.0010897137757697e-05, 3.261658788711776e-06, 7.970128381793281e-07, 1.5580525257175857e-07, 2.538151997693787e-08, 3.5441032719978783e-09, 4.330152217932203e-10]]","{'1x2': {'home': 0.43988704129054484, 'draw': 0.2803792199188972, 'away': 0.27973373879055813}}",1.301956415425711,0.9774325149371204,0.4310893004647339,0.28318301211808616,0.28253107617846374
sample_run,2,10062,2024-12-03T00:00:00+00:00,2024-2025,ENG Premier League,Man City,Aston Villa,3,1,2.761741244477183,0.6152455223818536,0.21643000428685003,0.16832447333129638,1.0,0.0,0.0,1.7976911886889795,5.555624161826877,3.7917113466580137,0.5562690668408294,0.17999777718425902,0.2637331559749116,1x2,home,0.06240929934971542,0.02,1.7976911886889795,0.7976911886889795,"{'dixon_coles': 0.22, 'bivariate_poisson': 0.18, 'zero_inflated_poisson': 0.12, 'negative_binomial': 0.18, 'weibull_copula': 0.3}",0.9,0.1,"[[0.060323576393189804, 0.05363181477329238, 0.023841188867255798, 0.007065486397167567, 0.0015704260274051302, 0.00027924338327678405, 4.1377767212585e-05, 5.255383619861818e-06, 5.840497565700609e-07], [0.11576937085840792, 0.10292694540902052, 0.04575457227019252, 0.013559655509766367, 0.003013866949587654, 0.0005359070653837459, 7.940971613658205e-05, 1.0085815392067362e-05, 1.1208730799945675e-06], [0.11108879836296193, 0.09876559404164592, 0.043904708261078354, 0.013011436666076194, 0.0028920158706314866, 0.0005142402648150689, 7.619916976784822e-05, 9.678044409395326e-06, 1.075556018407311e-06], [0.0710649747293417, 0.06318165781004717, 0.02808642301520222, 0.00832358825996109, 0.0018500608323422502, 0.0003289663040956713, 4.8745617503721206e-05, 6.191173111225538e-06, 6.880474214724324e-07], [0.03409590373446982, 0.03031360709942149, 0.013475442424614556, 0.0039935321882246366, 0.0008876313019556996, 0.00015783307429643317, 2.3387412550474588e-05, 2.970431541103841e-06, 3.3011478209374655e-07], [0.013086960555720749, 0.011635209422845771, 0.005172251331280306, 0.0015328292404949704, 0.0003406976957461757, 6.058074406214832e-05, 8.976742424310713e-06, 1.1401346248110892e-06, 1.2670727738340118e-07], [0.004185950945915827, 0.0037215987380812936, 0.0016543788193220243, 0.0004902855771482064, 0.00010897441279110694, 1.937715192397234e-05, 2.8712704743241817e-06, 3.6467960538882545e-07, 4.052816124563131e-08], [0.001147632097308432, 0.001020323988577035, 0.0004535691551793355, 0.00013441807428050677, 2.9876731839496258e-05, 5.312494529843843e-06, 7.871955975985527e-07, 9.998158740640072e-08, 1.111131479831571e-08], [0.0002753082911901746, 0.0002447680353436406, 0.00010880782207282075, 3.224588299859534e-05, 7.16720280686625e-06, 1.2744274009054525e-06, 1.888422912844349e-07, 2.3984829322823977e-08, 2.665520681388075e-09]]","{'1x2': {'home': 0.6152455223818536, 'draw': 0.21643000428685003, 'away': 0.16832447333129638}}",1.9191397092211797,0.8890688845057786,0.6029406119342166,0.21859430432971852,0.17000771806460935
sample_run,2,10063,2024-12-05T00:00:00+00:00,2024-2025,ENG Premier League,Chelsea,Arsenal,2,0,2.374639195119754,0.5699205093686417,0.2215635921063265,0.20851589852503166,1.0,0.0,0.0,1.8461853913254729,5.327709067547601,3.6948818068044464,0.5416574113838306,0.18769793682827923,0.2706446517878902,1x2,home,0.07439048125549395,0.02,1.8461853913254729,0.8461853913254729,"{'dixon_coles': 0.22, 'bivariate_poisson': 0.18, 'zero_inflated_poisson': 0.12, 'negative_binomial': 0.18, 'weibull_copula': 0.3}",0.9,0.1,"[[0.05115590176486236, 0.054518872885745306, 0.029051462276965024, 0.010320431754567616, 0.002749723333680711, 0.0005860978371135937, 0.00010410461738145665, 1.5849774082838925e-05, 2.1114665871348477e-06], [0.0975700484653018, 0.1039842693847215, 0.055410079473925795, 0.019684239584017257, 0.005244568655374187, 0.0011178689535263197, 0.00019855954470432852, 3.023039712084409e-05, 4.027216609074017e-06], [0.09304805534735314, 0.09916500201805774, 0.05284203731357792, 0.01877195146557245, 0.0050015032501679445, 0.0010660600655107296, 0.00018935708033356103, 2.8829335525779637e-05, 3.8405707471812905e-06], [0.059157092708308975, 0.06304605932818952, 0.033595342627912035, 0.011934629574140106, 0.003179801988838773, 0.0006777682122707376, 0.00012038740965031711, 1.8328805132476156e-05, 2.4417167977953446e-06], [0.02820769551256678, 0.030062059566815146, 0.01601916443326828, 0.00569075290333418, 0.0015162152530666907, 0.00032317814288301583, 5.740396019302382e-05, 8.73966807049395e-06, 1.1642763497479435e-06], [0.0107601513151159, 0.011467519905653006, 0.0061106953301767524, 0.002170803435875536, 0.0005783778239528993, 0.0001232800360316625, 2.1897403759504076e-05, 3.333847348164482e-06, 4.441266636020455e-07], [0.0034204866857642036, 0.0036453482862196713, 0.0019424961048892036, 0.0006900650401999928, 0.000183857418751444, 3.918882825322897e-05, 6.96084802329566e-06, 1.0597788202799156e-06, 1.4118103873777274e-07], [0.000931988686100753, 0.0009932572969201464, 0.0005292768424114021, 0.00018802377241131291, 5.009609739023165e-05, 1.0677879468311646e-05, 1.8966399227275248e-06, 2.8876062414767526e-07, 3.8467955844756916e-08], [0.00022219865678925374, 0.000236805918905675, 0.00012618672866674413, 4.482740005035381e-05, 1.1943584419532064e-05, 2.545750297831305e-06, 4.521845055932053e-07, 6.88444224443125e-08, 9.171278842337017e-09]]","{'1x2': {'home': 0.5699205093686417, 'draw': 0.2215635921063265, 'away': 0.20851589852503166}}",1.9073077611608071,1.0657396508489052,0.5585220991812688,0.22377922802738978,0.210601057510282
sample_run,2,10064,2024-12-07T00:00:00+00:00,2024-2025,ENG Premier League,Tottenham,Chelsea,2,1,2.4317533018072117,0.4535667761791321,0.22126367057468288,0.32516955324618496,1.0,0.0,0.0,2.2364887735446155,4.382576071240921,3.079820513865614,0.44712945212557365,0.22817630173316106,0.32469424614126535,1x2,home,,,2.2364887735446155,,"{'dixon_coles': 0.22, 'bivariate_poisson': 0.18, 'zero_inflated_poisson': 0.12, 'negative_binomial': 0.18, 'weibull_copula': 0.3}",0.9,0.1,"[[0.031114829714822555, 0.04911741683348222, 0.038768019277392346, 0.02039954345573717, 0.008050605517622796, 0.002541713713976312, 0.0006687187058656256, 0.00015080422937225238, 2.975716990185055e-05], [0.05885944286446689, 0.09291465890244992, 0.07333686337158987, 0.03858950132457824, 0.015229206131992589, 0.00480812058098303, 0.001265004848846961, 0.000285274031830152, 5.6291178762640867e-05], [0.055671749549460775, 0.08788261268122724, 0.06936510594854665, 0.03649958185855422, 0.014404427027447073, 0.0045477237255619665, 0.0011964950685317594, 0.0002698242402596851, 5.3242576779630746e-05], [0.03510446296084964, 0.05541539374525941, 0.04373896657195593, 0.023015231779302446, 0.00908287738663631, 0.0028676195803462676, 0.0007544637478798119, 0.0001701407827990068, 3.357272008921164e-05], [0.01660164261599356, 0.02620711114166251, 0.020685081900564315, 0.01088438963303226, 0.004295484721301542, 0.0013561579188557374, 0.00035680185516561314, 8.046317283317103e-05, 1.5877249032109652e-05], [0.006281014191421837, 0.009915117485927176, 0.007825929998216137, 0.004117966356183297, 0.0016251404224024723, 0.0005130845983840141, 0.00013499131186343354, 3.0442188290759626e-05, 6.006949360260703e-06], [0.0019802829246766012, 0.0031260457714551437, 0.0024673651536000767, 0.001298315560356426, 0.000512375506662694, 0.00016176570186420968, 4.2560163329664076e-05, 9.597836245030789e-06, 1.8938755565569774e-06], [0.0005351529467219911, 0.0008447846443231044, 0.00066678236535513, 0.00035085764222969357, 0.00013846469047522244, 4.371566858070065e-05, 1.150148624472865e-05, 2.5937255150155695e-06, 5.118021633104437e-07], [0.00012654257061677187, 0.00019975825820455688, 0.00015766773792577616, 8.296399793786396e-05, 3.2741439582304514e-05, 1.0337031893998884e-05, 2.719647988928093e-06, 6.133138127236874e-07, 1.2102103107015753e-07]]","{'1x2': {'home': 0.4535667761791321, 'draw': 0.22126367057468288, 'away': 0.32516955324618496}}",1.8916845569759713,1.5785854296378665,0.44449544065554947,0.22347630728042972,0.3284212487786468
sample_run,2,10065,2024-12-09T00:00:00+00:00,2024-2025,ENG Premier League,Newcastle,Brighton,0,0,2.7881123995232677,0.5592077438118438,0.2316127515691472,0.20917950461900908,0.0,1.0,0.0,1.8023389534530787,4.28433815105985,4.722391242904333,0.5548345931735607,0.2334082802853977,0.2117571265410417,1x2,home,0.06912512227002235,0.02,1.8023389534530787,-1.0,"{'dixon_coles': 0.22, 'bivariate_poisson': 0.18, 'zero_inflated_poisson': 0.12, 'negative_binomial': 0.18, 'weibull_copula': 0.3}",0.9,0.1,"[[0.06153726211953366, 0.06147368927566096, 0.03070509105377429, 0.01022445675789138, 0.0025534735219700806, 0.0005101671164970115, 8.494001227331737e-05, 1.212175179189582e-05, 1.5136536333145383e-06], [0.11010564331650306, 0.10999189550532378, 0.05493913260230111, 0.01829412538215681, 0.004568806527044482, 0.0009128173179319616, 0.00015197905094475376, 2.1688863514550154e-05, 2.708307151051433e-06], [0.09850334799257125, 0.09840158626728183, 0.04914996483493919, 0.016366396348625915, 0.004087372142684164, 0.0008166299129957553, 0.00013596437831763674, 1.940341662775517e-05, 2.4229214210567434e-06], [0.0587490902584299, 0.05868839781593208, 0.029313884036756433, 0.00976120016106635, 0.0024377790179116923, 0.0004870521199943333, 8.109149279186489e-05, 1.157253126941307e-05, 1.4450719915172926e-06], [0.02627922560398738, 0.026252077091868452, 0.013112478313151576, 0.004366310696386197, 0.0010904499882902572, 0.00021786469349446377, 3.627327034797367e-05, 5.176542457088803e-06, 6.463993350711876e-07], [0.009404029172978346, 0.009394314069351754, 0.0046923045010966126, 0.0015624856601890497, 0.00039021787232571757, 7.796294929912453e-05, 1.2980401237543205e-05, 1.8524273513690519e-06, 2.3131420598181233e-07], [0.0028043623386175597, 0.002801465211202805, 0.0013992855383745519, 0.00046594665536074827, 0.00011636632393167474, 2.3249221668755292e-05, 3.870867231601977e-06, 5.524097600772519e-07, 6.897988465482111e-08], [0.0007168156768548603, 0.0007160751497410332, 0.000357667693825052, 0.0001190993982986239, 2.974408980735164e-05, 5.942672363462455e-06, 9.894221857236494e-07, 1.412000049416606e-07, 1.763176677539845e-08], [0.00016032044756506526, 0.00016015482390174953, 7.999468567036858e-05, 2.663734828421099e-05, 6.652457450781515e-06, 1.3291169875400932e-06, 2.2129065081557726e-07, 3.158029144641602e-08, 3.943458314412785e-09]]","{'1x2': {'home': 0.5592077438118438, 'draw': 0.2316127515691472, 'away': 0.20917950461900908}}",1.7892515774040656,0.9989669211517858,0.5480235889356069,0.23392887908483867,0.21127129966519917
sample_run,2,10066,2024-12-11T00:00:00+00:00,2024-2025,ENG Premier League,Brighton,Wolves,2,1,2.314623146938833,0.587113990361902,0.2248606915531414,0.18802531808495673,1.0,0.0,0.0,1.7537994928299572,5.314223870691331,4.138470599771488,0.5701906084978876,0.1881742328386157,0.24163515866349672,1x2,home,0.06977334263248718,0.02,1.7537994928299572,0.7537994928299572,"{'dixon_coles': 0.22, 'bivariate_poisson': 0.18, 'zero_inflated_poisson': 0.12, 'negative_binomial': 0.18, 'weibull_copula': 0.3}",0.9,0.1,"[[0.06150786167742017, 0.05782508698662857, 0.02718140895994328, 0.008517975288920659, 0.002001990674846563, 0.0003764243521472303, 5.8980999374669046e-05, 7.921360030563292e-06, 9.308837121139073e-07], [0.11370339946804058, 0.10689542418816525, 0.05024753774217432, 0.015746324461976758, 0.0037008788669519958, 0.0006958578515729356, 0.00010903224319671275, 1.4643421821571046e-05, 1.7208311212619534e-06], [0.10509602104518379, 0.0988034113550929, 0.046443785398910045, 0.014554323395628548, 0.003420721325013569, 0.0006431812219820334, 0.00010077847258055061, 1.3534910786602314e-05, 1.590563734958399e-06], [0.06476014901462561, 0.060882644070399776, 0.028618652098575725, 0.008968371423907016, 0.002107847857057745, 0.0003963281517675904, 6.209967643757818e-05, 8.340209560009766e-06, 9.801050836061678e-07], [0.029928894015360346, 0.02813690563538361, 0.013226106155612812, 0.004144731627715683, 0.0009741415990277949, 0.00018316300116723004, 2.869935697752489e-05, 3.854426708175951e-06, 4.5295543042280724e-07], [0.011065307422691397, 0.010402773674796919, 0.00488995452160362, 0.0015323897241805232, 0.00036015952547202546, 6.771900476302253e-05, 1.061072312351041e-05, 1.4250582210725838e-06, 1.6746663220610558e-07], [0.003409220208622622, 0.00320509362126867, 0.0015065945425167212, 0.0004721291343834348, 0.00011096511697896523, 2.0864219196700283e-05, 3.269162827468233e-06, 4.3906030805629177e-07, 5.1596454122569744e-08], [0.0009003260876715794, 0.0008464191879889731, 0.0003978699782257392, 0.00012468252281272913, 2.9304293511170405e-05, 5.509940599958106e-06, 8.633389450677277e-07, 1.1594952077440195e-07, 1.3625882411587412e-08], [0.0002080427891781195, 0.00019558625601809684, 9.193777802705937e-05, 2.8811005437828443e-05, 6.7714876203632305e-06, 1.273209147571867e-06, 1.9949598772873054e-07, 2.6793027588657715e-08, 3.1485998470298596e-09]]","{'1x2': {'home': 0.587113990361902, 'draw': 0.2248606915531414, 'away': 0.18802531808495673}}",1.8485994532595111,0.9401251386350248,0.575371710554664,0.2271092984686728,0.1899055712658063
sample_run,2,10067,2024-12-13T00:00:00+00:00,2024-2025,ENG Premier League,Aston Villa,Man City,1,1,2.2571363411720182,0.6054637265272704,0.22003965313615562,0.1744966203365739,0.0,1.0,0.0,1.6962838487871468,4.9159725398449075,4.829576918170407,0.5895239766121726,0.20341854880083377,0.20705747458699364,1x2,home,,,1.6962838487871468,,"{'dixon_coles': 0.22, 'bivariate_poisson': 0.18, 'zero_inflated_poisson': 0.12, 'negative_binomial': 0.18, 'weibull_copula': 0.3}",0.9,0.1,"[[0.06161135392078566, 0.05546194599060976, 0.024963154169767098, 0.0074905301280397095, 0.001685725726529676, 0.00030349480493473976, 4.553384890000086e-05, 5.85559016949877e-06, 6.588932174365063e-07], [0.1162528988506789, 0.10464973721561018, 0.04710234156553383, 0.01413369104714943, 0.0031807530577594983, 0.0005726566389881229, 8.591666297838104e-05, 1.1048764365103723e-05, 1.2432488767983852e-06], [0.109677321071066, 0.09873046558040419, 0.044438105975470064, 0.01333425132811995, 0.0030008410784814264, 0.0005402656336204652, 8.105698459130887e-05, 1.0423816426862005e-05, 1.1729273642199793e-06], [0.06898245048080623, 0.06209733595183424, 0.027949711161593824, 0.008386686718438816, 0.0018874036042782617, 0.0003398045006365226, 5.098145515489376e-05, 6.556144820688168e-06, 7.377222841489748e-07], [0.032540308432954454, 0.02929247150041025, 0.01318440002451509, 0.0039561565390387994, 0.0008903234807202626, 0.00016029212039510142, 2.4048903214342434e-05, 3.0926557857736524e-06, 3.4799736015105297e-07], [0.012279896298626605, 0.011054244095339507, 0.004975461907321437, 0.0014929542582740396, 0.0003359857525015, 6.049022614504151e-05, 9.075452931747769e-06, 1.167090730405837e-06, 1.3132547602170194e-07], [0.003861770738275802, 0.003476328736254438, 0.0015646787835862065, 0.0004695029117494871, 0.00010566049711942455, 1.9022911887678816e-05, 2.8540402716871968e-06, 3.670256427245453e-07, 4.129911752980105e-08], [0.0010409538744584033, 0.0009370566282012932, 0.0004217646650831812, 0.00012655615990123182, 2.848115833587084e-05, 5.1276927541797165e-06, 7.693165855825909e-07, 9.893305188548848e-08, 1.1132322273370813e-08], [0.0002455186783251507, 0.00022101354393969073, 9.947712927179311e-05, 2.984945046582706e-05, 6.717546784126778e-06, 1.2094141524941924e-06, 1.814504906897324e-07, 2.3334282851136375e-08, 2.6256620185689677e-09]]","{'1x2': {'home': 0.6054637265272704, 'draw': 0.22003965313615562, 'away': 0.1744966203365739}}",1.8868746010702253,0.9001903457910979,0.593354451996725,0.22224004966751718,0.17624158653993963
sample_run,2,10068,2024-12-15T00:00:00+00:00,2024-2025,ENG Premier League,West Ham,Newcastle,5,0,4.4897772569207675,0.5930565064896414,0.22533944197398403,0.18160405153637466,1.0,0.0,0.0,1.9281028076663558,5.170899952393414,3.4726379396636458,0.5186445432390256,0.19338993390060424,0.2879655228603701,1x2,home,,,1.9281028076663558,,"{'dixon_coles': 0.22, 'bivariate_poisson': 0.18, 'zero_inflated_poisson': 0.12, 'negative_binomial': 0.18, 'weibull_copula': 0.3}",0.9,0.1,"[[0.06450679964120794, 0.058368070603756046, 0.026406763976465467, 0.007964596356600961, 0.0018016632551071858, 0.00032604193251934826, 4.916907634265749e-05, 6.35570676369965e-06, 7.188589869280414e-07], [0.11845231377696167, 0.10717991052365433, 0.04849011747245755, 0.014625200319754639, 0.0033083517148794987, 0.0005987031058747097, 9.028801446449788e-05, 1.1670834331194715e-05, 1.3200237921366927e-06], [0.10875559411687659, 0.09840597008803056, 0.044520629157519594, 0.01342795509126312, 0.0030375240873453235, 0.0005496921917593418, 8.289687505141346e-05, 1.0715438821386595e-05, 1.21196426802226e-06], [0.06656844359036483, 0.060233520141688555, 0.027250726868311006, 0.008219145675082015, 0.001859244597988398, 0.0003364622662064738, 5.074052507815974e-05, 6.558835805364685e-06, 7.418337940637299e-07], [0.03055951547615102, 0.027651347871071617, 0.012509966653164326, 0.0037731558064362436, 0.0008535217439633883, 0.00015445942967436035, 2.329340717256138e-05, 3.0109588491052936e-06, 3.4055297206473475e-07], [0.011223143408716076, 0.01015510350101989, 0.004594351304302901, 0.001385711391664947, 0.00031346036694967437, 5.672604107276177e-05, 8.5546267701558e-06, 1.1057905347885305e-06, 1.2506987706430708e-07], [0.0034347988946058067, 0.0031079294819329963, 0.0014060831450478323, 0.0004240915207977312, 9.593331232543192e-05, 1.736078174148321e-05, 2.618109873841293e-06, 3.3842284360435856e-07, 3.827714391988786e-08], [0.0009010343066547044, 0.000815288222633073, 0.0003688510421051706, 0.00011124989297051026, 2.5165725333143537e-05, 4.554170540810134e-06, 6.867961960239177e-07, 8.877684010031741e-08, 1.0041059430507534e-08], [0.0002068185040362195, 0.000187136815233316, 8.466405793539459e-05, 2.5535694111109825e-05, 5.776403437634816e-06, 1.0453394853223093e-06, 1.5764345573788056e-07, 2.0377352035327684e-08, 2.3047700570541865e-09]]","{'1x2': {'home': 0.5930565064896414, 'draw': 0.22533944197398403, 'away': 0.18160405153637466}}",1.8362763993222895,0.9048359386669933,0.5811953763598485,0.22759283639372388,0.1834200920517384
sample_run,2,10069,2024-12-17T00:00:00+00:00,2024-2025,ENG Premier League,Wolves,West Ham,4,1,3.63889240890185,0.45522725900494343,0.22142391257476232,0.3233488284202942,1.0,0.0,0.0,2.445394241332293,4.653938020803143,2.6581874647815065,0.4089320172174703,0.21487179148712152,0.3761961912954083,1x2,home,0.03197427074880487,0.02,2.445394241332293,1.445394241332293,"{'dixon_coles': 0.22, 'bivariate_poisson': 0.18, 'zero_inflated_poisson': 0.12, 'negative_binomial': 0.18, 'weibull_copula': 0.3}",0.9,0.1,"[[0.03138312205854266, 0.04927778433346207, 0.038687993251363004, 0.020249298164989857, 0.007948862974953138, 0.002496261236503453, 0.000653271646157091, 0.00014653818075681271, 2.8761784975064646e-05], [0.05936062157536874, 0.093208059492444, 0.07317765653208638, 0.038301190152353795, 0.015035134048500855, 0.004721634078882479, 0.0012356517908291894, 0.00027717438303370885, 5.440240873906927e-05], [0.05613978410498782, 0.08815069987275756, 0.06920712300500809, 0.03622301264799165, 0.014219345368557089, 0.0044654437702385, 0.001168606778788794, 0.0002621352271924716, 5.145059806230103e-05], [0.03539580365695282, 0.055578497756315515, 0.04363468396969142, 0.02283839640626116, 0.008965213614904715, 0.0028154360308357902, 0.0007367997001348858, 0.00016527471883261274, 3.243929943941846e-05], [0.016737634502368554, 0.02628143693675365, 0.020633558683660336, 0.010799605946879499, 0.004239385837265988, 0.0013313368925209346, 0.00034841090774019, 7.815355354302325e-05, 1.5339590613398086e-05], [0.006331788060528435, 0.009942174838751509, 0.0078056024285227, 0.00408545281492357, 0.0016037447002786192, 0.0005036400477864529, 0.00013180261676015375, 2.956521347993097e-05, 5.80291299141247e-06], [0.0019960775638963525, 0.0031342413773575483, 0.0024606932088261854, 0.0012879269843320612, 0.000505575800049231, 0.00015877104382775652, 4.155038729388798e-05, 9.320346596403767e-06, 1.8293512538122454e-06], [0.0005393636412250273, 0.0008469088938958146, 0.0006649082545968158, 0.0003480130233743662, 0.0001366125291732246, 4.290180395238579e-05, 1.1227403478948785e-05, 2.5184673023941963e-06, 4.943122307380316e-07], [0.00012752460119545616, 0.00020023915349141853, 0.00015720777879362047, 8.228256156800376e-05, 3.23000235268912e-05, 1.0143500639322995e-05, 2.654554444681364e-06, 5.954545575822798e-07, 1.168728577027019e-07]]","{'1x2': {'home': 0.45522725900494343, 'draw': 0.22142391257476232, 'away': 0.3233488284202942}}",1.8914823536242291,1.570200193643525,0.44612271382484453,0.22363815170050994,0.32658231670449717
sample_run,2,10070,2024-12-19T00:00:00+00:00,2024-2025,ENG Premier League,Arsenal,Liverpool,2,2,2.847001238334122,0.559723156366182,0.2165760976296776,0.2237007460041405,0.0,1.0,0.0,1.7987361278672593,5.529812848619005,3.799159126305693,0.555945913637532,0.18083794648669463,0.2632161398757733,1x2,home,0.07763204888177824,0.02,1.7987361278672593,-1.0,"{'dixon_coles': 0.22, 'bivariate_poisson': 0.18, 'zero_inflated_poisson': 0.12, 'negative_binomial': 0.18, 'weibull_copula': 0.3}",0.9,0.1,"[[0.042117801965508295, 0.04980826660405171, 0.029451482583682277, 0.011609717094717252, 0.0034323959066337928, 0.0008118262702705999, 0.00016001016758869616, 2.703244137256307e-05, 3.996050909617933e-06], [0.08360045693775933, 0.09886541208362436, 0.058458829440022626, 0.0230443567504144, 0.006813030424068019, 0.0016114099972329835, 0.00031760734180898766, 5.365722676459213e-05, 7.931840371541485e-06], [0.08297009903230128, 0.09811995450640466, 0.05801804255163543, 0.022870599417190322, 0.0067616593222194375, 0.0015992597642331065, 0.0003152125427124963, 5.325264456115755e-05, 7.872033302702676e-06], [0.054896329402880806, 0.0649200785150596, 0.038387052834358844, 0.015132101490666265, 0.00447378370993759, 0.0010581340970068631, 0.00020855720046722095, 3.5234075305439e-05, 5.20845145776401e-06], [0.027241202105258072, 0.03221528650010533, 0.019048804826486503, 0.007509001776043785, 0.0022200254105008647, 0.0005250778167604784, 0.00010349232654043802, 1.7484202984561977e-05, 2.5845895410436987e-06], [0.010814320013178502, 0.012788951683638182, 0.00756206978187803, 0.002980953185248354, 0.0008813144564538253, 0.00020844746572960094, 4.1084792579716466e-05, 6.9409479625690935e-06, 1.0260405650074347e-06], [0.0035775928957279637, 0.004230840462593672, 0.002501683609850412, 0.0009861588084175484, 0.00029155641172716175, 6.895858191896927e-05, 1.3591669367702523e-05, 2.2962041154916945e-06, 3.394346969227897e-07], [0.001014462113618075, 0.0011996969703257183, 0.0007093773149770704, 0.0002796351564609154, 8.267372568657084e-05, 1.955389302375843e-05, 3.854053280020263e-06, 6.511115569023517e-07, 9.625009052505328e-08], [0.0002517032355877973, 0.0002976627762656356, 0.00017600713031608997, 6.938166809826367e-05, 2.0512588862675e-05, 4.851613555940646e-06, 9.562483090167703e-07, 1.6155052357394418e-07, 2.3881088199904016e-08]]","{'1x2': {'home': 0.559723156366182, 'draw': 0.2165760976296776, 'away': 0.2237007460041405}}",1.9849197497586082,1.1825941592308498,0.5485286932388583,0.2187418586059744,0.2259377534641819
sample_run,2,10071,2024-12-21T00:00:00+00:00,2024-2025,ENG Premier League,Liverpool,Tottenham,0,4,4.29232281164128,0.32748472350784186,0.24562204225531958,0.42689323423683856,0.0,0.0,1.0,3.4659009961216563,4.817081567417668,1.9845988732129334,0.2885252640277377,0.20759457484878713,0.5038801611234751,1x2,away,0.03476510068517155,0.02,1.9845988732129334,0.9845988732129334,"{'dixon_coles': 0.22, 'bivariate_poisson': 0.18, 'zero_inflated_poisson': 0.12, 'negative_binomial': 0.18, 'weibull_copula': 0.3}",0.9,0.1,"[[0.05452561086061032, 0.08540242198950579, 0.06688209051264887, 0.034918713288106536, 0.013673128280877994, 0.004283191890670797, 0.0011181135969425984, 0.0002501828504627102, 4.898207702884467e-05], [0.07321994843821138, 0.1146830055798111, 0.08981289969029284, 0.0468907426460555, 0.01836101846294346, 0.005751702446536708, 0.0015014635989221404, 0.00033595910475599466, 6.577579045591935e-05], [0.04916185958007554, 0.0770012808912792, 0.060302817158900554, 0.03148371659283776, 0.012328085865618116, 0.003861849045982775, 0.001008123389722074, 0.00022557205631741034, 4.416364997704404e-05], [0.022005737406481252, 0.034467165842175185, 0.02699263149532348, 0.014092680908328645, 0.005518274178409924, 0.0017286334718674713, 0.00045125426045817673, 0.00010097013172326598, 1.976844839897917e-05], [0.0073876245163323855, 0.011571095059470828, 0.009061792500370638, 0.004731104123261716, 0.001852559487338888, 0.0005803257023670411, 0.00015149217570316036, 3.3897042701073706e-05, 6.636536251638499e-06], [0.0019841006001731533, 0.003107658842351989, 0.0024337333196728247, 0.0012706366586028735, 0.0004975434772787227, 0.00015585856750255925, 4.068638248596306e-05, 9.103757590631368e-06, 1.7823801860579559e-06], [0.0004440596548665497, 0.0006955221488554431, 0.0005446915231399163, 0.0002843799734906268, 0.00011135472908087988, 3.488255670460524e-05, 9.105980292989409e-06, 2.037503266382611e-06, 3.989128022000495e-07], [8.518677087081626e-05, 0.00013342641080044116, 0.00010449161834109968, 5.455440812175365e-05, 2.1361881647287868e-05, 6.691741374875582e-06, 1.746857766230025e-06, 3.9086713237669946e-07, 7.652596471224857e-08], [1.429917719474101e-05, 2.2396527899702657e-05, 1.7539626760714623e-05, 9.157327370351334e-06, 3.5857367026022626e-06, 1.1232541706015826e-06, 2.932219225824641e-07, 6.560969888071498e-08, 1.284540214675301e-08]]","{'1x2': {'home': 0.32748472350784186, 'draw': 0.24562204225531958, 'away': 0.42689323423683856}}",1.3428542529379708,1.5662808841854,0.320935029037685,0.24807826267787278,0.431162166579207
sample_run,2,10072,2024-12-23T00:00:00+00:00,2024-2025,ENG Premier League,Man City,Aston Villa,1,0,2.186837054620293,0.5617730841072278,0.23204403045371247,0.20618288543905966,1.0,0.0,0.0,1.8763048899187378,4.597613947690461,4.0074787254207,0.5329624227773077,0.21750412526530946,0.24953345195738283,1x2,home,0.030815634667578175,0.02,1.8763048899187378,0.8763048899187378,"{'dixon_coles': 0.22, 'bivariate_poisson': 0.18, 'zero_inflated_poisson': 0.12, 'negative_binomial': 0.18, 'weibull_copula': 0.3}",0.9,0.1,"[[0.06297342690827909, 0.06185940071221458, 0.03038254105217874, 0.009948353741541655, 0.002443090803289197, 0.0004799743015323305, 7.858055931353032e-05, 1.1027205204791254e-05, 1.3540161679872785e-06], [0.11227129559105557, 0.11028516952971373, 0.05416708943352876, 0.0177362836738708, 0.0043556303539169505, 0.0008557154871360854, 0.00014009625385719585, 1.9659698953553072e-05, 2.4139888345695615e-06], [0.10008065649701064, 0.09831018792747585, 0.048285519842809516, 0.015810442950295985, 0.003882687404500243, 0.0007628002088724583, 0.00012488432581976046, 1.7525009998743935e-05, 2.1518731575003094e-06], [0.05947580072087814, 0.05842364899136411, 0.02869505513246434, 0.009395809211630262, 0.0023073983566286624, 0.00045331590339935134, 7.421609265561869e-05, 1.0414739858824009e-05, 1.2788123456795874e-06], [0.026508900384975505, 0.026039946877002368, 0.012789644676122086, 0.00418779684188276, 0.0010284282421245945, 0.0002020469834871886, 3.30787813417245e-05, 4.641943414073018e-06, 5.699781872931885e-07], [0.009452204642603476, 0.00928499119878439, 0.004560367915276005, 0.0014932310347191711, 0.00036670378867560135, 7.204332913122442e-05, 1.1794808763441754e-05, 1.655164810761884e-06, 2.0323553183552278e-07], [0.0028086218624736713, 0.0027589361699006374, 0.001355064718979655, 0.0004436976862448981, 0.00010896212226341926, 2.1406907371782302e-05, 3.50470170814818e-06, 4.918145818119419e-07, 6.038927208282396e-08], [0.000715330329012217, 0.0007026758370386463, 0.00034512260415392617, 0.00011300574709761152, 2.7751657070671885e-05, 5.452143735684047e-06, 8.92615506371968e-07, 1.2526068080616896e-07, 1.5380595887610236e-08], [0.000159414587145525, 0.00015659447658724796, 7.691212748068306e-05, 2.5183839951975075e-05, 6.184581828977352e-06, 1.2150347992127263e-06, 1.9892338777872616e-07, 2.791490715045828e-08, 3.427635099522908e-09]]","{'1x2': {'home': 0.5617730841072278, 'draw': 0.23204403045371247, 'away': 0.20618288543905966}}",1.7828360485221633,0.9823095827754921,0.5505376224250832,0.2343644707582496,0.20824471429345026
sample_run,2,10073,2024-12-25T00:00:00+00:00,2024-2025,ENG Premier League,Chelsea,Arsenal,1,0,2.0828771597035622,0.5459505278084197,0.243868298682661,0.2101811735089194,1.0,0.0,0.0,1.9017037737717746,5.000706282561828,3.647185904647033,0.5258442528179003,0.1999717526876437,0.2741839944944561,1x2,home,0.07404601323992661,0.02,1.9017037737717746,0.9017037737717746,"{'dixon_coles': 0.22, 'bivariate_poisson': 0.18, 'zero_inflated_poisson': 0.12, 'negative_binomial': 0.18, 'weibull_copula': 0.3}",0.9,0.1,"[[0.0749855544350748, 0.06968034561945634, 0.03237523948596543, 0.010028233188335834, 0.0023296845631806474, 0.0004329719951255242, 6.705655618424046e-05, 8.901760281259063e-06, 1.0339953769974778e-06], [0.12457128461987178, 0.11575789806405892, 0.05378402817751585, 0.01665960730903518, 0.003870236087215624, 0.0007192835745972252, 0.00011139907424820133, 1.4788231172908398e-05, 1.717745949522977e-06], [0.10347329608185502, 0.09615258682404917, 0.04467490793780543, 0.013838056538916404, 0.003214754393688411, 0.0005974622683568369, 9.253199425616192e-05, 1.2283625615250107e-05, 1.4268202802176508e-06], [0.05729904252393698, 0.053245149906690444, 0.024739034578122158, 0.007662918067718331, 0.0017801921431230704, 0.00033084880077604374, 5.124022211019784e-05, 6.802141355577849e-06, 7.90111449098251e-07], [0.023797301321802147, 0.02211364833408349, 0.010274556682515484, 0.0031825448075435904, 0.000739345143907191, 0.00013740733277934418, 2.1280966516029387e-05, 2.8250490818333425e-06, 3.2814719764544004e-07], [0.007906750622774428, 0.007347350036583405, 0.0034137634494623586, 0.0010574135192379529, 0.0002456504457367913, 4.5654147894135124e-05, 7.070688099398097e-06, 9.386341033001866e-07, 1.090282475419898e-07], [0.002189208507488355, 0.0020343225649804533, 0.0009451973816638988, 0.0002927749694774926, 6.80153037995508e-05, 1.2640647687064859e-05, 1.957720848867171e-06, 2.5988751415084255e-07, 3.018756736654447e-08], [0.0005195524812995835, 0.0004827942760061421, 0.00022431835217229078, 6.948262869166207e-05, 1.6141687616564118e-05, 2.9999334684584953e-06, 4.646148236870378e-07, 6.167763480453635e-08, 7.1642447377845e-09], [0.00010788964706357053, 0.00010025648210229516, 4.658168080578384e-05, 1.4428679597181918e-05, 3.3519635506414165e-06, 6.229625971886194e-07, 9.648135876997832e-08, 1.2807903898624986e-08, 1.4877184963166721e-09]]","{'1x2': {'home': 0.5459505278084197, 'draw': 0.243868298682661, 'away': 0.2101811735089194}}",1.6612704347972795,0.9292502555247237,0.5350315172522513,0.2463069816694876,0.2122829852440086
sample_run,2,10074,2024-12-27T00:00:00+00:00,2024-2025,ENG Premier League,Tottenham,Chelsea,4,0,4.200049341633031,0.4415971440952176,0.24137943608549733,0.31702341981928517,1.0,0.0,0.0,2.321277117320224,4.2524923897886735,2.993595635849122,0.4307973367498838,0.23515621154343672,0.33404645170667946,1x2,home,,,2.321277117320224,,"{'dixon_coles': 0.22, 'bivariate_poisson': 0.18, 'zero_inflated_poisson': 0.12, 'negative_binomial': 0.18, 'weibull_copula': 0.3}",0.9,0.1,"[[0.050885153108976754, 0.06856708226819257, 0.046196625965774056, 0.020749784299062754, 0.006990016144955332, 0.001883791175947528, 0.0004230640198090279, 8.143903807640015e-05, 1.3717255629721944e-05], [0.08298155358189294, 0.11181656462753832, 0.07533568356710467, 0.0338379513949353, 0.011399049896316045, 0.0030720143077728134, 0.0006899165568622538, 0.00013280765584652304, 2.236957370643123e-05], [0.06766156544834886, 0.09117307978922429, 0.06142726984788607, 0.027590815839413873, 0.00929456641044233, 0.002504861480310849, 0.0005625447132652976, 0.00010828881251582283, 1.823972087839566e-05], [0.036779960857229704, 0.049560519087318594, 0.033391077572634986, 0.014998014306472709, 0.005052407323060734, 0.001361610636528122, 0.00030579210512257014, 5.88644123028496e-05, 9.914878786928193e-06], [0.014994836932482925, 0.020205347822100008, 0.013613221752603625, 0.006114546443091113, 0.00205981795956388, 0.0005551155842587076, 0.00012466850547646242, 2.3998455763287458e-05, 4.042200892829347e-06], [0.0048906008465760915, 0.00659002105918628, 0.0044399838509539035, 0.0019942735053177126, 0.0006718144053312945, 0.0001810522354159191, 4.066092223409096e-05, 7.827152012450614e-06, 1.31837319722212e-06], [0.0013292340083582307, 0.001791125545197577, 0.0012067591930715637, 0.0005420307746218844, 0.0001825948554964378, 4.920883878155927e-05, 1.1051378417562322e-05, 2.1273698201771755e-06, 3.583253969054719e-07], [0.0003096662535933134, 0.0004172712508173619, 0.0002811337928144932, 0.00012627471028728383, 4.253838261092382e-05, 1.1463983507301343e-05, 2.57459478924664e-06, 4.956047152565826e-07, 8.347761382068875e-08], [6.312397930695329e-05, 8.505874145580588e-05, 5.730777414129749e-05, 2.5740493536742745e-05, 8.671245098633496e-06, 2.3368780075097258e-06, 5.248187889844509e-07, 1.0102664215833855e-07, 1.7016510860532388e-08]]","{'1x2': {'home': 0.4415971440952176, 'draw': 0.24137943608549733, 'away': 0.31702341981928517}}",1.6307615976742336,1.347486999230361,0.43276520121331324,0.24379323044635232,0.320193654017478
sample_run,3,10075,2024-12-29T00:00:00+00:00,2024-2025,ENG Premier League,Newcastle,Brighton,0,4,4.689105825557255,0.35680880561607176,0.2666293397714435,0.37656185461248476,0.0,0.0,1.0,3.1174902673202975,4.188452516287679,2.2702635785179384,0.320770849064934,0.23875166212611687,0.4404774888089491,1x2,away,0.06784122236050684,0.02,2.2702635785179384,1.2702635785179384,"{'dixon_coles': 0.22, 'bivariate_poisson': 0.18, 'zero_inflated_poisson': 0.12, 'negative_binomial': 0.18, 'weibull_copula': 0.3}",0.9,0.1,"[[0.07778730933890193, 0.10095345258090566, 0.0655093978350803, 0.028339669388890314, 0.009194904329911963, 0.002386654959902318, 0.0005162390034423986, 9.571173755234462e-05, 1.552700312002318e-05], [0.09769923080004567, 0.12679542135584293, 0.08227843118698452, 0.03559403100522861, 0.011548607195018953, 0.0029975886265930824, 0.0006483853725492088, 0.00012021193709966053, 1.9501590610970322e-05], [0.06135409348930267, 0.07962619635975964, 0.05166999287364958, 0.02235267860425072, 0.007252404340465853, 0.0018824542561124893, 0.0004071792217678535, 7.549183721249212e-05, 1.2246794613812056e-05], [0.025686485328960118, 0.03333627812384633, 0.021632142835390108, 0.009358165337919206, 0.003036289301928045, 0.0007881077020639647, 0.00017046952389608585, 3.160538863397953e-05, 5.127239150380715e-06], [0.008065421853269514, 0.010467416722972333, 0.0067923795460212225, 0.0029384149001446306, 0.0009533789374060031, 0.00024746169051747223, 5.35265376224051e-05, 9.923926489163402e-06, 1.6099262378958468e-06], [0.0020260001736510345, 0.002629371220033943, 0.0017062172803973337, 0.0007381175103120642, 0.00023948479420909678, 6.216133973911606e-05, 1.3445641962790905e-05, 2.4928487506446735e-06, 4.044067250146537e-07], [0.00042410229519593073, 0.0005504058606910034, 0.00035716219284199596, 0.000154510021429826, 5.013131400950076e-05, 1.3012223393991653e-05, 2.8145741007150235e-06, 5.218276338148104e-07, 8.465439564218207e-08], [7.60947996224195e-05, 9.875688991717844e-05, 6.408403303844326e-05, 2.772304996587334e-05, 8.994840012830364e-06, 2.3347257089248003e-06, 5.050065860110825e-07, 9.362922502985857e-08, 1.5189163903422978e-08], [1.1946684257010287e-05, 1.5504573083825413e-05, 1.0061025358170915e-05, 4.352446241096729e-06, 1.4121663255414717e-06, 3.665458219175245e-07, 7.92847114483706e-08, 1.4699543125292997e-08, 2.3846589541279154e-09]]","{'1x2': {'home': 0.35680880561607176, 'draw': 0.2666293397714435, 'away': 0.37656185461248476}}",1.255979048901048,1.2978139164201452,0.34967262950375033,0.26929563316915794,0.3803274731586096
sample_run,3,10076,2024-12-31T00:00:00+00:00,2024-2025,ENG Premier League,Brighton,Wolves,4,1,3.65719559381135,0.5630771681440446,0.23259004539239186,0.2043327864635634,1.0,0.0,0.0,1.953196515283801,4.711713171097448,3.6260561608180284,0.5119812533838661,0.21223702795284566,0.2757817186632881,1x2,home,0.03219203096461797,0.02,1.953196515283801,0.9531965152838009,"{'dixon_coles': 0.22, 'bivariate_poisson': 0.18, 'zero_inflated_poisson': 0.12, 'negative_binomial': 0.18, 'weibull_copula': 0.3}",0.9,0.1,"[[0.06418451431336232, 0.062277595049718214, 0.03021366513923466, 0.00977200613283192, 0.0023704200587725413, 0.00045999899538768437, 7.438874071235634e-05, 1.031123632925035e-05, 1.2506112405864768e-06], [0.11397907941325272, 0.11059276568149479, 0.05365352959527368, 0.017353161817241693, 0.0042094000244753006, 0.0008168677847951573, 0.0001320997794531939, 1.8310728639038224e-05, 2.220839706131997e-06], [0.10120221896878931, 0.09819550523200034, 0.047639060417941546, 0.015407901968237261, 0.0037375334596240297, 0.0007252982990471249, 0.0001172916194337719, 1.6258127182158687e-05, 1.9718873620628594e-06], [0.05990508186198435, 0.058125304359344376, 0.028199201986321306, 0.009120468287492186, 0.0022123748880420583, 0.00042932906433776596, 6.942895260104667e-05, 9.623745898991927e-06, 1.1672281008326305e-06], [0.02659491216786788, 0.025804778428127603, 0.01251905976454563, 0.004049039672368863, 0.0009821857178232737, 0.00019060100415990925, 3.0823042702553366e-05, 4.272470197090069e-06, 5.181919105465816e-07], [0.009445467145457008, 0.009164842707514666, 0.004446277805004254, 0.0014380596918165426, 0.0003488337494735406, 6.769398264299172e-05, 1.0947132870088618e-05, 1.5174134293745173e-06, 1.8404139239921888e-07], [0.0027955487949715197, 0.0027124931559810656, 0.0013159525482936666, 0.0004256185508504397, 0.0001032433603302709, 2.003520087362309e-05, 3.239992647487912e-06, 4.491046571478269e-07, 5.447022204655857e-08], [0.0007091921548687476, 0.0006881220853011581, 0.00033383900331416426, 0.00010797355344778094, 2.6191415910971906e-05, 5.0826540056646485e-06, 8.219414275880169e-07, 1.1393165454209225e-07, 1.3818343725161695e-08], [0.00015742323090659518, 0.00015274619323212945, 7.410405507669443e-05, 2.3967475555847627e-05, 5.8138507122751285e-06, 1.1282242896499031e-06, 1.8245079878362724e-07, 2.529002758620419e-08, 3.067332739171974e-09]]","{'1x2': {'home': 0.5630771681440446, 'draw': 0.23259004539239186, 'away': 0.2043327864635634}}",1.77580341041116,0.9702900413901377,0.5518156247811637,0.23491594584631578,0.20637611432819902
sample_run,3,10077,2025-01-02T00:00:00+00:00,2024-2025,ENG Premier League,Aston Villa,Man City,2,1,2.424865823266015,0.517507643874935,0.2695725542846005,0.21291980184046455,1.0,0.0,0.0,2.093346218419208,3.6149335665745723,4.070572699822136,0.4777040659595959,0.2766302565686088,0.24566567747179532,1x2,home,0.054185435621818635,0.02,2.093346218419208,1.093346218419208,"{'dixon_coles': 0.22, 'bivariate_poisson': 0.18, 'zero_inflated_poisson': 0.12, 'negative_binomial': 0.18, 'weibull_copula': 0.3}",0.9,0.1,"[[0.10528723540111683, 0.08576266719768978, 0.03492937703625787, 0.009484013032762615, 0.0019313220884009095, 0.0003146351651993656, 4.271481859265202e-05, 4.970534390877017e-06, 5.060992022625275e-07], [0.1512476576060716, 0.12320014362882642, 0.05017689407691743, 0.01362401387448326, 0.0027743908446322962, 0.00045198101703028133, 6.136086898467813e-05, 7.140292750649963e-06, 7.27023732429551e-07], [0.10863545730008223, 0.08848999154361842, 0.03604016035832406, 0.00978561255720062, 0.0019927397416017356, 0.00032464082586935734, 4.407318544954013e-05, 5.128601530105164e-06, 5.221935789987822e-07], [0.05201915308791413, 0.04237267031647346, 0.017257520385945066, 0.00468575629286414, 0.0009542062624766313, 0.0001554514634465684, 2.110406526516202e-05, 2.4557866717908987e-06, 2.500478978279486e-07], [0.018681692574661343, 0.01521734117973847, 0.0061977112527439706, 0.001682800533010038, 0.0003426850878998005, 5.582744581562053e-05, 7.579124917567064e-06, 8.819492226990417e-07, 8.97999617230865e-08], [0.0053673405541889594, 0.004372015657281555, 0.0017806323927589303, 0.00048347672510606584, 9.845508174645413e-05, 1.6039494963608704e-05, 2.1775192142117336e-06, 2.5338827361651987e-07, 2.5799962952750587e-08], [0.0012850523986477204, 0.0010467510214030025, 0.0004263202426458398, 0.0001157543328982552, 2.3572183967085032e-05, 3.840187010305693e-06, 5.213431607466015e-07, 6.066639623714293e-08, 6.177045026811103e-09], [0.0002637155457314544, 0.00021481187626647434, 8.748847561704301e-05, 2.3754842295276844e-05, 4.837430260045138e-06, 7.88074489568912e-07, 1.0698886387382357e-07, 1.2449820573911572e-08, 1.2676392044149015e-09], [4.7354219167965556e-05, 3.857280631822547e-05, 1.5709913640280776e-05, 4.265550615269727e-06, 8.686356813306497e-07, 1.415110057172397e-07, 1.9211511002737167e-08, 2.235558508405889e-09, 2.27624293233347e-10]]","{'1x2': {'home': 0.517507643874935, 'draw': 0.2695725542846005, 'away': 0.21291980184046455}}",1.4365241620207576,0.8145590191532378,0.5071574909974362,0.2722682798274465,0.2150489998588692
sample_run,3,10078,2025-01-04T00:00:00+00:00,2024-2025,ENG Premier League,West Ham,Newcastle,4,1,3.5137936275611614,0.5298182285310415,0.22197707038497597,0.24820470108398246,1.0,0.0,0.0,2.082140568016006,4.758658133548482,3.2301645119530926,0.48027497055727736,0.21014327399356808,0.30958175544915456,1x2,home,,,2.082140568016006,,"{'dixon_coles': 0.22, 'bivariate_poisson': 0.18, 'zero_inflated_poisson': 0.12, 'negative_binomial': 0.18, 'weibull_copula': 0.3}",0.9,0.1,"[[0.041751370802003404, 0.052354691902447424, 0.0328254343695545, 0.013720631362675885, 0.004301292471967677, 0.0010787326874612626, 0.00022544855578898954, 4.038632043333296e-05, 6.330371083466332e-06], [0.08025634024399296, 0.10063851523865712, 0.06309850859539717, 0.026374407303352016, 0.008268135524369395, 0.002073587907035948, 0.00043336723210174845, 7.763237976715643e-05, 1.2168520596718464e-05], [0.07713615176738693, 0.09672591301189534, 0.06064537855219015, 0.025349028853561655, 0.007946688756329343, 0.001992971409035998, 0.00041651887545314417, 7.461420505317657e-05, 1.1695435509262512e-05], [0.04942484619817267, 0.061976949386941205, 0.03885841384220116, 0.016242343228872854, 0.0050918260837117075, 0.0012769927344315132, 0.00026688369702429704, 4.7808913517920204e-05, 7.49382861371033e-06], [0.023751658908389844, 0.029783711538905976, 0.018673842455682533, 0.00780543847720555, 0.0024469335903696617, 0.000613673044830451, 0.00012825392545511903, 2.297510450726162e-05, 3.6012425903585377e-06], [0.009131298839268451, 0.011450314761309248, 0.007179137954024087, 0.003000792137584637, 0.00094072089615673, 0.00023592591926163318, 4.930707893528532e-05, 8.832753363813418e-06, 1.3844937068226986e-06], [0.002925431398764764, 0.003668383974514335, 0.002300009665267779, 0.000961375998637213, 0.0003013825848362555, 7.55845476245213e-05, 1.579670969461037e-05, 2.8297851688878675e-06, 4.435558875713921e-07], [0.0008033420329842514, 0.0010073615266102372, 0.0006315972547364525, 0.0002639999521211079, 8.276157099791714e-05, 2.0755996594730087e-05, 4.3378767609757066e-06, 7.770769710897806e-07, 1.2180326245701471e-07], [0.00019302746919746465, 0.00024204938626967186, 0.00015176053863502224, 6.343405490297345e-05, 1.988599617673362e-05, 4.987262372502405e-06, 1.0423074337976921e-06, 1.8671648555956026e-07, 2.926695545200362e-08]]","{'1x2': {'home': 0.5298182285310415, 'draw': 0.22197707038497597, 'away': 0.24820470108398246}}",1.922244436586066,1.2539634243562423,0.5192218639604207,0.22419684108882573,0.2506867480948223
sample_run,3,10079,2025-01-06T00:00:00+00:00,2024-2025,ENG Premier League,Wolves,West Ham,1,1,2.0757335611461754,0.44888647182262015,0.2642323993312164,0.28688112884616346,0.0,1.0,0.0,2.3501749504322818,3.912037840084302,3.1359905392756695,0.42550023768063056,0.2556212493022436,0.31887851301712583,1x2,home,0.037199055219761135,0.02,2.3501749504322818,-1.0,"{'dixon_coles': 0.22, 'bivariate_poisson': 0.18, 'zero_inflated_poisson': 0.12, 'negative_binomial': 0.18, 'weibull_copula': 0.3}",0.9,0.1,"[[0.08074906008179322, 0.08776609970403733, 0.04769645770152946, 0.017280416052403876, 0.0046955181789307505, 0.0010207111172234567, 0.00018490170575465734, 2.870993443191587e-05, 3.900601080210036e-06], [0.11543328246754354, 0.12546435794978417, 0.06818356361033726, 0.024702889981793985, 0.006712388673391011, 0.001459138157061762, 0.0002643227154283676, 4.104174051743839e-05, 5.5760300594088555e-06], [0.0825077263297836, 0.08967759287944894, 0.048735258032126666, 0.01765677318190867, 0.004797783757375207, 0.001042941595064204, 0.0001889287543515968, 2.9335219637914348e-05, 3.985553839532457e-06], [0.03931578344702876, 0.042732298883219874, 0.023222853619400987, 0.008413634718505604, 0.0022861934950999196, 0.0004969724378969024, 9.002650204315422e-05, 1.3978535028893831e-05, 1.8991575533813775e-06], [0.014050782546188807, 0.015271786205553672, 0.00829944713546937, 0.0030068878574444607, 0.0008170461031621124, 0.00017760937323675328, 3.2173918276528166e-05, 4.995687196972636e-06, 6.787261365264834e-07], [0.004017205770324366, 0.004366298280286963, 0.0023728633486077987, 0.0008596878652086602, 0.0002335985422487493, 5.0779620044999566e-05, 9.198722542999687e-06, 1.4282979163931016e-06, 1.9405200693706005e-07], [0.0009571200125970152, 0.001040293105198131, 0.0005653469421177081, 0.00020482507180894936, 5.5656058584650095e-05, 1.2098506612773608e-05, 2.1916431319676748e-06, 3.4029935181041886e-07, 4.6233892397570234e-08], [0.00019546181476564194, 0.00021244731648488116, 0.00011545442350400412, 4.182911204275139e-05, 1.136600851563107e-05, 2.4707414194279523e-06, 4.475745342850988e-07, 6.949549481047341e-08, 9.44182588679546e-09], [3.49273397928819e-05, 3.796250239388283e-05, 2.063070930324992e-05, 7.474501407363968e-06, 2.0310076522630193e-06, 4.415001733212011e-07, 7.997770746352651e-08, 1.2418245293742828e-08, 1.687172818940293e-09]]","{'1x2': {'home': 0.44888647182262015, 'draw': 0.2642323993312164, 'away': 0.28688112884616346}}",1.4295309734951418,1.0868993349908511,0.43990874238616773,0.26687472332452855,0.2897499401346251
sample_run,3,10080,2025-01-08T00:00:00+00:00,2024-2025,ENG Premier League,Arsenal,Liverpool,1,3,4.138878262485568,0.5283752625323657,0.2553906961830668,0.2162340412845674,0.0,0.0,1.0,2.03333082481678,3.828791532639695,4.048302730951177,0.4918038854253381,0.2611790147035159,0.24701709987114598,1x2,home,0.06368198081014242,0.02,2.03333082481678,-1.0,"{'dixon_coles': 0.22, 'bivariate_poisson': 0.18, 'zero_inflated_poisson': 0.12, 'negative_binomial': 0.18, 'weibull_copula': 0.3}",0.9,0.1,"[[0.08663751535740188, 0.07730936331926365, 0.03449278082464818, 0.010259662201622426, 0.0022887543271702913, 0.000408465406926349, 6.074774193210227e-05, 7.743872736357815e-06, 8.637624653759169e-07], [0.13461111955103908, 0.12011771003881883, 0.05359239382709073, 0.015940722785950507, 0.00355610131577205, 0.0006346440741912277, 9.438545782325757e-05, 1.203187065558933e-05, 1.3420517891212131e-06], [0.10457452197257656, 0.09331511504877815, 0.04163399713579469, 0.012383772386694079, 0.0027626068070989622, 0.0004930320831044879, 7.332465672932411e-05, 9.34712619908831e-06, 1.0425916133665253e-06], [0.0541601153617748, 0.04832876403073067, 0.02156263347240318, 0.006413670638180851, 0.0014307797018755775, 0.0002553458910861449, 3.7975520159338136e-05, 4.84096339810615e-06, 5.399678716194149e-07], [0.02103751975626995, 0.01877243653011465, 0.008375615979449136, 0.0024912746558912913, 0.0005557605637288127, 9.918450491703488e-05, 1.4750905722231164e-05, 1.880384900341551e-06, 2.0974077863508134e-07], [0.006537316023633306, 0.005833451450206353, 0.0026026855439521715, 0.0007741525577118373, 0.00017270013198609238, 3.082114530621042e-05, 4.583778575528418e-06, 5.84321273706102e-07, 6.517601736639098e-08], [0.001692868316860235, 0.0015105993197049477, 0.0006739774978260897, 0.00020047039681559, 4.4721500490403056e-05, 7.981278584300523e-06, 1.186990730440793e-06, 1.5131270502274298e-07, 1.6877632107706204e-08], [0.00037575094748831323, 0.00033529431675293023, 0.00014959680021872852, 4.44966337881053e-05, 9.92643433337726e-06, 1.7715335329692414e-06, 2.6346579186394935e-07, 3.358553746505577e-08, 3.746178124233492e-09], [7.297683847624936e-05, 6.511951429329134e-05, 2.9054089148944713e-05, 8.64195733476461e-06, 1.927872171272433e-06, 3.4406012108532776e-07, 5.1169266945017e-08, 6.5228480702676806e-09, 7.275676553921378e-10]]","{'1x2': {'home': 0.5283752625323657, 'draw': 0.2553906961830668, 'away': 0.2162340412845674}}",1.5537278394438458,0.8923312608901902,0.5178077572817184,0.2579446031448975,0.2183963816974131
sample_run,3,10081,2025-01-10T00:00:00+00:00,2024-2025,ENG Premier League,Liverpool,Tottenham,1,1,2.075758041892005,0.499627206889417,0.2829755324734508,0.21739726063713233,0.0,1.0,0.0,2.136311155975759,3.6775827610928986,3.84636609452523,0.46809660531087316,0.27191774188728834,0.2599856528018385,1x2,home,,,2.136311155975759,,"{'dixon_coles': 0.22, 'bivariate_poisson': 0.18, 'zero_inflated_poisson': 0.12, 'negative_binomial': 0.18, 'weibull_copula': 0.3}",0.9,0.1,"[[0.12098875637668796, 0.09392550534488119, 0.03645793550776229, 0.00943429268125904, 0.0018309980493144123, 0.0002842866101241857, 3.678270653454186e-05, 4.079286140385501e-06, 3.958518787782819e-07], [0.16161110844708673, 0.12546128652632202, 0.0486988009923634, 0.012601885855289995, 0.0024457613515165566, 0.0003797367255829309, 4.9132614903682005e-05, 5.448919176985313e-06, 5.287603809319461e-07], [0.10793627092165259, 0.08379265226757553, 0.03252478760884418, 0.008416504155379067, 0.0016334666743123684, 0.0002536172574104966, 3.281452175095606e-05, 3.639205387356385e-06, 3.5314666347699054e-07], [0.048058736772156156, 0.037308765481543, 0.014481695475641659, 0.003747457219813761, 0.0007273027338868295, 0.00011292334736684093, 1.4610699903446735e-05, 1.6203599798044172e-06, 1.5723891882762154e-07], [0.016048651860123244, 0.012458824945460667, 0.004835992467607836, 0.001251419415508664, 0.00024287422344043263, 3.770942830565972e-05, 4.879071984243354e-06, 5.411002234046179e-07, 5.2508093982792816e-08], [0.004287407349028109, 0.0033283828509077396, 0.0012919384024389447, 0.0003343174769776023, 6.488400019788388e-05, 1.0074097279601186e-05, 1.3034471221635355e-06, 1.445552619999257e-07, 1.402757004061248e-08], [0.000954486288355806, 0.000740982961255174, 0.00028761845799602203, 7.44276019877525e-05, 1.444483425084261e-05, 2.2427511402949773e-06, 2.9018059270340935e-07, 3.218169029819087e-08, 3.122895067516834e-09], [0.00018213686210933767, 0.00014139575715852807, 5.4883893108995385e-05, 1.4202414477554697e-05, 2.7563903392158716e-06, 4.279659751730171e-07, 5.5372804454918234e-08, 6.1409704463999676e-09, 5.959166886242515e-10], [3.041123515944727e-05, 2.360872791865039e-05, 9.163916411394332e-06, 2.3713649258411774e-06, 4.60232123395218e-07, 7.145711066118971e-08, 9.245549518173434e-09, 1.0253525518660555e-09, 9.949969678467482e-11]]","{'1x2': {'home': 0.499627206889417, 'draw': 0.2829755324734508, 'away': 0.21739726063713233}}",1.3357531169584438,0.7763159830526095,0.48963466275162865,0.2858052877981853,0.21957123324350367
sample_run,3,10082,2025-01-12T00:00:00+00:00,2024-2025,ENG Premier League,Man City,Aston Villa,4,2,3.992440646372877,0.48777014223045473,0.22629096169247068,0.2859388960770745,1.0,0.0,0.0,2.1332002285502556,5.1008392624083525,2.9835197966933618,0.4687792484813346,0.1960461697685121,0.3351745817501533,1x2,home,,,2.1332002285502556,,"{'dixon_coles': 0.22, 'bivariate_poisson': 0.18, 'zero_inflated_poisson': 0.12, 'negative_binomial': 0.18, 'weibull_copula': 0.3}",0.9,0.1,"[[0.03953330027073537, 0.05439878277209359, 0.03742702413939372, 0.017166831860918733, 0.005905494550744993, 0.0016252208291629357, 0.00037272389874215355, 7.326816438939988e-05, 1.2602347044876713e-05], [0.07332394478259725, 0.10089553153684369, 0.06941735277804045, 0.03183998863848767, 0.010953149708912478, 0.003014360084308067, 0.0006913054661099173, 0.00013589330521913146, 2.3374061677661168e-05], [0.06799838163854566, 0.09356742711276697, 0.06437552781065133, 0.029527430708020247, 0.010157615718290249, 0.0027954252600090154, 0.000641095525516675, 0.0001260232909973908, 2.167638922200675e-05], [0.04203974494435289, 0.057847711609216805, 0.03979992912483911, 0.01825522352025456, 0.006279907900008148, 0.0017282612043102422, 0.0003963549091646196, 7.791342798039549e-05, 1.3401346506328028e-05], [0.019493186224424867, 0.02682309839291164, 0.01845461791398463, 0.008464667711943952, 0.0029118971661016113, 0.0008013682657842517, 0.0001837837043383104, 3.612726392644727e-05, 6.213999239331468e-06], [0.007230953654606316, 0.009949968112912325, 0.006845699072134501, 0.003139949478860278, 0.0010801617145932466, 0.0002972657585806821, 6.81741524059852e-05, 1.3401327423453492e-05, 2.3050690632126496e-06], [0.002235255016508857, 0.003075765272582337, 0.0021161639146657996, 0.0009706310065665786, 0.0003339029686142851, 9.189172131956593e-05, 2.1074207281724637e-05, 4.142660260596433e-06, 7.125501604706337e-07], [0.0005922591633711341, 0.0008149630147842172, 0.0005607044656647948, 0.0002571809944035197, 8.847182597872093e-05, 2.4347876903308087e-05, 5.583878475252552e-06, 1.097650371859468e-06, 1.8879920133651233e-07], [0.0001373107541446491, 0.00018894293762052692, 0.00012999503898677523, 5.962544520579924e-05, 2.0511515729947098e-05, 5.644868912427975e-06, 1.2945794880146727e-06, 2.544818377976385e-07, 4.3771649846435214e-08]]","{'1x2': {'home': 0.48777014223045473, 'draw': 0.22629096169247068, 'away': 0.2859388960770745}}",1.8547387716293313,1.376024323786659,0.4780147393858456,0.2285538713093954,0.28879828503784527
sample_run,3,10083,2025-01-14T00:00:00+00:00,2024-2025,ENG Premier League,Chelsea,Arsenal,1,0,1.9414185123601213,0.4299812027079064,0.29175996904679335,0.2782588282453003,1.0,0.0,0.0,2.5000460858646707,3.421326102553551,3.249675360928599,0.3999926263975802,0.29228432777969837,0.3077230458227214,1x2,home,,,2.5000460858646707,,"{'dixon_coles': 0.22, 'bivariate_poisson': 0.18, 'zero_inflated_poisson': 0.12, 'negative_binomial': 0.18, 'weibull_copula': 0.3}",0.9,0.1,"[[0.1176674909892637, 0.10829625075669949, 0.049835676062082584, 0.015288892528357387, 0.0035178147445888304, 0.0006475299923414992, 9.9326599376964e-05, 1.305943701733872e-05, 1.5024201396672099e-06], [0.14350024845932088, 0.13207164323931456, 0.060776615842855, 0.01864542073636399, 0.004290116884776779, 0.000789688927711951, 0.00012113279181345239, 1.5926509870920515e-05, 1.832261923152623e-06], [0.08750216875859848, 0.08053334638112448, 0.03705976646838744, 0.011369421094144593, 0.0026159852381876987, 0.0004815287399243491, 7.386316125066204e-05, 9.711510394045256e-06, 1.1172586370476152e-06], [0.035570807343137244, 0.03273788740852919, 0.015065293031369909, 0.004621822442578914, 0.0010634331496031826, 0.00019574790294954288, 3.0026367527538548e-05, 3.94785946609481e-06, 4.541806482593216e-07], [0.010845008355163648, 0.009981293341220861, 0.004593183034112867, 0.001409124693806582, 0.0003242248982810785, 5.9680614570114035e-05, 9.15459139203923e-06, 1.2036434394585209e-06, 1.3847290216414756e-07], [0.0026451849706753618, 0.0024345179154729273, 0.0011203143724284458, 0.00034369687323384694, 7.90810666036518e-05, 1.4556583040931414e-05, 2.2328786451664104e-06, 2.9357833870102497e-07, 3.377465721139832e-08], [0.0005376516166041282, 0.000494832122296363, 0.0002277114228753559, 6.985869856533399e-05, 1.6073758082549714e-05, 2.9587232994866154e-06, 4.538475859206341e-07, 5.9671769707001e-08, 6.8649259886435374e-09], [9.366968846899465e-05, 8.62096742732939e-05, 3.9671894183610484e-05, 1.2170785559605802e-05, 2.8003708453963495e-06, 5.154689043424319e-07, 7.90693465298225e-08, 1.0396018362507531e-08, 1.1960077099375874e-09], [1.4279245116259819e-05, 1.3142021612986942e-05, 6.0476842672708036e-06, 1.855345449564213e-06, 4.26895641177223e-07, 7.857938843633339e-08, 1.2053531924103143e-08, 1.5847954323080745e-09, 1.8232245169458803e-10]]","{'1x2': {'home': 0.4299812027079064, 'draw': 0.29175996904679335, 'away': 0.2782588282453003}}",1.219540310181461,0.9203582896705151,0.42138157865374826,0.2946775687372613,0.2810414165277533
sample_run,3,10084,2025-01-16T00:00:00+00:00,2024-2025,ENG Premier League,Tottenham,Chelsea,4,3,5.3535307687639975,0.4346774996321705,0.25039580634563097,0.31492669402219853,1.0,0.0,0.0,2.6082781671768913,4.081211355364518,2.6912103707471116,0.3833946902535955,0.2450252910047301,0.37158001874167434,1x2,home,0.03955017352083495,0.02,2.6082781671768913,1.6082781671768913,"{'dixon_coles': 0.22, 'bivariate_poisson': 0.18, 'zero_inflated_poisson': 0.12, 'negative_binomial': 0.18, 'weibull_copula': 0.3}",0.9,0.1,"[[0.06091342608428693, 0.07716444853200943, 0.04887553122533278, 0.020638325878508227, 0.006536100238539182, 0.0016559717713429134, 0.0003496277606172745, 6.327207803364901e-05, 1.0019045313148609e-05], [0.0932921288129097, 0.11818142788856131, 0.07485545712966135, 0.03160868596812135, 0.01001038267892111, 0.002536208217690729, 0.000535473378807203, 9.69045288309325e-05, 1.534469699082895e-05], [0.07144091096108653, 0.09050054891525254, 0.057322542810402125, 0.024205185888447864, 0.007665714854523115, 0.0019421684097506253, 0.00041005287867441057, 7.420720165813922e-05, 1.1750606888230492e-05], [0.036471842615184144, 0.04620212329631057, 0.029264167149575013, 0.01235717347831143, 0.0039134823722969244, 0.000991511161037552, 0.00020933921269652362, 3.788408271085858e-05, 5.998891661584201e-06], [0.013964638249832568, 0.017690247926726018, 0.011204904348767726, 0.004731415937378548, 0.0014984262298683756, 0.0003796379259104507, 8.015351479923987e-05, 1.4505368321139465e-05, 2.296904843493809e-06], [0.004277516187076303, 0.005418709780102669, 0.003432180545534022, 0.0014492826736969139, 0.0004589837802263544, 0.00011628710635089292, 2.45518681451644e-05, 4.443147518978646e-06, 7.035662129190156e-07], [0.0010918736551660622, 0.0013831733639630645, 0.0008760942924691809, 0.0003699421582738397, 0.0001171596496330796, 2.9683307393120368e-05, 6.267080436494831e-06, 1.1341525104327315e-06, 1.7959146826193558e-07], [0.0002388945947746162, 0.00030262900723320753, 0.00019168352491474633, 8.09408502281655e-05, 2.5633741496193317e-05, 6.4945075446218785e-06, 1.371194949353965e-06, 2.4814492327982174e-07, 3.9293402521822266e-08], [4.573496095422066e-05, 5.793653825647778e-05, 3.669668012293935e-05, 1.549564831418241e-05, 4.907428598562651e-06, 1.2433351589658224e-06, 2.625071845116171e-07, 4.750588177977735e-08, 7.522490124941775e-09]]","{'1x2': {'home': 0.4346774996321705, 'draw': 0.25039580634563097, 'away': 0.31492669402219853}}",1.5315528087981756,1.2667888426639422,0.42598394963952707,0.2528997644090873,0.3180759609624205
sample_run,3,10085,2025-01-18T00:00:00+00:00,2024-2025,ENG Premier League,Newcastle,Brighton,0,0,2.6856152791481516,0.3948914220523992,0.2585725821644444,0.3465359957831564,0.0,1.0,0.0,3.0112428480316176,3.910383500893401,2.4261138272541625,0.3320887920592913,0.255729393235096,0.41218181470561266,1x2,home,0.061603695085922006,0.02,3.0112428480316176,-1.0,"{'dixon_coles': 0.22, 'bivariate_poisson': 0.18, 'zero_inflated_poisson': 0.12, 'negative_binomial': 0.18, 'weibull_copula': 0.3}",0.9,0.1,"[[0.06817923182873734, 0.08798204038953773, 0.056768309230520744, 0.02441893003484109, 0.00787786555732771, 0.00203320180370824, 0.0004372916268287525, 8.061484946513195e-05, 1.3003701331393207e-05], [0.09512281552938315, 0.1227514475213724, 0.07920243836736418, 0.034068987209533955, 0.010991099959256359, 0.002836697846551988, 0.0006101038341978285, 0.00011247283445291869, 1.8142602223100144e-05], [0.0663570840528538, 0.08563064576520112, 0.055251128035741386, 0.023766313426249627, 0.007667322921117722, 0.0019788627616689333, 0.0004256046373472627, 7.846034926446876e-05, 1.2656166388219136e-05], [0.030860192545060155, 0.03982360367081709, 0.02569522868359707, 0.011052821547072928, 0.0035657844980406424, 0.0009202948971764896, 0.00019793276398561352, 3.6488967530966166e-05, 5.8859085988719526e-06], [0.01076393912019589, 0.013890349025968758, 0.008962415799120571, 0.003855189758306494, 0.0012437345358945787, 0.00032099599609984743, 6.90383320947323e-05, 1.2727238318057576e-05, 2.052986601842723e-06], [0.003003542773470602, 0.0038759284098564863, 0.002500850191151718, 0.00107574255201739, 0.00034704858841063307, 8.956992357841842e-05, 1.9264284305225897e-05, 3.5513768936798197e-06, 5.728602701242761e-07], [0.0006984175814054663, 0.0009012745114279617, 0.0005815258425447146, 0.00025014376956143035, 8.069964506210748e-05, 2.0827807063332216e-05, 4.479548275723879e-06, 8.258061388874688e-07, 1.3320791961992513e-07], [0.00013920335934847322, 0.0001796352827107457, 0.00011590537378408267, 4.9856781916871906e-05, 1.608444860203639e-05, 4.151242449027804e-06, 8.928299987660424e-07, 1.645934921517825e-07, 2.6550004462373125e-08], [2.427684926407831e-05, 3.132811378468143e-05, 2.021371683429629e-05, 8.69494518704803e-06, 2.805102808115064e-06, 7.23970223602198e-07, 1.5570816250368148e-07, 2.8704848916858455e-08, 4.630279465311684e-09]]","{'1x2': {'home': 0.3948914220523992, 'draw': 0.2585725821644444, 'away': 0.3465359957831564}}",1.395187551662751,1.2904522100006055,0.3869935936113512,0.26115830798608886,0.350001355740988
sample_run,3,10086,2025-01-20T00:00:00+00:00,2024-2025,ENG Premier League,Brighton,Wolves,1,0,2.1169222347656875,0.4108268179854258,0.2770292251156882,0.31214395689888613,1.0,0.0,0.0,2.779959074816849,3.513874362864662,2.811386990914519,0.35971752572144705,0.2845861566845426,0.3556963175940104,1x2,home,0.041436620035499264,0.02,2.779959074816849,1.779959074816849,"{'dixon_coles': 0.22, 'bivariate_poisson': 0.18, 'zero_inflated_poisson': 0.12, 'negative_binomial': 0.18, 'weibull_copula': 0.3}",0.9,0.1,"[[0.09367809255842414, 0.10141886084722317, 0.054899630503970225, 0.01981202447154733, 0.005362280812155981, 0.0011610749037670853, 0.00020950272520567703, 3.240203789451651e-05, 4.384933663039913e-06], [0.12040162677653407, 0.13035060277527521, 0.07056083916296857, 0.02546379746815512, 0.006891977786732972, 0.001492294552600746, 0.00026926753352870614, 4.16453619712805e-05, 5.635822975451e-06], [0.07737428962590565, 0.08376784900726285, 0.04534485913363535, 0.016363925413841927, 0.004429025584145315, 0.0009590005883757315, 0.0001730407194976864, 2.6762763801539824e-05, 3.6217766392162008e-06], [0.03314894687829547, 0.03588809655347231, 0.019426793239616453, 0.007010686584477784, 0.0018974976639047389, 0.0004108581767150425, 7.413467246218604e-05, 1.146579102519584e-05, 1.5516534238814227e-06], [0.010651335389825815, 0.011531472004130865, 0.006242167846346846, 0.0022526560013620867, 0.0006096991284176689, 0.000132015905479929, 2.3820764602529378e-05, 3.684158841226374e-06, 4.985733358954428e-07], [0.002737968020597089, 0.002964210629202359, 0.0016045740103933165, 0.0005790541624505515, 0.00015672557991067019, 3.3935212270141886e-05, 6.123222048776659e-06, 9.470276468538467e-07, 1.2816025405678795e-07], [0.0005865046187051334, 0.0006349684188286832, 0.0003437184295325219, 0.00012404014152203943, 3.357244343080487e-05, 7.269317458586277e-06, 1.3116654343469795e-06, 2.0286434492398013e-07, 2.745341814559883e-08], [0.0001076880994042868, 0.00011658653661819419, 6.311013285505367e-05, 2.2775007500943095e-05, 6.1642355577747585e-06, 1.3347192095602585e-06, 2.408348599043833e-07, 3.7247917654920065e-08, 5.0407214674246895e-09], [1.7301033249399876e-05, 1.873064486811306e-05, 1.0139193772936645e-05, 3.6590037730154487e-06, 9.903382540146187e-07, 2.1443429265588395e-07, 3.8692222649204185e-08, 5.984203132783933e-09, 8.098359075079626e-10]]","{'1x2': {'home': 0.4108268179854258, 'draw': 0.2770292251156882, 'away': 0.31214395689888613}}",1.285269837250831,1.0826315745484607,0.40261028162571727,0.2797995173668451,0.315265396467875
sample_run,3,10087,2025-01-22T00:00:00+00:00,2024-2025,ENG Premier League,Aston Villa,Man City,2,1,2.505830813464585,0.4350313201145437,0.2892983377673723,0.275670342118084,1.0,0.0,0.0,2.3115232150445073,3.732305810114278,3.3394116367480677,0.43261516626418367,0.2679308853229745,0.29945394841284195,1x2,home,0.06411332813778116,0.02,2.3115232150445073,1.3115232150445073,"{'dixon_coles': 0.22, 'bivariate_poisson': 0.18, 'zero_inflated_poisson': 0.12, 'negative_binomial': 0.18, 'weibull_copula': 0.3}",0.9,0.1,"[[0.11481349365260055, 0.10611963814680159, 0.0490420474203253, 0.01510950255252025, 0.003491346906277393, 0.0006453953425721233, 9.942083466051076e-05, 1.3127505018019928e-05, 1.5166837515825425e-06], [0.14238879097799173, 0.13160689126371514, 0.060820706844741945, 0.01873842291779707, 0.004329880130412091, 0.0008004029805915582, 0.0001232992046054013, 1.628039970396841e-05, 1.8809528289178706e-06], [0.08829348864481225, 0.08160776897928657, 0.03771415117918727, 0.011619459086283899, 0.0026849039134479915, 0.0004963197664137605, 7.645627754100429e-05, 1.0095269975412032e-05, 1.1663550627883126e-06], [0.03649978383610515, 0.03373596369120003, 0.01559071214345325, 0.004803386426919139, 0.0011099166423901687, 0.00020517440714755194, 3.160638056092808e-05, 4.173299498357876e-06, 4.821613498496824e-07], [0.01131652719127788, 0.01045962223090708, 0.0048338017204433365, 0.0014892595899890122, 0.0003441226370013619, 6.361302762409328e-05, 9.799358446660495e-06, 1.293905121810519e-06, 1.4949107782824122e-07], [0.002806894161258072, 0.0025943517894364675, 0.0011989517275449153, 0.00036938841546367676, 8.535443817961444e-05, 1.577825359317262e-05, 2.430583300255413e-06, 3.209336813533291e-07, 3.7079010762212796e-08], [0.0005801731911901577, 0.0005362415788675911, 0.0002478182681248347, 7.635102838796815e-05, 1.7642402575918478e-05, 3.261298507406343e-06, 5.023913224895676e-07, 6.633563909930653e-08, 7.664075224854662e-09], [0.00010278801686270837, 9.500474907855823e-05, 4.390542119095217e-05, 1.3526944906448366e-05, 3.1256659235704476e-06, 5.77797132070062e-07, 8.900757310382264e-08, 1.1752540265348491e-08, 1.3578274649909244e-09], [1.5934387351271677e-05, 1.4727810869725436e-05, 6.806299113755757e-06, 2.0969718688760807e-06, 4.845464780526511e-07, 8.957117370165453e-08, 1.3798117624229551e-08, 1.8219003991448898e-09, 2.104929100077841e-10]]","{'1x2': {'home': 0.4350313201145437, 'draw': 0.2892983377673723, 'away': 0.275670342118084}}",1.2401747081125127,0.9242784516939745,0.42633069371225285,0.29219132114504603,0.27842704553926484
sample_run,3,10088,2025-01-24T00:00:00+00:00,2024-2025,ENG Premier League,West Ham,Newcastle,1,1,2.309402587672562,0.4160156107207267,0.22877298233534943,0.3552114069439239,0.0,1.0,0.0,2.5256590662469702,4.183358415934144,2.739565778338181,0.3959362581292338,0.23904239144106423,0.36502135042970185,1x2,home,0.07131407406483496,0.02,2.5256590662469702,-1.0,"{'dixon_coles': 0.22, 'bivariate_poisson': 0.18, 'zero_inflated_poisson': 0.12, 'negative_binomial': 0.18, 'weibull_copula': 0.3}",0.9,0.1,"[[0.0360431241270437, 0.05727624416796989, 0.04550893166787734, 0.024106129765048525, 0.009576782034078172, 0.003043699010074016, 0.0008061253100606592, 0.00018300233086767997, 3.635119887616888e-05], [0.06250101861650068, 0.09932056917173643, 0.07891531753366789, 0.041801528078045026, 0.01660673558952071, 0.00527796335914525, 0.0013978714174094039, 0.00031733742192014666, 6.30352393894414e-05], [0.0541903264868368, 0.08611402164978338, 0.06842203401838395, 0.036243224580021445, 0.014398556109917757, 0.004576158340275966, 0.001211997982958219, 0.00027514141178818814, 5.465351250752133e-05], [0.03132313200385384, 0.04977568954440789, 0.039549353961737345, 0.02094933508180823, 0.00832266389473411, 0.002645114378445735, 0.0007005599572799492, 0.00015903743933451972, 3.15908631250488e-05], [0.013579064689283308, 0.02157853525611798, 0.017145259797127544, 0.009081862447163528, 0.0036080041868052143, 0.0011466982053725933, 0.00030370363274833295, 6.894520242981159e-05, 1.3695130292607822e-05], [0.00470938851997442, 0.0074837044036785445, 0.0059461893369058706, 0.0031497028497414186, 0.0012513007255035705, 0.00039768919935397864, 0.00010532819706413922, 2.3911053688882904e-05, 4.749641514740086e-06], [0.0013610620919992475, 0.0021628681363562727, 0.0017185103467226104, 0.0009102967681817706, 0.0003616388785827584, 0.0001149363004013039, 3.0440940609292728e-05, 6.910542338493249e-06, 1.372695624682444e-06], [0.0003371666152325677, 0.0005357925498155888, 0.0004257148298028781, 0.00022550160054355745, 8.958632919468423e-05, 2.847238461893969e-05, 7.540926288421322e-06, 1.711901450630079e-06, 3.400485108206148e-07], [7.308348473496245e-05, 0.00011613720002659344, 9.227699855125077e-05, 4.887922480007977e-05, 1.9418533230654824e-05, 6.1716106893647845e-06, 1.6345543905857116e-06, 3.7106794647680354e-07, 7.370815800539142e-08]]","{'1x2': {'home': 0.4160156107207267, 'draw': 0.22877298233534943, 'away': 0.3552114069439239}}",1.7340621860690826,1.5891032077598033,0.40769529850631214,0.2310607121587029,0.3587635210133631
sample_run,3,10089,2025-01-26T00:00:00+00:00,2024-2025,ENG Premier League,Wolves,West Ham,3,0,3.254745299354973,0.45583306848398336,0.23753619075206805,0.30663074076394864,1.0,0.0,0.0,2.345383745735151,4.157433199611629,3.002123898329676,0.4263694595046126,0.2405330289115448,0.3330975115838426,1x2,home,0.04382975604886627,0.02,2.345383745735151,1.345383745735151,"{'dixon_coles': 0.22, 'bivariate_poisson': 0.18, 'zero_inflated_poisson': 0.12, 'negative_binomial': 0.18, 'weibull_copula': 0.3}",0.9,0.1,"[[0.04796001071145055, 0.06461875569655194, 0.04353192926595548, 0.019550865123588973, 0.006585447742486668, 0.0017745760791606998, 0.00039849483080860534, 7.670152021705075e-05, 1.2917941225762701e-05], [0.08105826242338002, 0.10921357145303628, 0.07357426518241728, 0.03304334449228175, 0.011130209175672532, 0.002999249820445051, 0.0006735048239330845, 0.00012963491587672843, 2.1832894828726003e-05], [0.06849917055511452, 0.09229212216294592, 0.06217473689324949, 0.027923639397374453, 0.009405704907123544, 0.002534548839882415, 0.0005691526122693931, 0.00010954940245519842, 1.8450126389008506e-05], [0.03859064847480449, 0.051994977669376025, 0.0350276272839, 0.01573145110208667, 0.005298929151799004, 0.0014278987983281906, 0.0003206457568844956, 6.171727988110349e-05, 1.0394320632263177e-05], [0.016305724627435677, 0.021969462069030648, 0.014800239628432929, 0.0066470173422473, 0.002238958996139637, 0.0006033307425913565, 0.00013548260061314665, 2.6077430939070223e-05, 4.391917125456264e-06], [0.0055117323213545065, 0.007426213611194247, 0.005002841700550323, 0.002246853860405836, 0.0007568227078020397, 0.00020394049515667334, 4.579642094066695e-05, 8.814807207213786e-06, 1.4845750266355743e-06], [0.0015525832121534237, 0.002091867658001939, 0.001409235351876939, 0.0006329094702790163, 0.00021318710020757676, 5.744738143972399e-05, 1.2900255343263395e-05, 2.4830163894689774e-06, 4.181854504447669e-07], [0.00037486497479278277, 0.0005050730361814863, 0.00034025421022409205, 0.00015281344714090066, 5.147316827844363e-05, 1.3870439295453012e-05, 3.1147147903046e-06, 5.995143248762469e-07, 1.0096919579740694e-07], [7.919593597180023e-05, 0.0001067043723053153, 7.188388475593974e-05, 3.2284168405145566e-05, 1.0874490852336104e-05, 2.9303415795264838e-06, 6.580309436477431e-07, 1.266565330978753e-07, 2.1331280602877905e-08]]","{'1x2': {'home': 0.45583306848398336, 'draw': 0.23753619075206805, 'away': 0.30663074076394864}}",1.6901218582094102,1.3473465651483703,0.44671640711430366,0.23991155265958874,0.3096970481715881
sample_run,3,10090,2025-01-28T00:00:00+00:00,2024-2025,ENG Premier League,Arsenal,Liverpool,2,1,2.363400153068118,0.5033439530661155,0.22216207640444519,0.27449397052943947,1.0,0.0,0.0,2.134374182329177,5.151324506830859,2.964247386637985,0.4685214093569717,0.19412483113303397,0.33735375950999436,1x2,home,,,2.134374182329177,,"{'dixon_coles': 0.22, 'bivariate_poisson': 0.18, 'zero_inflated_poisson': 0.12, 'negative_binomial': 0.18, 'weibull_copula': 0.3}",0.9,0.1,"[[0.037370722856223365, 0.05117135328587763, 0.035034208559228314, 0.015990662620867156, 0.005473963197044535, 0.001499088501485656, 0.0003421144568679595, 6.692198138996679e-05, 1.145444913345661e-05], [0.0716683197236985, 0.09813470620025429, 0.06718743091883699, 0.03066635680864958, 0.010497783146204651, 0.0028749016825801777, 0.0006560956385896951, 0.00012834073285796315, 2.1966958624636322e-05], [0.06872155071470491, 0.09409972516466601, 0.06442490153362442, 0.02940545561533492, 0.010066148329626944, 0.0027566950437920568, 0.0006291191125292877, 0.00012306377791280185, 2.1063748487347194e-05], [0.043930628864012305, 0.06015376631380274, 0.041183972268375856, 0.01879759906142584, 0.006434840625101247, 0.0017622324525656775, 0.0004021678491877671, 7.86691961672179e-05, 1.3465116948889614e-05], [0.021062171898588666, 0.028840219209489586, 0.019745310409016906, 0.009012351358275996, 0.0030851304179014593, 0.0008448875830142133, 0.00019281600538656154, 3.771728690538036e-05, 6.455737492172344e-06], [0.008078465463518184, 0.011061761150081924, 0.007573378898136225, 0.0034567170728391217, 0.0011833119419719677, 0.000324059417651654, 7.395521448731737e-05, 1.4466589728248258e-05, 2.4761193965731715e-06], [0.002582101716111446, 0.003535645795334304, 0.0024206620351290603, 0.0011048626903459608, 0.00037821933012638516, 0.00010357838158981296, 2.363813859271349e-05, 4.623923483027707e-06, 7.914364642717683e-07], [0.0007074097322554137, 0.0009686490000843434, 0.0006631806452343431, 0.0003026955193437074, 0.00010361947919753449, 2.8377021219072746e-05, 6.476061414834706e-06, 1.2668007819708102e-06, 2.168271891824646e-07], [0.00016958083424687502, 0.0002322053232190985, 0.00015897820166632307, 7.25624151783136e-05, 2.4839745518514012e-05, 6.802562521198341e-06, 1.5524466900678021e-06, 3.036785099722659e-07, 5.197798949094956e-08]]","{'1x2': {'home': 0.5033439530661155, 'draw': 0.22216207640444519, 'away': 0.27449397052943947}}",1.9177664825866096,1.3692898979436263,0.49327707400479315,0.22438369716848963,0.27723891023473385
sample_run,3,10091,2025-01-30T00:00:00+00:00,2024-2025,ENG Premier League,Liverpool,Tottenham,3,1,2.9525726703680744,0.45157963881168384,0.2353394417363595,0.31308091945195665,1.0,0.0,0.0,2.3605529600658874,4.404300857400561,2.8627075309336956,0.4236295549887125,0.22705079248155738,0.3493196525297301,1x2,home,,,2.3605529600658874,,"{'dixon_coles': 0.22, 'bivariate_poisson': 0.18, 'zero_inflated_poisson': 0.12, 'negative_binomial': 0.18, 'weibull_copula': 0.3}",0.9,0.1,"[[0.04508204685518856, 0.06262943635667843, 0.043503418455630695, 0.020145451589755517, 0.006996678091557909, 0.001944002261702807, 0.0004501117940128249, 8.932997857081269e-05, 1.5512511625789962e-05], [0.0770961224426179, 0.10710442472535846, 0.07439646400043029, 0.03445132399188902, 0.011965223153487947, 0.0033244949342781764, 0.0007697492994394788, 0.00015276580027109336, 2.6528398311994398e-05], [0.06592216314822281, 0.09158119937739738, 0.06361378085049017, 0.029458106697336943, 0.010231038447052952, 0.0028426578471056558, 0.0006581853573588945, 0.0001306246240391059, 2.2683493620395243e-05], [0.03757847093088591, 0.05220522619807223, 0.03626259364576596, 0.016792388983289226, 0.0058321323590504815, 0.0016204373487218374, 0.0003751939884471579, 7.446165906714144e-05, 1.2930567883647165e-05], [0.01606600963239372, 0.022319419768359067, 0.015503429606807595, 0.0071792884721844285, 0.0024934248876233136, 0.0006927892862148938, 0.00016040754408274562, 3.1834763421240375e-05, 5.528235264097764e-06], [0.005494990277446771, 0.007633818068806493, 0.0053025733773194115, 0.0024555020976768415, 0.0008528157164432444, 0.00023695183055252116, 5.4863523384585054e-05, 1.0888311378316435e-05, 1.8907992539980542e-06], [0.0015661905082077167, 0.002175802466807023, 0.0015113475499162145, 0.0006998709522835658, 0.0002430708359623137, 6.753637207275237e-05, 1.5637285096652577e-05, 3.1034031126717442e-06, 5.389184866609021e-07], [0.0003826268630903412, 0.000531557603124092, 0.0003692285000025163, 0.00017098138804758672, 5.938321742189495e-05, 1.6499416932535872e-05, 3.820253865941568e-06, 7.581743036262257e-07, 1.316600304572315e-07], [8.179266899028524e-05, 0.00011362901896235363, 7.89285525814084e-05, 3.655003196357857e-05, 1.2694121387447883e-05, 3.527016730597347e-06, 8.166409367918318e-07, 1.6207199712163993e-07, 2.814445698731979e-08]]","{'1x2': {'home': 0.45157963881168384, 'draw': 0.2353394417363595, 'away': 0.31308091945195665}}",1.710129149420925,1.3892323158674489,0.44254804603545017,0.2376928361537231,0.31621172864647623
sample_run,3,10092,2025-02-01T00:00:00+00:00,2024-2025,ENG Premier League,Man City,Aston Villa,1,2,2.7671731346968063,0.43341351397549277,0.2854024791581536,0.28118400686635364,0.0,0.0,1.0,2.577377183515744,3.896788944932324,2.8138329401513156,0.38799132947856774,0.2566215451058685,0.3553871254155637,1x2,home,0.043212177801476515,0.02,2.577377183515744,-1.0,"{'dixon_coles': 0.22, 'bivariate_poisson': 0.18, 'zero_inflated_poisson': 0.12, 'negative_binomial': 0.18, 'weibull_copula': 0.3}",0.9,0.1,"[[0.10870320556778103, 0.10404585322524801, 0.049794021789999886, 0.015886871215362162, 0.0038015508881458354, 0.0007277349433631921, 0.00011609256401188898, 1.587408815542765e-05, 1.8992460223199335e-06], [0.1371819978359288, 0.13130448120118582, 0.0628393923965622, 0.020049019909781307, 0.004797506595935806, 0.0009183918073449054, 0.00014650726978898492, 2.003288785837479e-05, 2.396823188082806e-06], [0.08656092721443436, 0.08285225335308628, 0.039651238189020444, 0.01265079806759307, 0.0030271947180580024, 0.000579499115364935, 9.244511172491743e-05, 1.264061885057008e-05, 1.512379472543053e-06], [0.036412912473564575, 0.03485281346524729, 0.01667977818754812, 0.005321712897261927, 0.0012734264737716665, 0.00024377338881800665, 3.888816663792611e-05, 5.317430885152824e-06, 6.362009180435719e-07], [0.011488152658556345, 0.010995946615356064, 0.005262414487402655, 0.0016789827018955932, 0.0004017618129490946, 7.690969259512028e-05, 1.2269087106729282e-05, 1.6776317413309615e-06, 2.0071927158543954e-07], [0.0028995791336847267, 0.002775347639313516, 0.0013282194008022903, 0.0004237707621867418, 0.00010140361154331427, 1.9411801571144988e-05, 3.0966849084771034e-06, 4.234297833383523e-07, 5.066100955614175e-08], [0.0006098717088801584, 0.0005837419602939814, 0.0002793658660061075, 8.913217642722091e-05, 2.132833456417923e-05, 4.0829058462675385e-06, 6.513291860382363e-07, 8.906045796624032e-08, 1.0655586568639454e-08], [0.00010994999642874168, 0.00010523922575041429, 5.036514323001609e-05, 1.6069088526591515e-05, 3.8451534560743566e-06, 7.360818294724632e-07, 1.1742410844132403e-07, 1.6056158849064465e-08, 1.9210297643078165e-09], [1.7344428912382714e-05, 1.6601312679489162e-05, 7.945017506036357e-06, 2.534871966247692e-06, 6.065665570012755e-07, 1.1611568330751116e-07, 1.8523457640859625e-08, 2.5328323311407165e-09, 3.0303924754742767e-10]]","{'1x2': {'home': 0.43341351397549277, 'draw': 0.2854024791581536, 'away': 0.28118400686635364}}",1.2619866830917885,0.9571553357768372,0.42474524369598293,0.2882565039497351,0.28399584693501717
sample_run,3,10093,2025-02-03T00:00:00+00:00,2024-2025,ENG Premier League,Chelsea,Arsenal,2,1,2.4672118273706043,0.45911568403830316,0.2821713336971019,0.2587129822645949,1.0,0.0,0.0,2.2543797007988755,3.6325800471704897,3.5570407360719174,0.44358099908619386,0.27528643196147207,0.28113256895233424,1x2,home,,,2.2543797007988755,,"{'dixon_coles': 0.22, 'bivariate_poisson': 0.18, 'zero_inflated_poisson': 0.12, 'negative_binomial': 0.18, 'weibull_copula': 0.3}",0.9,0.1,"[[0.10873687295422492, 0.09874779619432636, 0.04483818132852302, 0.0135730455586952, 0.003081540557844098, 0.0005596911713630744, 8.471255459772602e-05, 1.0990066267635808e-05, 1.2475584344966153e-06], [0.14252133774286377, 0.12942866233333444, 0.05876937060336809, 0.01779018062331462, 0.004038972895585436, 0.000733586798096684, 0.00011103268171014836, 1.440467160579054e-05, 1.6351739034439655e-06], [0.09340130518819659, 0.08482102527346728, 0.03851448496327534, 0.011658788193170396, 0.0026469393709175914, 0.0004807558327489185, 7.276522627779456e-05, 9.440096129434197e-06, 1.0716106037882862e-06], [0.04080700686189217, 0.037058284714468016, 0.016826968841729153, 0.005093721643840315, 0.0011564471487246059, 0.00021004210301291392, 3.179110915037129e-05, 4.124375636449078e-06, 4.6818640461130515e-07], [0.01337142831412718, 0.012143066488093008, 0.0055137738568459185, 0.0016690842835702811, 0.00037893860239694206, 6.882550668053251e-05, 1.0417145723759447e-05, 1.3514540125414713e-06, 1.5341289225393405e-07], [0.0035051842104461876, 0.003183181625817226, 0.0014453798508995595, 0.00043753350346973193, 9.933490833189338e-05, 1.804190798657462e-05, 2.7307490158146267e-06, 3.5426995191678017e-07, 4.0215632539362936e-08], [0.000765707052164136, 0.0006953656278445025, 0.00031574304756692355, 9.55791390838797e-05, 2.169969829520789e-05, 3.941252542062003e-06, 5.965317808028607e-07, 7.739022666600377e-08, 8.78509989599431e-09], [0.00014337309405551066, 0.00013020217233489478, 5.912059648430964e-05, 1.7896500833951263e-05, 4.063111180525137e-06, 7.379709639770283e-07, 1.1169625103285121e-07, 1.4490758855364173e-08, 1.6449462625628976e-09], [2.3489875841986483e-05, 2.13319861906548e-05, 9.686165178125614e-06, 2.9321162758247997e-06, 6.656895967228671e-07, 1.2090724855320364e-07, 1.8300024046082056e-08, 2.3741283440314202e-09, 2.695037289170995e-10]]","{'1x2': {'home': 0.45911568403830316, 'draw': 0.2821713336971019, 'away': 0.2587129822645949}}",1.3106992492129246,0.9081353317553681,0.4499333703575371,0.2849930470340729,0.26130011208724085
sample_run,3,10094,2025-02-05T00:00:00+00:00,2024-2025,ENG Premier League,Tottenham,Chelsea,1,1,2.1191255364445643,0.45068514994812725,0.2531634534753207,0.29615139657655204,0.0,1.0,0.0,2.4101971322532743,4.54210649110716,2.740221417911037,0.4149038211928781,0.22016216527680865,0.3649340135303131,1x2,home,0.03361148142187405,0.02,2.4101971322532743,-1.0,"{'dixon_coles': 0.22, 'bivariate_poisson': 0.18, 'zero_inflated_poisson': 0.12, 'negative_binomial': 0.18, 'weibull_copula': 0.3}",0.9,0.1,"[[0.06624512678752384, 0.07872239817037098, 0.0467748819741226, 0.01852831074376968, 0.005504529640624453, 0.001308261588810055, 0.0002591121156117596, 4.398798420595187e-05, 6.534140274347511e-06], [0.10109532968269085, 0.1201366377027534, 0.07138218829605221, 0.028275675116641353, 0.008400349818212999, 0.001996511185738454, 0.0003954256867311747, 6.712916075534205e-05, 9.971617494926695e-06], [0.07713975487157473, 0.09166902974225419, 0.054467446959588314, 0.021575464011760893, 0.006409800807280776, 0.001523417391778786, 0.0003017255163033464, 5.122221789725498e-05, 7.6087404991513895e-06], [0.03924046607180026, 0.046631408894472454, 0.027707217996655712, 0.010975291079759789, 0.003260621861241917, 0.0007749520150123541, 0.00015348570792335709, 2.605639215299418e-05, 3.8705142880367525e-06], [0.014971017668797848, 0.017790809242752097, 0.010570854317127027, 0.004187291669131415, 0.0012439920414452344, 0.0002956595950718835, 5.855784793748515e-05, 9.941031449367416e-06, 1.476678123228885e-06], [0.0045693926189225775, 0.005430037839573182, 0.0032263928051502137, 0.0012780279917832384, 0.0003796861494609888, 9.024000915120053e-05, 1.787278621033256e-05, 3.0341608522638393e-06, 4.507056411314975e-07], [0.001162209397282115, 0.0013811115680047354, 0.0008206219841868476, 0.0003250620522055945, 9.657187458438875e-05, 2.295223794340495e-05, 4.545882094535474e-06, 7.717284438994045e-07, 1.1463543959034925e-07], [0.00025337484727725097, 0.0003010980064645788, 0.00017890491197364276, 7.086721895884792e-05, 2.1053765381108643e-05, 5.003848529517349e-06, 9.910539220702278e-07, 1.6824556492986056e-07, 2.499182769188598e-08], [4.833376989554516e-05, 5.743743673396963e-05, 3.412788973111771e-05, 1.3518626221592224e-05, 4.016214957011104e-06, 9.54533830081437e-07, 1.890533837046765e-07, 3.209451336094007e-08, 4.767439475185764e-09]]","{'1x2': {'home': 0.45068514994812725, 'draw': 0.2531634534753207, 'away': 0.29615139657655204}}",1.5260794957332693,1.1883500264535238,0.4416714469491647,0.2556950880100739,0.2991129105423176
sample_run,3,10095,2025-02-07T00:00:00+00:00,2024-2025,ENG Premier League,Newcastle,Brighton,2,2,2.8199957340007495,0.536559513536134,0.22174823132734867,0.24169225513651743,0.0,1.0,0.0,1.9376989846929324,4.400536806397453,3.8959171964350863,0.5160760303326836,0.2272450030519483,0.2566789666153681,1x2,home,0.06124756608944556,0.02,1.9376989846929324,-1.0,"{'dixon_coles': 0.22, 'bivariate_poisson': 0.18, 'zero_inflated_poisson': 0.12, 'negative_binomial': 0.18, 'weibull_copula': 0.3}",0.9,0.1,"[[0.04287967159056621, 0.05255639023089507, 0.0322084341092507, 0.013158986290248455, 0.004032148526677673, 0.0009884178846352124, 0.00020191260073111524, 3.535407353024484e-05, 5.4165599215902555e-06], [0.082494947343667, 0.10111170360793457, 0.06196486533840823, 0.025316189253392272, 0.0077573327418696955, 0.0019015882893202885, 0.0003884537531999383, 6.801666911328059e-05, 1.0420761375740397e-05], [0.07935480945627887, 0.09726292617875534, 0.059606196988388656, 0.024352538416599925, 0.00746205290677454, 0.0018292050752474012, 0.0003736674131003481, 6.542764122085958e-05, 1.0024099171992652e-05], [0.05088946645914996, 0.06237376730416826, 0.038224873617387044, 0.0156170457145325, 0.004785341855365754, 0.0011730513999280237, 0.00023962927283348038, 4.1958109107989076e-05, 6.428357173201556e-06], [0.024476189416633133, 0.02999976713042005, 0.018384929380956525, 0.007511294490461062, 0.002301594845159068, 0.0005641998287235446, 0.000115253939169326, 2.018049505225751e-05, 3.091832136525838e-06], [0.009417805137961916, 0.011543135093836643, 0.007074045695502577, 0.0028901520020488537, 0.0008855942152300685, 0.00021708951321397079, 4.4346737231147724e-05, 7.764932962179587e-06, 1.1896571024777688e-06], [0.0030197733569707506, 0.0037012500579116274, 0.002268258304810839, 0.0009267131657038642, 0.00028396147266409883, 6.960869528281269e-05, 1.4219565344307327e-05, 2.4897879425575255e-06, 3.814577568092295e-07], [0.0008299505331096856, 0.0010172466922542503, 0.0006234051257398592, 0.00025469662620218164, 7.804359723757339e-05, 1.9131162153504498e-05, 3.908086615458601e-06, 6.842900396765441e-07, 1.0483934759270456e-07], [0.00019958969771411146, 0.00024463139874972897, 0.00014991886339737096, 6.125042469944313e-05, 1.876822456249996e-05, 4.600735488211294e-06, 9.398317069541071e-07, 1.6456070177590792e-07, 2.521216971350165e-08]]","{'1x2': {'home': 0.536559513536134, 'draw': 0.22174823132734867, 'away': 0.24169225513651743}}",1.9238707826721415,1.2256714727838025,0.5258283232654113,0.22396571364062215,0.2441091776878826
sample_run,3,10096,2025-02-09T00:00:00+00:00,2024-2025,ENG Premier League,Brighton,Wolves,3,0,2.776349712015952,0.564381763453945,0.26096571464424395,0.17465252190181102,1.0,0.0,0.0,1.9365728320817184,3.874365940740628,4.434253302127814,0.5163761380071878,0.2581067496708478,0.22551711232196445,1x2,home,0.06827583604552837,0.02,1.9365728320817184,0.9365728320817184,"{'dixon_coles': 0.22, 'bivariate_poisson': 0.18, 'zero_inflated_poisson': 0.12, 'negative_binomial': 0.18, 'weibull_copula': 0.3}",0.9,0.1,"[[0.10974641610408582, 0.0774048579110141, 0.027297073749277638, 0.006417600956692031, 0.0011315938775422138, 0.00015962409783123219, 1.8763984967068624e-05, 1.8906228711870287e-06, 1.6668356915722682e-07], [0.16509206306794377, 0.11644050109017284, 0.04106311969870585, 0.009654028072153624, 0.0017022621278249017, 0.0002401233002572401, 2.822675308732849e-05, 2.8440731038695437e-06, 2.507428970217677e-07], [0.1241743933677995, 0.087581003699519, 0.030885724508013718, 0.007261300495845297, 0.0012803605645696258, 0.0001806093193628908, 2.1230820405455683e-05, 2.139176443759937e-06, 1.885968746792427e-07], [0.06226537961797793, 0.04391617542693954, 0.015487181447881781, 0.003641069786061569, 0.000642017524214373, 9.056382340734034e-05, 1.0645875178397391e-05, 1.072657813966729e-06, 9.456906273650802e-08], [0.023416527718525582, 0.016515828627175693, 0.005824360437231622, 0.0013693197101424114, 0.00024144751455436894, 3.4058899088464444e-05, 4.003660344358174e-06, 4.034010807828215e-07, 3.556517429864085e-08], [0.007045119117644066, 0.004968968132409982, 0.0017523226994891926, 0.00041197484887817333, 7.264213213596527e-05, 1.0246993233937899e-05, 1.2045451132482081e-06, 1.213676382964725e-07, 1.0700172646667472e-08], [0.0017663344447138459, 0.001245807121270679, 0.00043933791475718323, 0.0001032892920301171, 1.8212651622577224e-05, 2.5691002240863267e-06, 3.020005039252684e-07, 3.0428987277126304e-08, 2.6827202201392986e-09], [0.000379586489209312, 0.00026772480874747773, 9.441402059406486e-05, 2.2196940025692173e-05, 3.9139113825787115e-06, 5.521014083183842e-07, 6.490011637802099e-08, 6.539210332044687e-09, 5.765184237566528e-10], [7.137672331464638e-05, 5.03424651342057e-05, 1.7753433318986982e-05, 4.173870492455775e-06, 7.359644712705239e-07, 1.038161014246162e-07, 1.2203694761243132e-08, 1.229620705254491e-09, 1.0840743068593172e-10]]","{'1x2': {'home': 0.564381763453945, 'draw': 0.26096571464424395, 'away': 0.17465252190181102}}",1.5043048231421694,0.7053064752255938,0.553094128184866,0.2635753717906864,0.17639904712082913
sample_run,3,10097,2025-02-11T00:00:00+00:00,2024-2025,ENG Premier League,Aston Villa,Man City,4,2,4.064900608640152,0.5793716292270301,0.2168501448648128,0.20377822590815703,1.0,0.0,0.0,1.785795103238823,4.8720942428643,4.259400960981456,0.5599746567712842,0.20525054527929265,0.23477479794942313,1x2,home,0.04826020711529931,0.02,1.785795103238823,0.7857951032388231,"{'dixon_coles': 0.22, 'bivariate_poisson': 0.18, 'zero_inflated_poisson': 0.12, 'negative_binomial': 0.18, 'weibull_copula': 0.3}",0.9,0.1,"[[0.04785143456016439, 0.051541696728684444, 0.02775827439751635, 0.009966323015245169, 0.0026837293545819117, 0.0005781392585913467, 0.0001037874782200305, 1.597021153917515e-05, 2.150227593516985e-06], [0.09392012903137942, 0.10116316996030386, 0.054482394040355694, 0.019561343398876288, 0.0052674744150192476, 0.001134739517510899, 0.00020370827825466254, 3.134544120159815e-05, 4.220346890040111e-06], [0.0921705975834453, 0.09927871612656688, 0.05346750338043663, 0.019196957342414014, 0.005169352614769319, 0.0011136017434088682, 0.00019991362802699973, 3.076154256669271e-05, 4.141730839556948e-06], [0.060302437446971766, 0.06495291042914149, 0.03498101197755098, 0.012559572680052, 0.003382039076086618, 0.0007285718139340051, 0.00013079310935335168, 2.0125680477670253e-05, 2.7097194921456745e-06], [0.02958956590321928, 0.031871488203757424, 0.01716469521122195, 0.006162807330291977, 0.0016595194550324637, 0.0003575000384119772, 6.417835651007025e-05, 9.87539101325435e-06, 1.3296216021548014e-06], [0.011615350190259001, 0.012511116174606488, 0.006737981437088715, 0.0024192029558854867, 0.0006514424605212836, 0.00014033623043906764, 2.5193140309593084e-05, 3.876573426587721e-06, 5.21941436385891e-07], [0.0037996603398314614, 0.004092686932120482, 0.002204155743706915, 0.000791379456918135, 0.00021310249285473758, 4.5907355379432085e-05, 8.241281967585312e-06, 1.2681203805463113e-06, 1.707395939911747e-07], [0.0010653945089856161, 0.001147556832585661, 0.0006180277225512782, 0.00022189649929656556, 5.975224241981968e-05, 1.2872056965351715e-05, 2.3107898522469046e-06, 3.5557085879595156e-07, 4.787402284297328e-08], [0.00026138712107847724, 0.0002815450748184322, 0.00015162879645228914, 5.444076033745045e-05, 1.46597964344406e-05, 3.1580695077309343e-06, 5.66936192933141e-07, 8.723683324458577e-08, 1.1745558006756151e-08]]","{'1x2': {'home': 0.5793716292270301, 'draw': 0.2168501448648128, 'away': 0.20377822590815703}}",1.962744270776085,1.0771191543668397,0.5677841966424895,0.21901864631346094,0.2058160081672386
sample_run,3,10098,2025-02-13T00:00:00+00:00,2024-2025,ENG Premier League,West Ham,Newcastle,2,3,4.444309661412493,0.48006852440881276,0.27512454886432725,0.24480692672685994,0.0,0.0,1.0,2.252937966688636,4.334334558142184,3.072959295700181,0.44386486214256404,0.23071592342161693,0.32541921443581884,1x2,home,,,2.252937966688636,,"{'dixon_coles': 0.22, 'bivariate_poisson': 0.18, 'zero_inflated_poisson': 0.12, 'negative_binomial': 0.18, 'weibull_copula': 0.3}",0.9,0.1,"[[0.10291049134838659, 0.09236005335209294, 0.04144562591934021, 0.012398866143985107, 0.0027819319574696522, 0.0004993453643981998, 7.469203559432342e-05, 9.576366943572061e-06, 1.0743240925180479e-06], [0.14164918593342055, 0.12712723648167057, 0.057047042483756014, 0.017066183173174345, 0.003829137262242032, 0.0006873144170226641, 0.00010280842991827632, 1.31812079019674e-05, 1.4787329371372988e-06], [0.09748516216716771, 0.08749093178766756, 0.039260657596014804, 0.011745211405545809, 0.0026352715302258357, 0.00047302041986164447, 7.07543527108292e-05, 9.071511293304719e-06, 1.0176868947663337e-06], [0.04472719830161185, 0.040141742278167414, 0.01801319481561115, 0.005388824185668002, 0.0012090897700809307, 0.00021702664948726884, 3.24628271015512e-05, 4.1621029856336735e-06, 4.669252483071277e-07], [0.015390975073323557, 0.01381308416943228, 0.006198479737730439, 0.001854336105669968, 0.0004160571468670662, 7.468054962845974e-05, 1.1170710031072555e-05, 1.4322118473086858e-06, 1.606725914138341e-07], [0.004236922905124249, 0.0038025513282336043, 0.0017063558775595802, 0.0005104731235339075, 0.00011453478723756086, 2.0558524055861642e-05, 3.07514221624505e-06, 3.942681442821745e-07, 4.42309457031652e-08], [0.0009719719737510875, 0.0008723248929837798, 0.00039144684181708457, 0.00011710516819365743, 2.6274871105115913e-05, 4.716231484839601e-06, 7.054534898131083e-07, 9.044714642356367e-08, 1.0146807142510878e-08], [0.00019112175892994755, 0.00017152785513148313, 7.697136435624559e-05, 2.3026739792284177e-05, 5.1665065628254585e-06, 9.273667155491214e-07, 1.3871543157362592e-07, 1.7784893167190112e-08, 1.995197064289287e-09], [3.2883238156620364e-05, 2.9512031190808713e-05, 1.3243221072981773e-05, 3.961839681675094e-06, 8.889174455819157e-07, 1.5955703179302537e-07, 2.3866526752225137e-08, 3.0599596868565887e-09, 3.432813751911007e-10]]","{'1x2': {'home': 0.48006852440881276, 'draw': 0.27512454886432725, 'away': 0.24480692672685994}}",1.376430955459055,0.8974794711592925,0.4704671539206365,0.2778757943529705,0.24725499599412853
sample_run,3,10099,2025-02-15T00:00:00+00:00,2024-2025,ENG Premier League,Wolves,West Ham,2,2,2.957974658698536,0.5328561589941092,0.23632524640343855,0.23081859460245222,0.0,1.0,0.0,2.1143748864635166,4.565456922421687,3.246638899648156,0.47295302569195313,0.21903612650222162,0.3080108478058252,1x2,home,,,2.1143748864635166,,"{'dixon_coles': 0.22, 'bivariate_poisson': 0.18, 'zero_inflated_poisson': 0.12, 'negative_binomial': 0.18, 'weibull_copula': 0.3}",0.9,0.1,"[[0.06037922796546082, 0.06423655507831003, 0.03417015377117092, 0.012117704706944088, 0.0032229610747738628, 0.0006857719900406496, 0.00012159708919157777, 1.848075992928546e-05, 2.457675414808341e-06], [0.10525992371616859, 0.11198445417686073, 0.05956929064049437, 0.021124958301845635, 0.005618631577484569, 0.001195515573661459, 0.00021198184812391607, 3.22177584232476e-05, 4.284498748970623e-06], [0.09175052343391675, 0.09761200582753406, 0.051923974518451405, 0.01841371258201167, 0.004897518162815813, 0.001042079224307752, 0.0001847754096450175, 2.8082826728729505e-05, 3.7346122720933797e-06], [0.053316642290166166, 0.056722776101442884, 0.030173255389413917, 0.010700291292356041, 0.0028459698563410747, 0.0006055569293885001, 0.00010737382252819439, 1.6319057059884836e-05, 2.1702000070558865e-06], [0.023236905676714978, 0.024721395447547846, 0.013150360925345848, 0.004663490587435435, 0.0012403544234961897, 0.000263918893719927, 4.6796558805357785e-05, 7.112308152672525e-06, 9.458347468528603e-07], [0.008101842310173224, 0.008619428524176109, 0.0045850403673058085, 0.001625985227122563, 0.0004324653242433183, 9.201867448887015e-05, 1.631621461887158e-05, 2.4797965751547694e-06, 3.2977729810916065e-07], [0.0023540085231991085, 0.0025043943629387, 0.0013321938011922475, 0.0004724336683813482, 0.0001256537735841308, 2.673623303779821e-05, 4.740712890812658e-06, 7.205104777692813e-07, 9.581753640548697e-08], [0.0005862535509276464, 0.0006237063603324127, 0.00033177592127464644, 0.0001176571422477016, 3.129341726046265e-05, 6.65851945834798e-06, 1.1806498314587073e-06, 1.7943937836672322e-07, 2.386285793159147e-08], [0.0001277529668073035, 0.0001359144653758945, 7.229868064934504e-05, 2.5639160674470517e-05, 6.819279627794328e-06, 1.4509858643962362e-06, 2.572803499283331e-07, 3.910238652223765e-08, 5.2000553215211944e-09]]","{'1x2': {'home': 0.5328561589941092, 'draw': 0.23632524640343855, 'away': 0.23081859460245222}}",1.7433135080226796,1.0638850022238733,0.522199035814227,0.23868849886747293,0.23312678054847674
sample_run,4,10100,2025-02-17T00:00:00+00:00,2024-2025,ENG Premier League,Arsenal,Liverpool,2,1,2.3790696364541333,0.6073731987731206,0.23636952393433175,0.15625727729254782,1.0,0.0,0.0,1.7866242377682262,4.4540084370281505,4.634599957266889,0.5597147843741093,0.22451686253814784,0.21576835308774286,1x2,home,,,1.7866242377682262,,"{'dixon_coles': 0.22, 'bivariate_poisson': 0.18, 'zero_inflated_poisson': 0.12, 'negative_binomial': 0.18, 'weibull_copula': 0.3}",0.9,0.1,"[[0.08874356931166386, 0.0642742877925246, 0.023275962998105946, 0.005619359073911644, 0.0010174830275805134, 0.00014738644714422974, 1.7791258930917732e-05, 1.8408102381579446e-06, 1.6665540942361937e-07], [0.15066932617069037, 0.10912524374346855, 0.039518059596884085, 0.009540579128657406, 0.0017274883503645684, 0.00025023353072406207, 3.0206098488505717e-05, 3.125337873410419e-06, 2.8294848218660716e-07], [0.12790361050840782, 0.09263672326102705, 0.03354699082547007, 0.008099024187006825, 0.0014664696706251238, 0.0002124239409793033, 2.5642041112439776e-05, 2.6531080228964566e-06, 2.4019575436702927e-07], [0.07238515406271571, 0.05242638154201139, 0.01898542261308985, 0.004583522788792679, 0.0008299267910777367, 0.00012021818331223206, 1.4511733398522255e-05, 1.501487191948838e-06, 1.359352297871585e-07], [0.030723979416155706, 0.022252450633243173, 0.00805838905953287, 0.001945482628859704, 0.00035226358189271897, 5.102677527400813e-05, 6.159525444162736e-06, 6.373083289853646e-07, 5.7697897531481234e-08], [0.010432668669561653, 0.007556066920821132, 0.0027363155641329413, 0.0006606102482482609, 0.00011961501420311687, 1.7326708643411688e-05, 2.0915353200273977e-06, 2.1640512599615033e-07, 1.95919623471607e-08], [0.0029521071607351004, 0.002138122082706468, 0.0007742886337870412, 0.00018693129304475685, 3.3847172870610184e-05, 4.902897070566659e-06, 5.918367189401683e-07, 6.123563800477327e-08, 5.543890462720476e-09], [0.0007160148538755941, 0.0005185879398212762, 0.00018779879346944532, 4.533899861578492e-05, 8.209416941022283e-06, 1.1891665642227934e-06, 1.4354623960352265e-07, 1.4852315316036346e-08, 1.3446354429012865e-09], [0.0001519567507798307, 0.00011005768651629026, 3.98557296703061e-05, 9.6221005415943e-06, 1.742249224862295e-06, 2.523717018679435e-07, 3.0464200622022686e-08, 3.1520429566039853e-09, 2.8536619286696996e-10]]","{'1x2': {'home': 0.6073731987731206, 'draw': 0.23636952393433175, 'away': 0.15625727729254782}}",1.6978055687792517,0.7242698067146238,0.5952257347976582,0.23873321917367507,0.1578198500654733
sample_run,4,10101,2025-02-19T00:00:00+00:00,2024-2025,ENG Premier League,Liverpool,Tottenham,3,1,2.9070305174383138,0.5857603075929758,0.23676091318350762,0.17747877922351657,1.0,0.0,0.0,1.8362914173834162,5.100630404151738,3.8554970419037797,0.5445758720720529,0.1960541973764722,0.25936993055147484,1x2,home,0.030328309135051166,0.02,1.8362914173834162,0.8362914173834162,"{'dixon_coles': 0.22, 'bivariate_poisson': 0.18, 'zero_inflated_poisson': 0.12, 'negative_binomial': 0.18, 'weibull_copula': 0.3}",0.9,0.1,"[[0.07916248655897488, 0.06508181854183681, 0.026752842721514833, 0.007331434080134308, 0.0015068471292247587, 0.0002477647069901828, 3.394911403604781e-05, 3.987224207884963e-06, 4.097518497443035e-07], [0.13570031216782974, 0.11156323501786261, 0.04585971545982002, 0.012567542235689148, 0.0025830369246001832, 0.0004247181909538802, 5.819556172077619e-05, 6.834898614383845e-06, 7.023965054486244e-07], [0.11630871845294967, 0.09562083302612316, 0.039306355663735054, 0.010771638680746154, 0.002213920584392864, 0.0003640259016678354, 4.98794077571595e-05, 5.858190640060192e-06, 6.02023945925211e-07], [0.06645879080679329, 0.05463773501575596, 0.022459647936799478, 0.0061549133311073504, 0.0012650340141142483, 0.00020800436604400944, 2.850108891055137e-05, 3.347369581856149e-06, 3.439964261931832e-07], [0.028480910121676473, 0.023414997494607685, 0.009625080542198135, 0.0026376876747516483, 0.0005421302376926284, 8.914025642504123e-05, 1.2214139646193345e-05, 1.434514998655884e-06, 1.4741964422838251e-07], [0.009764393622113244, 0.008027596422353614, 0.003299862071017049, 0.0009043046938612252, 0.00018586390015857553, 3.056084049251505e-05, 4.187494948418826e-06, 4.918090413494413e-07, 5.05413425248045e-08], [0.0027896867995743668, 0.0022934839211145607, 0.0009427704388201518, 0.000258359808595244, 5.3101307552323986e-05, 8.731230694427472e-06, 1.1963671102353744e-06, 1.4050982003190984e-07, 1.4439659187325877e-08], [0.0006831543323250589, 0.0005616413559638053, 0.0002308709743926271, 6.326861587739638e-05, 1.3003749493323167e-05, 2.1381533139626026e-06, 2.9297316621106225e-07, 3.440884199031199e-08, 3.5360656732591194e-09], [0.00014638287051255724, 0.00012034568177989296, 4.94698699115374e-05, 1.3556880440132894e-05, 2.786377964961979e-06, 4.581527260883361e-07, 6.277681487749341e-08, 7.3729534063149864e-09, 7.576903476713872e-10]]","{'1x2': {'home': 0.5857603075929758, 'draw': 0.23676091318350762, 'away': 0.17747877922351657}}",1.7141997184074684,0.8221295385075078,0.5740451014411163,0.2391285223153427,0.17925356701575174
sample_run,4,10102,2025-02-21T00:00:00+00:00,2024-2025,ENG Premier League,Man City,Aston Villa,0,2,3.068333622167321,0.45453321108060374,0.27296477620397774,0.27250201271541863,0.0,0.0,1.0,2.2505866830368992,4.026911069327031,3.2537031239463197,0.4443285866468466,0.2483292982596504,0.307342115093503,1x2,home,0.06016078588438279,0.02,2.2505866830368992,-1.0,"{'dixon_coles': 0.22, 'bivariate_poisson': 0.18, 'zero_inflated_poisson': 0.12, 'negative_binomial': 0.18, 'weibull_copula': 0.3}",0.9,0.1,"[[0.0940927137975113, 0.09354332755541069, 0.04649857452814958, 0.015409026595147538, 0.0038297641866347288, 0.0007614806105843847, 0.00012617241602837275, 1.7919389086201774e-05, 2.226845224289513e-06], [0.12884380899270223, 0.12809151890366557, 0.06367181063382502, 0.021100015073018005, 0.0052442042049265225, 0.0010427168946675201, 0.000172771450783019, 2.4537525292947397e-05, 3.0492820236018947e-06], [0.08821473228773541, 0.08769966626069144, 0.04359380379430102, 0.01444642311869942, 0.003590518423947031, 0.0007139108385114885, 0.00011829041222035692, 1.6799963006709105e-05, 2.0877339740637525e-06], [0.040264974330470646, 0.040029876180540575, 0.019898075357976757, 0.00659396498698463, 0.001638866076266596, 0.00032585942099952833, 5.3992800160157175e-05, 7.668221187948288e-06, 9.529310206410472e-07], [0.013783991481252278, 0.013703509848026894, 0.006811749064499193, 0.0022573255967405334, 0.0005610363947774074, 0.00011155212583220828, 1.848346633350167e-05, 2.6250779315920135e-06, 3.262188363248784e-07], [0.0037749617242190266, 0.0037529205697869688, 0.0018655040543548774, 0.0006182039315959608, 0.00015364859439002916, 3.055029494501641e-05, 5.0619864380183714e-06, 7.189186621545719e-07, 8.934013217583683e-08], [0.000861526941035227, 0.0008564966785472903, 0.00042574789331663207, 0.00014108734896749295, 3.5065892898977586e-05, 6.972230203777517e-06, 1.155253486023092e-06, 1.6407260287845769e-07, 2.038932747087789e-08], [0.00016853045128550914, 0.00016754643979753652, 8.328408686591837e-05, 2.7599269923696392e-05, 6.859530994924953e-06, 1.3638959465355085e-06, 2.2598874402543888e-07, 3.20956066370581e-08, 3.988525948992436e-09], [2.8846688014564376e-05, 2.8678258676247325e-05, 1.4255406379521156e-05, 4.724057420162356e-06, 1.174118677233071e-06, 2.3345265234818557e-07, 3.8681595782717837e-08, 5.493677517832677e-09, 6.827001459437261e-10]]","{'1x2': {'home': 0.45453321108060374, 'draw': 0.27296477620397774, 'away': 0.27250201271541863}}",1.3693282273691851,0.9941612243931777,0.44544254685899165,0.2756944239660175,0.2752270328425728
sample_run,4,10103,2025-02-23T00:00:00+00:00,2024-2025,ENG Premier League,Chelsea,Arsenal,1,0,2.1688900385075316,0.5941189677195496,0.22287639423622604,0.18300463804422426,1.0,0.0,0.0,1.9084259931826406,5.514344236772347,3.3937102703025084,0.523992024617272,0.18134522566282868,0.29466274971989936,1x2,home,0.0431535238338027,0.02,1.9084259931826406,0.9084259931826406,"{'dixon_coles': 0.22, 'bivariate_poisson': 0.18, 'zero_inflated_poisson': 0.12, 'negative_binomial': 0.18, 'weibull_copula': 0.3}",0.9,0.1,"[[0.06127151123474884, 0.05680141005875448, 0.026328713945878567, 0.008135962086467738, 0.0018855994791990868, 0.0003496068794980824, 5.401684872667218e-05, 7.153716565995967e-06, 8.289765910792366e-07], [0.11430442002917997, 0.10596527003765804, 0.04911725395784043, 0.015177958058029345, 0.003517660174096388, 0.0006522054180471451, 0.00010077056108262842, 1.3345540311490863e-05, 1.546488515650323e-06], [0.10661970118665341, 0.09884119463354046, 0.045815086929770814, 0.014157539597834718, 0.0032811668747595567, 0.0006083574613015938, 9.39957274469216e-05, 1.2448315820353681e-05, 1.442517650543487e-06], [0.06630108545950812, 0.06146404857058987, 0.028489950356808656, 0.008803816108330182, 0.0020403820583730233, 0.00037830494348389213, 5.845091187581666e-05, 7.740941325537421e-06, 8.970245176179959e-07], [0.030921822263036428, 0.028665901505144347, 0.013287281423982045, 0.004105966517011267, 0.0009516032945830314, 0.00017643569698087619, 2.7260620178537523e-05, 3.610257813396552e-06, 4.1835865140261967e-07], [0.011537175724228741, 0.010695473900114431, 0.004957589477804203, 0.0015319684856084776, 0.0003550506931955101, 6.582954984928033e-05, 1.0171152355636084e-05, 1.3470156593169588e-06, 1.5609291185769245e-07], [0.003587176033791049, 0.0033254713771894953, 0.0015414297732162488, 0.0004763246020910605, 0.00011039351118984317, 2.046793679658352e-05, 3.1624476248162716e-06, 4.188184704594209e-07, 4.853291358687392e-08], [0.0009560026180942079, 0.0008862568530350784, 0.0004107997168027836, 0.00012694318939806474, 2.9420492533389222e-05, 5.4548204437687235e-06, 8.428101047817915e-07, 1.116174814098183e-07, 1.2934294836865555e-08], [0.00022293257218059046, 0.00020666838784777865, 9.579538359473193e-05, 2.960219061924124e-05, 6.860636101983968e-06, 1.2720228263985748e-06, 1.9653693511149191e-07, 2.602835155474224e-08, 3.016179624144524e-09]]","{'1x2': {'home': 0.5941189677195496, 'draw': 0.22287639423622604, 'away': 0.18300463804422426}}",1.8655394281242181,0.9270443786041425,0.5822365883651587,0.2251051581785883,0.1848346844246665
sample_run,4,10104,2025-02-25T00:00:00+00:00,2024-2025,ENG Premier League,Tottenham,Chelsea,2,1,2.30672500021952,0.6020313570202864,0.21216082417338752,0.18580781880632605,1.0,0.0,0.0,1.7425493024084857,4.6717789899027915,4.715270207179665,0.5738718546544639,0.2140512216355525,0.21207692370998354,1x2,home,0.05214037241951115,0.02,1.7425493024084857,0.7425493024084857,"{'dixon_coles': 0.22, 'bivariate_poisson': 0.18, 'zero_inflated_poisson': 0.12, 'negative_binomial': 0.18, 'weibull_copula': 0.3}",0.9,0.1,"[[0.04906291176073491, 0.04979710434984431, 0.025271141811989122, 0.008549768998548365, 0.002169427596674499, 0.0004403783164679167, 7.44947123042945e-05, 1.0801353460574078e-05, 1.3703735318921233e-06], [0.09812220576009421, 0.09959053680101261, 0.0505404202009264, 0.017098907561133116, 0.0043386952258484, 0.0008807241606750807, 0.00014898393157763767, 2.160191045966734e-05, 2.7406460162871464e-06], [0.09811858813210037, 0.09958686503771436, 0.050538556846576356, 0.017098277148412794, 0.004338535264245578, 0.0008806916896115348, 0.00014897843874920672, 2.160111402755094e-05, 2.7405449725155258e-06], [0.06540998042498894, 0.06638879560652591, 0.03369112904061705, 0.01139843117262327, 0.002892250205693544, 0.0005871061464967675, 9.931529741552575e-05, 1.440021174986525e-05, 1.826962621646165e-06], [0.03270378442541279, 0.03319317397241039, 0.016844943447990503, 0.005699005464232863, 0.0014460717862441322, 0.00029354225035862873, 4.965581789995865e-05, 7.1998404171356875e-06, 9.134476320493911e-07], [0.013081031473114717, 0.013276780074671497, 0.006737728959428219, 0.002279518139960399, 0.0005784073886428803, 0.0001174125711471594, 1.9861594863861496e-05, 2.8798299876503222e-06, 3.653655818069556e-07], [0.0043601830646153115, 0.004425430192808848, 0.0022458268496063755, 0.0007598113657754338, 0.00019279535452478738, 3.913608077015711e-05, 6.620287531579421e-06, 9.599079374536827e-07, 1.2178403709693736e-07], [0.001245720660224582, 0.0012643620095455835, 0.0006416411568922459, 0.0002170809578848321, 5.508235612305421e-05, 1.118132510794108e-05, 1.8914409859631202e-06, 2.742492991415531e-07, 3.47941563115531e-08], [0.00031141868306310927, 0.000316078848573264, 0.0001604043751208631, 5.426823860365697e-05, 1.3770081328475537e-05, 2.795228217044849e-06, 4.728428127972381e-07, 6.855979698871324e-08, 8.69821837496247e-09]]","{'1x2': {'home': 0.6020313570202864, 'draw': 0.21216082417338752, 'away': 0.18580781880632605}}",1.9999262628073673,1.0149643093481655,0.5899907298798807,0.2142824324151214,0.18766589699438932
sample_run,4,10105,2025-02-27T00:00:00+00:00,2024-2025,ENG Premier League,Newcastle,Brighton,2,3,3.3397109746357274,0.43869327698670313,0.22629710890412505,0.33500961410917196,0.0,0.0,1.0,2.5805385379769064,5.417175414402072,2.337071403057383,0.3875160108184167,0.1845980466760234,0.42788594250556006,1x2,home,,,2.5805385379769064,,"{'dixon_coles': 0.22, 'bivariate_poisson': 0.18, 'zero_inflated_poisson': 0.12, 'negative_binomial': 0.18, 'weibull_copula': 0.3}",0.9,0.1,"[[0.03480864976324329, 0.05411528682793001, 0.0420651804707675, 0.021798885450669315, 0.008472412365286806, 0.00263432812470734, 0.0006825766154727261, 0.00015159544530119026, 2.9459742980839613e-05], [0.06277345126782542, 0.09759078113177994, 0.07585978124156835, 0.0393118171155111, 0.015279034617851218, 0.00475071194328252, 0.0012309494967305526, 0.0002733851891057062, 5.312730464837457e-05], [0.05660239927253786, 0.08799695169494572, 0.06840225509097415, 0.03544720138148029, 0.013777002864614071, 0.004283685042187846, 0.00110993889122015, 0.00024650958831207024, 4.7904533672220796e-05], [0.03402533543189057, 0.05289750676447169, 0.04111856924229965, 0.02130833555869802, 0.008281753949289665, 0.0025750466820887935, 0.0006672162941507938, 0.00014818402642456343, 2.879679744770873e-05], [0.015340208181966153, 0.023848663232087088, 0.018538168817882523, 0.009606791507931872, 0.0037338009480679746, 0.0011609511465535743, 0.0003008122249128534, 6.6808270535497e-05, 1.2982939395440324e-05], [0.005532865062555796, 0.008601671764832688, 0.006686296910677076, 0.0034649517442651378, 0.001346697291917403, 0.00041872873965632707, 0.0001084961448936922, 2.4096227479505452e-05, 4.682651691439055e-06], [0.0016629824183458882, 0.0025853565470276194, 0.0020096630010998525, 0.0010414412363181928, 0.0004047693001676339, 0.00012585496379030525, 3.261008164424192e-05, 7.242468810249702e-06, 1.407438523451656e-06], [0.00042842859259457276, 0.0006660567511591251, 0.0005177427504056233, 0.0002683030188554599, 0.00010427935959106486, 3.242359294535034e-05, 8.40122615194768e-06, 1.8658529910206139e-06, 3.625936745413983e-07], [9.657779589951769e-05, 0.0001501447244250913, 0.00011671128991254597, 6.048175738533867e-05, 2.3506999488824155e-05, 7.309033981231894e-06, 1.8938322946533701e-06, 4.2060677662524484e-07, 8.173707007331732e-08]]","{'1x2': {'home': 0.43869327698670313, 'draw': 0.22629710890412505, 'away': 0.33500961410917196}}",1.803386563247621,1.55465055944439,0.42991941144696905,0.2285600799931663,0.3383597102502637
sample_run,4,10106,2025-03-01T00:00:00+00:00,2024-2025,ENG Premier League,Brighton,Wolves,1,1,2.0760604768920294,0.3677842423074834,0.26371220702985143,0.3685035506626651,0.0,1.0,0.0,2.869388065629646,4.335668606437331,2.3761508449629014,0.3485063634223224,0.2306449340974221,0.4208487024802556,1x2,away,0.05595719769969207,0.02,2.3761508449629014,-1.0,"{'dixon_coles': 0.22, 'bivariate_poisson': 0.18, 'zero_inflated_poisson': 0.12, 'negative_binomial': 0.18, 'weibull_copula': 0.3}",0.9,0.1,"[[0.07401620130481758, 0.09640706146118241, 0.0627857235019656, 0.027259739524733956, 0.008876541005373767, 0.002312361940174508, 0.0005019802326088679, 9.340510838801965e-05, 1.5207670527543849e-05], [0.09629335923392476, 0.12542334837932928, 0.08168276838523908, 0.03546428814778383, 0.011548173733815835, 0.0030083291908900795, 0.0006530646265926192, 0.00012151787713679699, 1.9784826232694474e-05], [0.0626377122109221, 0.08158643194936802, 0.05313369249354699, 0.023069107697963505, 0.007511952938969076, 0.0019568832118207185, 0.0004248109574853234, 7.90459682488184e-05, 1.286979976153967e-05], [0.02716340304414286, 0.035380684506989155, 0.02304190005480594, 0.010004124482682737, 0.003257625448431853, 0.0008486198731845484, 0.00018422306384507402, 3.4278989745458394e-05, 5.581103550572498e-06], [0.008834739155869398, 0.011507362250134526, 0.00749424423401611, 0.003253783413798248, 0.0010595237665047745, 0.00027600868749356035, 5.991748209608989e-05, 1.1149042424312457e-05, 1.8152215313771807e-06], [0.0022987580996507604, 0.002994162217063105, 0.0019499675462699322, 0.0008466193336346415, 0.00027568316359484555, 7.181617869592446e-05, 1.5590250583409774e-05, 2.9009290624286857e-06, 4.723122125390157e-07], [0.0004984384850418717, 0.000649222586608517, 0.00042281041654242043, 0.00018357201574542367, 5.977623240768201e-05, 1.557186348408353e-05, 3.380425666971441e-06, 6.29006891725826e-07, 1.0241120356269219e-07], [9.263669932109884e-05, 0.00012066050145198359, 7.858093346018106e-05, 3.4117561417730974e-05, 1.1109641478894602e-05, 2.8940904017936425e-06, 6.282650427008098e-07, 1.1690333721885336e-07, 1.9033513976658526e-08], [1.506477434790861e-05, 1.9622063830005534e-05, 1.2778996221814076e-05, 5.548269398907307e-06, 1.8066731996310898e-06, 4.706430514578941e-07, 1.0216977902202958e-07, 1.901106590180918e-08, 3.0952699654403454e-09]]","{'1x2': {'home': 0.3677842423074834, 'draw': 0.26371220702985143, 'away': 0.3685035506626651}}",1.300976779899365,1.3025129601579195,0.36042855746133373,0.26634932910014997,0.37218858616929174
sample_run,4,10107,2025-03-03T00:00:00+00:00,2024-2025,ENG Premier League,Aston Villa,Man City,2,1,2.328352976745397,0.6013899762741997,0.22642682741774725,0.17218319630805318,1.0,0.0,0.0,1.7541852768395496,4.434270642946699,4.891923741913342,0.5700652110144618,0.22551623040660224,0.20441855857893595,1x2,home,,,1.7541852768395496,,"{'dixon_coles': 0.22, 'bivariate_poisson': 0.18, 'zero_inflated_poisson': 0.12, 'negative_binomial': 0.18, 'weibull_copula': 0.3}",0.9,0.1,"[[0.06964026184392841, 0.05926457518158185, 0.025217379849352097, 0.007153416067053134, 0.00152190756139427, 0.00025903178047723645, 3.673978247170773e-05, 4.466561527971131e-06, 4.7513619361248297e-07], [0.12629390171442556, 0.10747740222321468, 0.0457321843408186, 0.012972852223322983, 0.0027600074854389235, 0.0004697589204621428, 6.662827441530896e-05, 8.100191867159122e-06, 8.616682670082883e-07], [0.11451816225216854, 0.09745612748642968, 0.0414680806863515, 0.011763253614122962, 0.002502662288076195, 0.00042595824139260484, 6.0415803427528665e-05, 7.344923815993481e-06, 7.813256623580027e-07], [0.06922693446311795, 0.05891282935257355, 0.025067710200099565, 0.0071109592662233385, 0.0015128747684447477, 0.0002574943806378839, 3.652172530680778e-05, 4.440051688279223e-06, 4.723161755190097e-07], [0.03138608121789484, 0.026709876165626936, 0.011365188916550209, 0.003223964007618075, 0.0006859065871277073, 0.00011674270436108739, 1.6558205929338313e-05, 2.0130289457527174e-06, 2.141385280213871e-07], [0.011383847652432054, 0.009687770797950464, 0.004122196022781936, 0.0011693436604861408, 0.0002487808540815711, 4.234301032209822e-05, 6.005722485345289e-06, 7.301330382500647e-07, 7.766883551303793e-08], [0.003440803012703384, 0.002928158559891337, 0.0012459464433461375, 0.0003534377227041278, 7.519477933666066e-05, 1.2798305277045752e-05, 1.815248117504607e-06, 2.2068495946081811e-07, 2.347564473680658e-08], [0.0008914228350075115, 0.0007586099509832253, 0.00032279241406572346, 9.156654874118258e-05, 1.9481017403953508e-05, 3.31570901653916e-06, 4.7028371492753594e-07, 5.717375027857745e-08, 6.081930789891832e-09], [0.0002020764729509857, 0.00017196914552779943, 7.317375096094089e-05, 2.0757203521443084e-05, 4.416148130706704e-06, 7.516374464295265e-07, 1.0660852590571397e-07, 1.2960706578240184e-08, 1.3787117341940064e-09]]","{'1x2': {'home': 0.6013899762741997, 'draw': 0.22642682741774725, 'away': 0.17218319630805318}}",1.8135184786849927,0.851010229031022,0.5893621767487156,0.22869109569192472,0.17390502827113372
sample_run,4,10108,2025-03-05T00:00:00+00:00,2024-2025,ENG Premier League,West Ham,Newcastle,2,1,2.4304562734489874,0.44762073794626955,0.2233289519138123,0.32905031013991815,1.0,0.0,0.0,2.570455476418861,5.490849699416922,2.3318572658953696,0.38903611020455886,0.18212117518099083,0.42884271461445017,1x2,home,,,2.570455476418861,,"{'dixon_coles': 0.22, 'bivariate_poisson': 0.18, 'zero_inflated_poisson': 0.12, 'negative_binomial': 0.18, 'weibull_copula': 0.3}",0.9,0.1,"[[0.03259770632379883, 0.05112131042610923, 0.04008546419989448, 0.02095465898308111, 0.008215529154924527, 0.0025767985763895515, 0.0006735101677639306, 0.00015089020602244784, 2.9579171099154663e-05], [0.06048311884530761, 0.09485257224287731, 0.07437621135329617, 0.03888013214939868, 0.015243429133282731, 0.004781097571346735, 0.0012496583384042721, 0.0002799678656159239, 5.488240501233433e-05], [0.05611142742556754, 0.08799667287573294, 0.06900033373300371, 0.036069894460588205, 0.014141641235740176, 0.004435522084688143, 0.0011593336206994669, 0.00025973191979695206, 5.091553055764943e-05], [0.03470381320543734, 0.05442420979630822, 0.04267534801461661, 0.022308519621258436, 0.008746326699930203, 0.0027432830879199903, 0.0007170250207750922, 0.0001606390790909716, 3.14902532834742e-05], [0.016097718944088672, 0.025245226738306106, 0.019795396952886908, 0.010348035150945315, 0.0040570731572113035, 0.0012724999374561148, 0.00033259939453882033, 7.451408095518835e-05, 1.4607076283943046e-05], [0.005973673352120746, 0.009368205443184473, 0.0073458379838055475, 0.003840033612383977, 0.001505531926045785, 0.0004722096958804398, 0.0001234237066126467, 2.7651295273932736e-05, 5.420513468576113e-06], [0.0018472996827365972, 0.002897025318075366, 0.002271628088285224, 0.0011874925955461593, 0.00046557092853877577, 0.00014602620029021123, 3.816756635793844e-05, 8.5508908800073e-06, 1.6762404337383507e-06], [0.0004896507798257697, 0.0007678941968252732, 0.0006021245363151959, 0.0003147603395812486, 0.0001234056230040097, 3.870614146437401e-05, 1.0116809311378616e-05, 2.266524715360786e-06, 4.443093035882376e-07], [0.00011356476286522462, 0.00017809779124435237, 0.00013965081441573516, 7.300240252173458e-05, 2.8621480634979078e-05, 8.977119935137363e-06, 2.3463927716161744e-06, 5.25675343394137e-07, 1.03048708956954e-07]]","{'1x2': {'home': 0.44762073794626955, 'draw': 0.2233289519138123, 'away': 0.32905031013991815}}",1.855440939448868,1.568248695730679,0.43866832318734417,0.22556224143295042,0.3323408132413173
sample_run,4,10109,2025-03-07T00:00:00+00:00,2024-2025,ENG Premier League,Wolves,West Ham,3,2,3.2317356471046006,0.4231435779408599,0.22918061319902036,0.34767580886011973,1.0,0.0,0.0,2.5790842857201595,4.419999132032837,2.5905320044821645,0.38773451706746737,0.22624438831961538,0.38602109461291734,1x2,home,,,2.5790842857201595,,"{'dixon_coles': 0.22, 'bivariate_poisson': 0.18, 'zero_inflated_poisson': 0.12, 'negative_binomial': 0.18, 'weibull_copula': 0.3}",0.9,0.1,"[[0.03673190577040087, 0.05738829700354348, 0.04483046229009989, 0.023347040588199527, 0.009119094635358179, 0.0028494536309034203, 0.0007419766178675561, 0.00016560447002134291, 3.2341632946109994e-05], [0.06398249229602175, 0.09996340222210467, 0.07808918834847885, 0.04066769238456209, 0.015884348770263398, 0.004963400105802885, 0.0012924326206562927, 0.0002884627547930167, 5.633517339801951e-05], [0.05572484240266806, 0.0870620170450543, 0.06801091295316439, 0.03541907587039732, 0.013834297479327457, 0.0043228183015691785, 0.001125629864009177, 0.0002512334386023878, 4.906449478097004e-05], [0.032355289177497575, 0.05055046576020614, 0.039488900478611144, 0.020565234333108903, 0.008032552021892023, 0.0025099404534583846, 0.0006535699014395137, 0.0001458726522418688, 2.8488118557874976e-05], [0.014089740221176952, 0.022013183894401864, 0.01719621006356196, 0.008955531435727509, 0.0034979310702702724, 0.00109300240729874, 0.0002846097303332828, 6.352308471690124e-05, 1.2405705529892374e-05], [0.004908521222881074, 0.007668855396386402, 0.005990739412161012, 0.003119888331821574, 0.001218593716070836, 0.00038077533216846024, 9.915107586438399e-05, 2.212989058571417e-05, 4.321844684316203e-06], [0.0014250073822783674, 0.0022263681987426723, 0.001739189360706212, 0.0009057440526090601, 0.0003537735628613055, 0.000110544018186208, 2.878484346954873e-05, 6.424594296680153e-06, 1.2546875730112994e-06], [0.0003545983951480693, 0.0005540087722357017, 0.00043277934124031633, 0.0002253850692033407, 8.803290368633899e-05, 2.7507739208603684e-05, 7.162811523524073e-06, 1.598694052684702e-06, 3.122160666218373e-07], [7.720838535971579e-05, 0.00012062694971187312, 9.423109244545099e-05, 4.907415689264854e-05, 1.9167820399501353e-05, 5.9893901333241835e-06, 1.559592823696598e-06, 3.48091215811692e-07, 6.79802805570164e-08]]","{'1x2': {'home': 0.4231435779408599, 'draw': 0.22918061319902036, 'away': 0.34767580886011973}}",1.741877829480327,1.5623555543853063,0.4146807063820427,0.23147241933101056,0.35115256694872093
sample_run,4,10110,2025-03-09T00:00:00+00:00,2024-2025,ENG Premier League,Arsenal,Liverpool,3,1,2.8908651698473,0.48873872416127934,0.23457406089453675,0.2766872149441839,1.0,0.0,0.0,2.341916127504262,4.26425782714996,2.954281058721986,0.4270007743896798,0.23450739625384132,0.3384918293564788,1x2,home,0.06802345912710371,0.02,2.341916127504262,1.3419161275042621,"{'dixon_coles': 0.22, 'bivariate_poisson': 0.18, 'zero_inflated_poisson': 0.12, 'negative_binomial': 0.18, 'weibull_copula': 0.3}",0.9,0.1,"[[0.048952131276793785, 0.061900858776405304, 0.039137379898645346, 0.01649664248723625, 0.005215075984706653, 0.0013189116535589288, 0.0002779646220232073, 5.021304446934329e-05, 7.936913300196963e-06], [0.08578819557247057, 0.10848073087538003, 0.06858792688625451, 0.028910226277625784, 0.009139376505827421, 0.0023113815053025554, 0.00048713064649872, 8.799793526594179e-05, 1.3909373354737338e-05], [0.07517154317517276, 0.09505578116262137, 0.06009988055839455, 0.0253324633806606, 0.008008339970521895, 0.0020253382584946604, 0.00042684616666513947, 7.71078182263637e-05, 1.2188029514992676e-05], [0.04391249763932317, 0.055528150542029066, 0.035108177265885165, 0.014798309192738517, 0.004678182663231351, 0.0011831293829864, 0.00024934809762196963, 4.5043599516749906e-05, 7.119806175295896e-06], [0.019239070073664866, 0.024328153413493127, 0.015381695847155716, 0.006483477889809309, 0.002049618876488468, 0.0005183560564567801, 0.00010924510744723017, 1.9734631689380838e-05, 3.1193500092503698e-06], [0.006743261480402407, 0.00852697657290035, 0.005391258346284122, 0.0022724480209278418, 0.0007183879452806396, 0.00018168291997766278, 3.829022515904797e-05, 6.916954987501678e-06, 1.0933268957767256e-06], [0.0019695847745833444, 0.002490575707322441, 0.0015746891004518664, 0.0006637409858803868, 0.0002098281318885656, 5.306629648424882e-05, 1.118388256303069e-05, 2.020317507997427e-06, 3.193410212287667e-07], [0.0004930972343547867, 0.0006235304055352022, 0.0003942327593214167, 0.0001661714939560165, 5.253171778095755e-05, 1.3285462180407897e-05, 2.799951356420174e-06, 5.057984751749668e-07, 7.994891939457101e-08], [0.00010801859100342791, 0.00013659146951379512, 8.636119658025326e-05, 3.640176701771699e-05, 1.1507673826468848e-05, 2.9103324974733944e-06, 6.133613805285135e-07, 1.108009431275202e-07, 1.751372553640111e-08]]","{'1x2': {'home': 0.48873872416127934, 'draw': 0.23457406089453675, 'away': 0.2766872149441839}}",1.7524915327463844,1.26451815604094,0.4789639496780537,0.23691980150348213,0.27945408709362574
sample_run,4,10111,2025-03-11T00:00:00+00:00,2024-2025,ENG Premier League,Liverpool,Tottenham,0,2,3.6063975811033013,0.5810772168065043,0.24040043678035491,0.17852234641314083,0.0,0.0,1.0,1.7264057791495684,4.157623551111801,5.54816153535996,0.5792380980632504,0.24052201641309914,0.18023988552365044,1x2,home,,,1.7264057791495684,,"{'dixon_coles': 0.22, 'bivariate_poisson': 0.18, 'zero_inflated_poisson': 0.12, 'negative_binomial': 0.18, 'weibull_copula': 0.3}",0.9,0.1,"[[0.0829752447171389, 0.0671227875853859, 0.027149474693276866, 0.007320851856092685, 0.0014805499693184019, 0.00023953804882140134, 3.2295699808756023e-05, 3.732227443385473e-06, 3.7739796784679675e-07], [0.1394257341969188, 0.11278838613058273, 0.04562005758554777, 0.012301441815112422, 0.0024878114814984747, 0.00040250279994802856, 5.4267410389559426e-05, 6.271371096980019e-06, 6.341528600589486e-07], [0.11714057260462972, 0.0947608144980492, 0.038328359528519124, 0.010335236506982294, 0.0020901712524856383, 0.0003381686224028559, 4.559355963530516e-05, 5.268984277169393e-06, 5.327928131348545e-07], [0.06561157847068268, 0.05307645744032185, 0.02146808840815398, 0.005788866880305246, 0.0011707253268472282, 0.00018941154726975204, 2.5537397925023837e-05, 2.951209539747714e-06, 2.984224567998371e-07], [0.027562264297257746, 0.022296481536196785, 0.009018364448080296, 0.0024318006464043385, 0.000491801014854033, 7.956844277316338e-05, 1.072780944278393e-05, 1.2397509590088744e-06, 1.2536199887691116e-07], [0.009262736009697887, 0.007493086206108328, 0.003030764389343865, 0.0008172451716202852, 0.00016527753020449955, 2.6740237019782685e-05, 3.6052504888264297e-06, 4.166379702052098e-07, 4.212988775963526e-08], [0.0025940744399668893, 0.002098475373084508, 0.0008487803633534844, 0.00022887350008323094, 4.628677921463634e-05, 7.488733922574254e-06, 1.009668000140685e-06, 1.1668149757236491e-07, 1.1798680744169052e-08], [0.0006226998952463948, 0.0005037328053752927, 0.0002037472152704137, 5.494040661698312e-05, 1.1111004419986865e-05, 1.7976484241426135e-06, 2.42367816526216e-07, 2.8009048312596422e-08, 2.832238408522117e-09], [0.000130792609252076, 0.00010580462351745378, 4.2795301744056485e-05, 1.1539746818107155e-05, 2.3337682736021705e-06, 3.7758016294263425e-07, 5.090721768894619e-08, 5.883053039574366e-09, 5.948866449190229e-10]]","{'1x2': {'home': 0.5810772168065043, 'draw': 0.24040043678035491, 'away': 0.17852234641314083}}",1.6803292918534753,0.8089495585605836,0.5694556724703742,0.24280444114815847,0.18030756987727223
sample_run,4,10112,2025-03-13T00:00:00+00:00,2024-2025,ENG Premier League,Man City,Aston Villa,0,1,2.5432159061316666,0.49086384412355033,0.2551559864495847,0.2539801694268651,0.0,0.0,1.0,2.1777149422135267,4.356147959064573,3.2129292041554547,0.45919692270814627,0.22956061396379596,0.3112424633280578,1x2,home,0.0679660501599662,0.02,2.1777149422135267,-1.0,"{'dixon_coles': 0.22, 'bivariate_poisson': 0.18, 'zero_inflated_poisson': 0.12, 'negative_binomial': 0.18, 'weibull_copula': 0.3}",0.9,0.1,"[[0.07606398782755941, 0.07861318023540001, 0.04062390286934408, 0.013995121254020632, 0.0036160376972766933, 0.0007474449640438594, 0.0001287491127593596, 1.9009140472333086e-05, 2.455776098439911e-06], [0.11734409738049663, 0.12127674265312445, 0.06267059288402158, 0.021590307295046123, 0.005578470072365097, 0.0011530851478121704, 0.00019862156661490396, 2.932544682987028e-05, 3.788531706927142e-06], [0.0905135109485706, 0.0935469616196054, 0.04834103735757322, 0.01665370955469946, 0.004302959614014754, 0.0008894336185714097, 0.00015320698480576837, 2.2620218758002554e-05, 2.9222884984323993e-06], [0.04654513717704156, 0.04810504106457643, 0.024858611620614295, 0.008563905958421287, 0.0022127287230674975, 0.00045737712914264663, 7.878426159291555e-05, 1.1632088668664606e-05, 1.502740503654884e-06], [0.01795132383104041, 0.018552940702936734, 0.009587360017746864, 0.003302889591525926, 0.0008533954837632707, 0.0001763991999190216, 3.0385167568942576e-05, 4.486212807329967e-06, 5.795703493690769e-07], [0.005538710109477636, 0.005724333269182586, 0.002958088682110228, 0.001019075146950477, 0.0002633070539972671, 5.4426294188166615e-05, 9.375054250944365e-06, 1.3841782624555563e-06, 1.7882091501537714e-07], [0.0014240969062396906, 0.0014718237888959819, 0.0007605750901039873, 0.00026202161429510223, 6.770073782105914e-05, 1.3993929207240862e-05, 2.410486465387205e-06, 3.5589585702890215e-07, 4.5977909442956274e-08], [0.00031385110430951315, 0.00032436944387004204, 0.00016762014641949298, 5.774591085702282e-05, 1.4920298776445754e-05, 3.084066903086491e-06, 5.312376115488708e-07, 7.843448522238524e-08, 1.0132890247348002e-08], [6.052235689799096e-05, 6.255069037241706e-05, 3.2323500493053884e-05, 1.1135594485089634e-05, 2.8771976111391252e-06, 5.947246807256959e-07, 1.0244269299141826e-07, 1.512513367822332e-08, 1.9540042763506658e-09]]","{'1x2': {'home': 0.49086384412355033, 'draw': 0.2551559864495847, 'away': 0.2539801694268651}}",1.5427024105877956,1.0335137885962506,0.4810465672410793,0.25770754631408055,0.2565199711211337
sample_run,4,10113,2025-03-15T00:00:00+00:00,2024-2025,ENG Premier League,Chelsea,Arsenal,0,1,2.882142957093999,0.6254803880674948,0.2198778032165177,0.15464180871598732,0.0,0.0,1.0,1.615476217608561,4.692716749936305,5.956234580066562,0.619012517238001,0.21309617718000415,0.16789130558199486,1x2,home,0.06629658488019666,0.02,1.615476217608561,-1.0,"{'dixon_coles': 0.22, 'bivariate_poisson': 0.18, 'zero_inflated_poisson': 0.12, 'negative_binomial': 0.18, 'weibull_copula': 0.3}",0.9,0.1,"[[0.07045994377719567, 0.05601459724673335, 0.022265381836206074, 0.005900214737816593, 0.0011726455291148075, 0.00018644711734160503, 2.470377641971323e-05, 2.805590184482828e-06, 2.788002583427706e-07], [0.13090504473653497, 0.10406754484036089, 0.04136606771304172, 0.01096180088720168, 0.0021786167745787145, 0.0003463935241529395, 4.5896275018467325e-05, 5.21240706313157e-06, 5.179731679367293e-07], [0.12160193309024694, 0.09667171078099741, 0.03842627920392148, 0.010182771647318196, 0.0020237876377095145, 0.0003217761563866187, 4.26345354002204e-05, 4.8419736321525765e-06, 4.811620410562083e-07], [0.0753066477106664, 0.05986765409369876, 0.0237969430033141, 0.006306070780911435, 0.0012533078940536661, 0.00019927219111488706, 2.6403066596889852e-05, 2.9985773521399328e-06, 2.979779958816401e-07], [0.034977391263239295, 0.02780650081906349, 0.011052875298524643, 0.002928956629234988, 0.0005821191344494334, 9.255519410833062e-05, 1.226333157806963e-05, 1.392737779031837e-06, 1.3840070254928896e-07], [0.01299665234636059, 0.010332143452161227, 0.004106949446329226, 0.0010883210460507604, 0.00021629972223099884, 3.439100622521648e-05, 4.5567222532066e-06, 5.175036808060344e-07, 5.142595689849588e-08], [0.004024337010082786, 0.003199287491879435, 0.0012716927570990942, 0.00033699221520690594, 6.697593766817867e-05, 1.064897294147305e-05, 1.4109622631694239e-06, 1.6024197308816826e-07, 1.592374529303249e-08], [0.0010680962586662123, 0.0008491204866571897, 0.0003375190180711334, 8.944085034636073e-05, 1.777603323598673e-05, 2.826335898044263e-06, 3.744824329161914e-07, 4.252970154038951e-08, 4.226309260091474e-09], [0.00024804729649968607, 0.00019719387593476677, 7.8383085110999e-05, 2.0771125209961938e-05, 4.128183158492845e-06, 6.56368724093602e-07, 8.696721322428573e-08, 9.876804082438891e-09, 9.814888664120743e-10]]","{'1x2': {'home': 0.6254803880674948, 'draw': 0.2198778032165177, 'away': 0.15464180871598732}}",1.8578647344720465,0.7949849835795987,0.6129707803061449,0.22207658124868287,0.1561882268031472
sample_run,4,10114,2025-03-17T00:00:00+00:00,2024-2025,ENG Premier League,Tottenham,Chelsea,1,2,2.8062956381972515,0.5315035559797681,0.23435643170465645,0.2341400123155755,0.0,0.0,1.0,1.9447219852982491,4.079534053303193,4.155211290865017,0.5142123180381676,0.2451260332513468,0.2406616487104856,1x2,home,,,1.9447219852982491,,"{'dixon_coles': 0.22, 'bivariate_poisson': 0.18, 'zero_inflated_poisson': 0.12, 'negative_binomial': 0.18, 'weibull_copula': 0.3}",0.9,0.1,"[[0.057401326953279735, 0.06267871486237823, 0.03422064876650769, 0.012455613835009536, 0.003400190855500114, 0.0007425598132357479, 0.00013513826617035773, 2.108038089478363e-05, 2.8773097535922337e-06], [0.10136195611533838, 0.1106810152736928, 0.060428427052433696, 0.021994707264545235, 0.006004216532476609, 0.0013112469553792291, 0.0002386334904106265, 3.7224725569337876e-05, 5.080888551779151e-06], [0.08949484875053697, 0.09772286468311457, 0.0533536757433596, 0.019419642984326215, 0.005301263620327419, 0.0011577306954567395, 0.00021069510642445082, 3.2866583403514436e-05, 4.486035687219749e-06], [0.052678067523794184, 0.05752120637406882, 0.03140480790448237, 0.011430705551197153, 0.003120406669790208, 0.0006814583923108021, 0.00012401843455926988, 1.934578496951043e-05, 2.6405507595664215e-06], [0.02325535075580066, 0.02539341120517664, 0.013864020788298575, 0.005046219033363303, 0.0013775401228212042, 0.0003008377999347361, 5.474939251631457e-05, 8.540423676495894e-06, 1.1657021031471218e-06], [0.008213077877711273, 0.008968175367419064, 0.004896347667605149, 0.0017821700624603106, 0.000486504995224828, 0.00010624670018391401, 1.933580917422687e-05, 3.0162161603266275e-06, 4.116902925220792e-07], [0.0024171730387871, 0.0026394041342368024, 0.001441033403905991, 0.000524506584456379, 0.00014318222415545952, 3.126923462416019e-05, 5.690679829776298e-06, 8.876960002633225e-07, 1.2116367216184914e-07], [0.0006097653647826344, 0.0006658262353982228, 0.0003635206272355297, 0.00013231404772015052, 3.6119698400389364e-05, 7.888097356340815e-06, 1.4355527744947488e-06, 2.2393360621309075e-07, 3.0565213813259316e-08], [0.00013459403603172977, 0.0001469684004600774, 8.024022226624393e-05, 2.920579412164265e-05, 7.972732248723597e-06, 1.7411465477046132e-06, 3.168708047638499e-07, 4.942905846104279e-08, 6.746686064673166e-09]]","{'1x2': {'home': 0.5315035559797681, 'draw': 0.23435643170465645, 'away': 0.2341400123155755}}",1.7658469149648615,1.0919384305069093,0.5208734848601727,0.23669999602170302,0.23648141243873125
sample_run,4,10115,2025-03-19T00:00:00+00:00,2024-2025,ENG Premier League,Newcastle,Brighton,4,0,3.7555354542933395,0.528625804838548,0.22771195084498908,0.24366224431646286,1.0,0.0,0.0,2.02918381589598,4.780063035930656,3.3558312607369647,0.4928089767749568,0.2092022620796474,0.29798876114539585,1x2,home,0.05848209714440978,0.02,2.02918381589598,1.0291838158959798,"{'dixon_coles': 0.22, 'bivariate_poisson': 0.18, 'zero_inflated_poisson': 0.12, 'negative_binomial': 0.18, 'weibull_copula': 0.3}",0.9,0.1,"[[0.04827806004324224, 0.057178391532309136, 0.03385977455694881, 0.013367338048786809, 0.0039579204716058795, 0.0009375170674899569, 0.00018505893396554896, 3.1310798242384854e-05, 4.635389966707085e-06], [0.08914830438185392, 0.10558329493400222, 0.06252408414505768, 0.02468358339338843, 0.007308535152527967, 0.0017311809302386553, 0.0003417223094499929, 5.781724803463094e-05, 8.559522800014374e-06], [0.08230881861285684, 0.0974829115542829, 0.057727216872092015, 0.022789851162388238, 0.006747822051874708, 0.0015983641883160072, 0.00031550526708852566, 5.3381490698836635e-05, 7.902833536140719e-06], [0.05066270688616084, 0.0600026614124277, 0.03553224450348026, 0.014027604439932471, 0.004153418023675788, 0.0009838247922239205, 0.0001941997362728405, 3.285736403461196e-05, 4.8643504518612905e-06], [0.023387924091454425, 0.02769961923969838, 0.016403099801076758, 0.006475701121996463, 0.0019173832475252706, 0.0004541727233707945, 8.965033591148969e-05, 1.5168268399348104e-05, 2.2455779825977043e-06], [0.008637438098785089, 0.010229798318450622, 0.0060578595434967394, 0.002391553323362923, 0.0007081124022545584, 0.00016773138004604876, 3.310893365066621e-05, 5.6018216432042384e-06, 8.293186152322676e-07], [0.002658257049614327, 0.0031483216649597855, 0.0018643662221253634, 0.0007360242016961333, 0.00021792859916151293, 5.162099205222251e-05, 1.0189601971732325e-05, 1.7240160454318403e-06, 2.552310106428027e-07], [0.0007012327823208391, 0.0008305089837271499, 0.0004918089894262248, 0.00019415891284318637, 5.748829969602912e-05, 1.3617318117596542e-05, 2.6879578641262096e-06, 4.5478542734583846e-07, 6.732845935782584e-08], [0.0001618584960354649, 0.00019169801874510008, 0.00011351931251957524, 4.48157450949012e-05, 1.3269444844890312e-05, 3.143148304127943e-06, 6.204342242161595e-07, 1.0497353681243612e-07, 1.5540749729319607e-08]]","{'1x2': {'home': 0.528625804838548, 'draw': 0.22771195084498908, 'away': 0.24366224431646286}}",1.8465593750454048,1.18435561580343,0.518053288741777,0.22998907035343896,0.2460988667596275
sample_run,4,10116,2025-03-21T00:00:00+00:00,2024-2025,ENG Premier League,Brighton,Wolves,0,1,2.4983101464109523,0.3641011689355681,0.24859624871010697,0.38730258235432485,0.0,0.0,1.0,2.7396583307463427,4.78113948407289,2.348322884078292,0.36500901910917416,0.2091551613022873,0.4258358195885385,1x2,away,0.07053049472022176,0.02,2.348322884078292,1.348322884078292,"{'dixon_coles': 0.22, 'bivariate_poisson': 0.18, 'zero_inflated_poisson': 0.12, 'negative_binomial': 0.18, 'weibull_copula': 0.3}",0.9,0.1,"[[0.0560664721951656, 0.08222382752064837, 0.06029234181715008, 0.029473747382883525, 0.010806120959249248, 0.0031695257116504897, 0.000774707013637411, 0.00016230575033614582, 2.9753521799074843e-05], [0.07931815941127345, 0.11632339976707493, 0.08529656659838954, 0.04169699468918501, 0.015287596870365266, 0.0044839801009720175, 0.0010959907409694705, 0.00022961661175533747, 4.209279615258745e-05], [0.05610635167566925, 0.08228231244752464, 0.060335227113404256, 0.029494711743366805, 0.010813807237219695, 0.003171780161304172, 0.0007752580544294704, 0.00016242119667604803, 2.97746851601005e-05], [0.026458192522526444, 0.03880204645135328, 0.028452412377208195, 0.013908884438138118, 0.005099490258032995, 0.0014957231693128934, 0.00036559010247727965, 7.659331186307707e-05, 1.4040912102384588e-05], [0.009357709920336629, 0.013723473162350383, 0.010063023818918304, 0.004919281835929151, 0.001803583163726208, 0.0005290060357539533, 0.0001293015811951561, 2.7089454188615656e-05, 4.965977262399655e-06], [0.0026477011951171626, 0.003882964593094193, 0.002847265027305313, 0.0013918777678501937, 0.000510311747077461, 0.000149678706116544, 3.658501427971578e-05, 7.66477918645389e-06, 1.405089925261033e-06], [0.0006242910639377055, 0.0009155489681107863, 0.0006713454359907094, 0.0003281853912234931, 0.00012032440220611825, 3.5292154138330355e-05, 8.62623680156221e-06, 1.8072481751276843e-06, 3.3130063391860403e-07], [0.00012617068936130764, 0.00018503459543687848, 0.00013568048839950655, 6.632703788486452e-05, 2.4317844111970268e-05, 7.132627189299302e-06, 1.7433827051472723e-06, 3.6524909817638876e-07, 6.69566357456616e-08], [2.2311968409913126e-05, 3.272143529553195e-05, 2.3993677028602704e-05, 1.1729243784761633e-05, 4.300356702258485e-06, 1.2613306096125474e-06, 3.082990196894624e-07, 6.459048754916294e-08, 1.1840581589541524e-08]]","{'1x2': {'home': 0.3641011689355681, 'draw': 0.24859624871010697, 'away': 0.38730258235432485}}",1.4147164304393802,1.4665418440173985,0.35681914555685673,0.251082211197208,0.3911756081778681
sample_run,4,10117,2025-03-23T00:00:00+00:00,2024-2025,ENG Premier League,Aston Villa,Man City,1,2,2.64998967947363,0.4325647781253326,0.2660755034689029,0.30135971840576453,0.0,0.0,1.0,2.424152820723021,4.134229359562999,2.893504247712666,0.41251524716240573,0.2418830483332698,0.3456017045043243,1x2,home,,,2.424152820723021,,"{'dixon_coles': 0.22, 'bivariate_poisson': 0.18, 'zero_inflated_poisson': 0.12, 'negative_binomial': 0.18, 'weibull_copula': 0.3}",0.9,0.1,"[[0.08099970619796837, 0.090576918674891, 0.05064325898038625, 0.01887706579612648, 0.00527726128184154, 0.001180246419124669, 0.00021996599111135176, 3.513917805267729e-05, 4.911743854046991e-06], [0.11300194097907688, 0.12636302152937195, 0.0706519422218997, 0.02633521990485367, 0.007362258406769169, 0.0016465508636380446, 0.0003068725198115913, 4.902234231142813e-05, 6.85232842379474e-06], [0.07882398137241058, 0.08814394132430856, 0.04928293557944109, 0.018370010862051298, 0.0051355093061764044, 0.0011485439407466719, 0.00021405750711673456, 3.419530818416136e-05, 4.779810004633857e-06], [0.03665553579915087, 0.04098959910977455, 0.02291805587546413, 0.008542610751965865, 0.0023881671788442524, 0.0005341076764193134, 9.954321614539502e-05, 1.5901852729127008e-05, 2.222756243562703e-06], [0.01278444974481889, 0.014296052654925999, 0.007993191947711474, 0.0029794293131185667, 0.0008329274859724601, 0.0001862821698997748, 3.471795505108745e-05, 5.546131917944702e-06, 7.752366694764851e-07], [0.0035670935200262095, 0.00398885816794788, 0.002230245632007934, 0.0008313148558082066, 0.00023240188644553774, 5.197610647382004e-05, 9.686939599530622e-06, 1.5474714689014047e-06, 2.163051015392329e-07], [0.0008294031964998238, 0.0009274698564270034, 0.0005185658424098617, 0.00019329327780003106, 5.403695372951754e-05, 1.208523090549215e-05, 2.2523599740363374e-06, 3.5981052237443793e-07, 5.0294207771300754e-08], [0.00016529896122561774, 0.0001848435169799699, 0.00010334948724477907, 3.852309487964057e-05, 1.076949348276103e-05, 2.4085705520306715e-06, 4.488923669278926e-07, 7.170976171485506e-08, 1.0023569158336576e-08], [2.882588150175982e-05, 3.223418512328421e-05, 1.8022739226530223e-05, 6.7179016725089506e-06, 1.8780525943192235e-06, 4.2002181263982654e-07, 7.828069868174433e-08, 1.2505203168763108e-08, 1.7479735785425216e-09]]","{'1x2': {'home': 0.4325647781253326, 'draw': 0.2660755034689029, 'away': 0.30135971840576453}}",1.3950907513527648,1.1182376199429085,0.42391348256282596,0.26873625850359195,0.30437331558982217
sample_run,4,10118,2025-03-25T00:00:00+00:00,2024-2025,ENG Premier League,West Ham,Newcastle,3,3,4.872496222364175,0.6131978608221546,0.21962689707120642,0.167175242106639,0.0,1.0,0.0,1.8130447589229404,4.505323131221752,4.415362424941264,0.5515583633986296,0.22195966213167495,0.22648197446969545,1x2,home,,,1.8130447589229404,,"{'dixon_coles': 0.22, 'bivariate_poisson': 0.18, 'zero_inflated_poisson': 0.12, 'negative_binomial': 0.18, 'weibull_copula': 0.3}",0.9,0.1,"[[0.06429547038148792, 0.055529160502092265, 0.023979042751936443, 0.006903213688088927, 0.001490500258384063, 0.0002574558599078197, 3.705887750775293e-05, 4.572302449802546e-06, 4.936119820975318e-07], [0.12092449476432217, 0.10443714990435488, 0.04509887885577815, 0.012983303839746925, 0.0028032766479779724, 0.0004842132672604415, 6.96989385499262e-05, 8.599413930273362e-06, 9.283667914800057e-07], [0.11371511357833372, 0.09821072551361303, 0.042410134864201456, 0.01220925399470379, 0.002636148474612919, 0.00045534502161842305, 6.554356690876671e-05, 8.086726628000413e-06, 8.730186166272868e-07], [0.0712903650129539, 0.06157034232067544, 0.026587793825970218, 0.007654234748828825, 0.0016526561955552011, 0.0002854652453532239, 4.1090622540320145e-05, 5.069736774021614e-06, 5.473134914435997e-07], [0.033520057165790894, 0.028949794182304197, 0.012501329861291115, 0.003598948978512102, 0.0007770633540779717, 0.00013422306564635876, 1.9320423121402063e-05, 2.3837424096487384e-06, 2.5734164101228115e-07], [0.012608651754763497, 0.010889536118967995, 0.004702405903212798, 0.0013537534894042962, 0.0002922942874022528, 5.0488335500777674e-05, 7.267424565762718e-06, 8.966505566403195e-07, 9.679968973425999e-08], [0.003952312747324976, 0.0034134381100019706, 0.0014740179327534105, 0.0004243480807443893, 9.162267786750071e-05, 1.5826092739499776e-05, 2.2780496527422276e-06, 2.8106442257529393e-07, 3.0342867351323276e-08], [0.0010619086700934324, 0.0009171236578612766, 0.00039603961597509227, 0.00011401397988683088, 2.4617210788930688e-05, 4.252159727276686e-06, 6.120671191285658e-07, 7.551648016456122e-08, 8.152531435593846e-09], [0.00024964971998609473, 0.00021561144646982259, 9.310704584687404e-05, 2.6804148939421675e-05, 5.787390152633828e-06, 9.996626971294739e-07, 1.4389409297288976e-07, 1.775356832312088e-08, 1.916621690163584e-09]]","{'1x2': {'home': 0.6131978608221546, 'draw': 0.21962689707120642, 'away': 0.167175242106639}}",1.8807622690499672,0.8636558714419226,0.6009339036057114,0.22182316604191848,0.1688469945277054
sample_run,4,10119,2025-03-27T00:00:00+00:00,2024-2025,ENG Premier League,Wolves,West Ham,3,4,5.128764766244087,0.5086889263589468,0.22324497791570605,0.2680660957253471,0.0,0.0,1.0,2.1801566879133563,5.51961658165621,2.776656570785094,0.4586826284293847,0.1811720044691838,0.36014536710143163,1x2,home,0.07584500622216249,0.02,2.1801566879133563,-1.0,"{'dixon_coles': 0.22, 'bivariate_poisson': 0.18, 'zero_inflated_poisson': 0.12, 'negative_binomial': 0.18, 'weibull_copula': 0.3}",0.9,0.1,"[[0.039354529330683494, 0.052383451353260994, 0.03486289916749214, 0.015468265988129492, 0.005147318318178513, 0.0013702834377939208, 0.00030398947306552393, 5.780426600755731e-05, 9.617657128403927e-06], [0.07494109796784561, 0.09975150069188815, 0.06638788435254235, 0.02945553806700739, 0.009801811707948655, 0.002609370435930125, 0.0005788737730992332, 0.0001100741194344383, 1.831448113696319e-05], [0.07135351711915258, 0.09497619604310711, 0.063209763015294, 0.028045442310170667, 0.009332579298503313, 0.0024844546332939634, 0.0005511619231464537, 0.00010480465029763466, 1.7437730147687448e-05], [0.04529178731326385, 0.06028632987809119, 0.04012252315228982, 0.017801900445881574, 0.005923873324508115, 0.0015770125339820038, 0.0003498511300659923, 6.652496082000897e-05, 1.1068633992579408e-05], [0.02156178925214441, 0.028700151103023142, 0.019100888699541487, 0.008474843861799756, 0.0028201428063766897, 0.0007507588885933023, 0.00016655152696741502, 3.167013867850009e-05, 5.2693781282335644e-06], [0.008211833240994481, 0.01093048689481697, 0.007274596320425074, 0.0032276544271317305, 0.001074054762846379, 0.0002859274211999548, 6.343134836796463e-05, 1.2061610217303608e-05, 2.0068489663256566e-06], [0.0026062387645309206, 0.0034690741792291033, 0.002308782262157796, 0.0010243800427542327, 0.0003408792015143623, 9.074650045906636e-05, 2.0131587448436058e-05, 3.8280655717738285e-06, 6.369256921202802e-07], [0.0007089922517980963, 0.0009437150377237031, 0.0006280732054314965, 0.00027866883230096977, 9.27316084627048e-05, 2.4686366644097675e-05, 5.476527980315688e-06, 1.0413738244934674e-06, 1.7326708006574163e-07], [0.00016876284224487831, 0.00022463437594920173, 0.00014950151996393832, 6.633209892618926e-05, 2.2073090037889315e-05, 5.87614517505827e-06, 1.3035888971250392e-06, 2.4788029208390356e-07, 4.1243109251485286e-08]]","{'1x2': {'home': 0.5086889263589468, 'draw': 0.22324497791570605, 'away': 0.2680660957253471}}",1.9042559838065802,1.3310653752989814,0.49851514783176787,0.22547742769486312,0.2707467566826006
sample_run,4,10120,2025-03-29T00:00:00+00:00,2024-2025,ENG Premier League,Arsenal,Liverpool,1,1,2.0800385252822076,0.3500669796709943,0.26269618233573877,0.3872368379932667,0.0,1.0,0.0,3.0645572696007495,3.8463465569000816,2.417201086472645,0.32631140880270776,0.25998697340624927,0.413701617791043,1x2,away,0.055248747155721846,0.02,2.417201086472645,-1.0,"{'dixon_coles': 0.22, 'bivariate_poisson': 0.18, 'zero_inflated_poisson': 0.12, 'negative_binomial': 0.18, 'weibull_copula': 0.3}",0.9,0.1,"[[0.07305535083755435, 0.09848352208011746, 0.06638120281477845, 0.029828774019353507, 0.01005279795072769, 0.0027103694324838398, 0.0006089600209272261, 0.00011727414698841545, 1.9761678836575134e-05], [0.09267000898273356, 0.12492539931961057, 0.0842039164907816, 0.03783751257952287, 0.012751877387695084, 0.0034380775230729455, 0.00077245992199715, 0.00014876112605392142, 2.5067499290660034e-05], [0.05877550697111543, 0.07923333297558251, 0.05340592857416563, 0.023998260157736456, 0.008087816830091486, 0.0021805841139203963, 0.0004899289859647051, 9.435102788262755e-05, 1.589894071965762e-05], [0.024852054853081243, 0.033502239942725213, 0.022581635358027007, 0.010147187298812711, 0.0034197725865960787, 0.0009220166495125137, 0.00020715673348922293, 3.9894456742601844e-05, 6.72255106306435e-06], [0.007881148061267473, 0.01062431718156257, 0.007161146745179438, 0.003217902341682648, 0.0010844871480510903, 0.00029239231012162954, 6.569408035547904e-05, 1.2651433544268614e-05, 2.131872820603902e-06], [0.0019994320833689656, 0.002695368805606227, 0.0018167691362624015, 0.000816375626125932, 0.0002751323006442714, 7.417936590491284e-05, 1.66664616536895e-05, 3.2096443224228513e-06, 5.408520284152886e-07], [0.00042271005705927497, 0.0005698415620568725, 0.0003840923588457256, 0.00017259410328158306, 5.81671122873184e-05, 1.568263521182089e-05, 3.523541017075518e-06, 6.785671521211524e-07, 1.1434426490087592e-07], [7.660051949979442e-05, 0.00010326264766397523, 6.960249403140734e-05, 3.127627969380567e-05, 1.0540631680278828e-05, 2.841895962231141e-06, 6.385111209903647e-07, 1.2296512822425597e-07, 2.0720656977416057e-08], [1.2145877661159218e-05, 1.6373459262210324e-05, 1.1036261672080526e-05, 4.95920744843227e-06, 1.6713362219475463e-06, 4.50614707424986e-07, 1.0124315097966684e-07, 1.9497510118121034e-08, 3.2854942283676803e-09]]","{'1x2': {'home': 0.3500669796709943, 'draw': 0.26269618233573877, 'away': 0.3872368379932667}}",1.268490369566417,1.3480671976937748,0.3430656400775744,0.26532314415909614,0.39110920637319935
sample_run,4,10121,2025-03-31T00:00:00+00:00,2024-2025,ENG Premier League,Liverpool,Tottenham,2,1,2.3381418995501306,0.5082343745546727,0.23847567538945016,0.2532899500558772,1.0,0.0,0.0,2.0125303373702375,4.99862476100701,3.2996978013781533,0.4968869196310823,0.2000550246941406,0.3030580556747771,1x2,home,,,2.0125303373702375,,"{'dixon_coles': 0.22, 'bivariate_poisson': 0.18, 'zero_inflated_poisson': 0.12, 'negative_binomial': 0.18, 'weibull_copula': 0.3}",0.9,0.1,"[[0.05736154638292355, 0.06549192616810139, 0.037387349746248556, 0.01422886761604246, 0.0040614139877989735, 0.000927415112735557, 0.00017647769838988688, 2.8784500922101295e-05, 4.108049137551475e-06], [0.09847384697339263, 0.1124314514189993, 0.06418369778728315, 0.024427014621836513, 0.006972320042773026, 0.0015921142237462513, 0.00030296320377157395, 4.9414995197066627e-05, 7.052379645240024e-06], [0.08452612550754002, 0.09650679104884584, 0.05509279327913114, 0.02096720060360545, 0.005984768719083439, 0.0013666090117823583, 0.00026005184699529185, 4.24159125936282e-05, 6.0534887723178534e-06], [0.048369295421466084, 0.05522512073504333, 0.03152634262733771, 0.011998287086593916, 0.0034247286796160264, 0.0007820293976522348, 0.00014881227001338327, 2.427211462128681e-05, 3.4640530960176485e-06], [0.02075916226067017, 0.023701549344774735, 0.013530494012446156, 0.005149431810209262, 0.0014698270408828066, 0.0003356318304209202, 6.386733634775054e-05, 1.0417120229732829e-05, 1.4867043167201793e-06], [0.007127543438618411, 0.00813779575476886, 0.004645620213797728, 0.0017680289045674171, 0.0005046569774636926, 0.0001152373309032986, 2.192849636277898e-05, 3.5766605612694102e-06, 5.104516966891558e-07], [0.002039335484394779, 0.002328389267687748, 0.0013292066517178302, 0.0005058691137516052, 0.0001443926495085123, 3.297174967250615e-05, 6.274189857579512e-06, 1.0233555026422837e-06, 1.4605063681372647e-07], [0.0005001389633722717, 0.0005710282607150687, 0.00032598267523157193, 0.0001240623997815949, 3.5411726317896645e-05, 8.086191226487285e-06, 1.5387202524463027e-06, 2.5097389035267853e-07, 3.581834114829581e-08], [0.00010732496517739918, 0.00012253712005024986, 6.995271680447433e-05, 2.6622586344014585e-05, 7.59901261904074e-06, 1.7352181200778915e-06, 3.3019442516146516e-07, 5.385655990670807e-08, 7.686268213403866e-09]]","{'1x2': {'home': 0.5082343745546727, 'draw': 0.23847567538945016, 'away': 0.2532899500558772}}",1.716722319792762,1.1417392015707275,0.49806968706357924,0.24086043214334465,0.25582284955643597
sample_run,4,10122,2025-04-02T00:00:00+00:00,2024-2025,ENG Premier League,Man City,Aston Villa,1,1,2.1920677417961865,0.556555914325065,0.23485650569336766,0.20858757998156727,0.0,1.0,0.0,1.9002616212924837,4.587310636677003,3.909854056574418,0.5262433281791162,0.21799264955041042,0.25576402227047335,1x2,home,0.04247375449166142,0.02,1.9002616212924837,-1.0,"{'dixon_coles': 0.22, 'bivariate_poisson': 0.18, 'zero_inflated_poisson': 0.12, 'negative_binomial': 0.18, 'weibull_copula': 0.3}",0.9,0.1,"[[0.0652895096558706, 0.0636954941638872, 0.031070197939654678, 0.010103877442523404, 0.002464298897575705, 0.00048082681850710845, 7.818127285043398e-05, 1.0896072923763938e-05, 1.3287562446536358e-06], [0.11448056691140739, 0.11168557276687077, 0.05447940860529165, 0.017716439037759782, 0.004320974936411644, 0.00084309603578027, 0.00013708536769456854, 1.9105498141972507e-05, 2.329880695640102e-06], [0.10036681443493423, 0.09791640152888598, 0.047762907203662844, 0.015532265408212951, 0.0037882629455918177, 0.0007391548247613998, 0.00012018477923675006, 1.675007416923667e-05, 2.04264103282969e-06], [0.058662051919036236, 0.057229842976997264, 0.027916300402278636, 0.009078245283828569, 0.0022141509506743763, 0.0004320186801830698, 7.02451881048262e-05, 9.790025977166637e-06, 1.193875834302677e-06], [0.025714946379880775, 0.025087126947308785, 0.01223731772901532, 0.0039795162811429394, 0.0009705895227145517, 0.00018937859881456765, 3.0792500201890676e-05, 4.291530637352039e-06, 5.2334434372839e-07], [0.009017870267924406, 0.008797702817019441, 0.004291455330195523, 0.0013955604270875558, 0.00034037210383197673, 6.64124128591316e-05, 1.079849702750862e-05, 1.5049794764006443e-06, 1.8352950566084513e-07], [0.0026353669628473614, 0.0025710256040596836, 0.001254127556032757, 0.0004078361891371721, 9.946976069329752e-05, 1.940824979424087e-05, 3.1557342775182417e-06, 4.3981262471437743e-07, 5.363434841668246e-08], [0.0006601329667037912, 0.000644016102275783, 0.0003141463621044983, 0.00010215887095033123, 2.4916176437469374e-05, 4.861571726374615e-06, 7.904797548559161e-07, 1.1016864703835903e-07, 1.3434865821978532e-08], [0.00014468709572082849, 0.00014115462207713424, 6.885419613433547e-05, 2.2391050114839615e-05, 5.461095547471434e-06, 1.0655530464414202e-06, 1.732563373214097e-07, 2.4146622549492606e-08, 2.944636634172706e-09]]","{'1x2': {'home': 0.556555914325065, 'draw': 0.23485650569336766, 'away': 0.20858757998156727}}",1.7534297242361614,0.9755854271170795,0.5454247960385638,0.23720507075030134,0.21067345578138294
sample_run,4,10123,2025-04-04T00:00:00+00:00,2024-2025,ENG Premier League,Chelsea,Arsenal,1,2,2.541220668380289,0.414516235999334,0.246221149439787,0.3392626145608791,0.0,0.0,1.0,2.6684653301771513,4.140987930120703,2.605764738053121,0.3747472334345873,0.24148826726255432,0.3837644993028584,1x2,home,,,2.6684653301771513,,"{'dixon_coles': 0.22, 'bivariate_poisson': 0.18, 'zero_inflated_poisson': 0.12, 'negative_binomial': 0.18, 'weibull_copula': 0.3}",0.9,0.1,"[[0.05438335861397729, 0.0745781779516871, 0.05113608986595415, 0.02337502075985204, 0.00801378630467934, 0.0021979281762990028, 0.0005023518310094618, 9.841373012996504e-05, 1.686985887222191e-05], [0.0837722914871426, 0.11488045279246521, 0.07877018880298496, 0.036006953276126914, 0.01234446086709192, 0.003385695266812759, 0.0007738242927425317, 0.0001515968100702318, 2.5986382062609745e-05], [0.0645215466630183, 0.0884810999428773, 0.06066891954706288, 0.027732610326832365, 0.009507722586150328, 0.002607667657962388, 0.0005960006504158646, 0.00011676009431367189, 2.001475109598779e-05], [0.03312972909367445, 0.04543218541129637, 0.031151529573486804, 0.014239799178822331, 0.004881908290606918, 0.0013389530713799082, 0.00030602707326680934, 5.9952535139412185e-05, 1.027692787884543e-05], [0.012758283936752202, 0.01749596924579628, 0.011996477793069615, 0.005483757522195795, 0.001880026605368163, 0.000515631848795074, 0.00011785125927325188, 2.3087766998456302e-05, 3.957652762722678e-06], [0.00393057989820673, 0.005390168878360627, 0.0036958821967342384, 0.0016894393627102254, 0.0005791997434597826, 0.00015885617452914463, 3.630768785004117e-05, 7.11289334118036e-06, 1.2192760774377353e-06], [0.001009112877351938, 0.0013838387635211173, 0.0009488580348161469, 0.00043373625789770763, 0.00014870017524662581, 4.078375596368441e-05, 9.321412184768679e-06, 1.8261204330411091e-06, 3.1302943144621573e-07], [0.00022206293631898125, 0.0003045242074661921, 0.0002088034015719392, 9.544695066177465e-05, 3.272260050140704e-05, 8.974774583372954e-06, 2.051247394465021e-06, 4.018516407176632e-07, 6.888449871298673e-08], [4.275830305427139e-05, 5.863625225371869e-05, 4.02051745832587e-05, 1.837834674103337e-05, 6.3007492027088845e-06, 1.7280962678454487e-06, 3.9496846788440366e-07, 7.737668663437069e-08, 1.3263736490814345e-08]]","{'1x2': {'home': 0.414516235999334, 'draw': 0.246221149439787, 'away': 0.3392626145608791}}",1.540403050164172,1.3713418930422487,0.4062259112793473,0.2486833609341849,0.3426552407064879
sample_run,4,10124,2025-04-06T00:00:00+00:00,2024-2025,ENG Premier League,Tottenham,Chelsea,6,1,6.977766689170075,0.5094326441385398,0.27402834510150986,0.2165390107599504,1.0,0.0,0.0,2.206916408471356,4.259526507859746,3.203986282990569,0.45312092300435636,0.23476787810917107,0.3121111988864727,1x2,home,0.042869117230699985,0.02,2.206916408471356,1.206916408471356,"{'dixon_coles': 0.22, 'bivariate_poisson': 0.18, 'zero_inflated_poisson': 0.12, 'negative_binomial': 0.18, 'weibull_copula': 0.3}",0.9,0.1,"[[0.109733931315988, 0.08872979203444296, 0.03587302441486675, 0.009668859813323953, 0.0019545365552792807, 0.0003160838584635295, 4.2597056793904404e-05, 4.9205095390735095e-06, 4.97334533254203e-07], [0.15375072856864244, 0.12432134716613477, 0.05026251746931501, 0.013547261297381699, 0.0027385460065482057, 0.000442872345360643, 5.9683713491347585e-05, 6.894238796412116e-06, 6.968268238744725e-07], [0.10771183649347739, 0.08709474578280878, 0.035211983148348946, 0.009490689295475618, 0.0019185198173255742, 0.00031025930150094526, 4.1812110087227954e-05, 4.829838069057335e-06, 4.88170024403671e-07], [0.050305841708008274, 0.040676815451146056, 0.01644543912862505, 0.004432540832473845, 0.000896027376247565, 0.00014490380832647782, 1.9527968884397203e-05, 2.2557323065606057e-06, 2.279954067604513e-07], [0.01762116722035767, 0.014248304823456895, 0.005760520509322545, 0.0015526336617810949, 0.00031386112814733397, 5.075701251970197e-05, 6.840271298574172e-06, 7.901395708470949e-07, 7.98623987114367e-08], [0.004937884327789753, 0.003992725351589442, 0.001614239487497348, 0.00043508612848587824, 8.795160538461048e-05, 1.4223362931197322e-05, 1.916812207765535e-06, 2.2141653585494983e-07, 2.237940779094969e-08], [0.0011530971685794651, 0.0009323831811779263, 0.0003769579963562106, 0.00010160152598589367, 2.053850199978418e-05, 3.3214466834185585e-06, 4.476149263023202e-07, 5.17052979824049e-08, 5.226050276835905e-09], [0.0002308044137219397, 0.00018662620927347988, 7.545207092475527e-05, 2.0336604127922248e-05, 4.110995189266561e-06, 6.648221636165359e-07, 8.959479170837682e-08, 1.0349354167479895e-08, 1.046048419069869e-09], [4.0423169867600816e-05, 3.2685782899701885e-05, 1.321470343945905e-05, 3.561760323108626e-06, 7.200012087325839e-07, 1.1643719813778647e-07, 1.5691664756650877e-08, 1.812589693522982e-09, 1.8320530466431512e-10]]","{'1x2': {'home': 0.5094326441385398, 'draw': 0.27402834510150986, 'away': 0.2165390107599504}}",1.4011229409607533,0.8085902962770752,0.499243991255769,0.276768628552525,0.21870440086754991
sample_run,5,10125,2025-04-08T00:00:00+00:00,2024-2025,ENG Premier League,Newcastle,Brighton,3,1,2.831600040409382,0.5966015262677103,0.2272218482303172,0.17617662550197255,1.0,0.0,0.0,1.86439636289255,4.728785094762381,3.965695781517874,0.5363666331383166,0.21147080697484086,0.2521625598868426,1x2,home,0.05796680008744413,0.02,1.86439636289255,0.86439636289255,"{'dixon_coles': 0.22, 'bivariate_poisson': 0.18, 'zero_inflated_poisson': 0.12, 'negative_binomial': 0.18, 'weibull_copula': 0.3}",0.9,0.1,"[[0.06881923704955227, 0.05964114974145083, 0.025843549674351568, 0.007465640335752857, 0.0016174960384254511, 0.00028035568997800576, 4.049433560465681e-05, 5.0134003991996825e-06, 5.430984430037047e-07], [0.12454573038889644, 0.10793567139423643, 0.04677040763640351, 0.01351095519654842, 0.002927266185206204, 0.0005073741830623929, 7.328469219825345e-05, 9.073009833002382e-06, 9.828733237519802e-07], [0.112698422876548, 0.09766838172829287, 0.042321412074563185, 0.012225736983934829, 0.002648812459347057, 0.0004591106420176921, 6.631354769005185e-05, 8.209947428386032e-06, 8.893783281723336e-07], [0.0679853869964193, 0.058918506218898964, 0.025530415641005836, 0.007375182712891437, 0.001597897606135185, 0.0002769587530602663, 4.000368494732368e-05, 4.9526554045081635e-06, 5.365179767711455e-07], [0.03075916721201108, 0.02665696651494355, 0.011550928197778764, 0.0033368123402299573, 0.0007229494723237075, 0.00012530664268572159, 1.8099184085782253e-05, 2.2407691190867308e-06, 2.4274107847062374e-07], [0.011133290954143291, 0.009648498027275354, 0.004180862359825929, 0.001207760352778647, 0.000261671805515633, 4.535478161327626e-05, 6.551005788639464e-06, 8.110471389521359e-07, 8.786021528179365e-08], [0.0033580820154435077, 0.002910230931257356, 0.001261053785210854, 0.00036429105610702797, 7.892683193765467e-05, 1.3680148760796558e-05, 1.9759489635640543e-06, 2.4463232140524416e-07, 2.650086214633467e-08], [0.0008681849420721985, 0.0007523993341588153, 0.00032602774513195326, 9.418233622323529e-05, 2.0405423899298328e-05, 3.5368103294709476e-06, 5.108538530566267e-07, 6.324625092879071e-08, 6.8514257131210115e-09], [0.00019639989550662856, 0.00017020699559168296, 7.37536577441036e-05, 2.1305830240114115e-05, 4.616093792211127e-06, 8.000935578045225e-07, 1.15564827834962e-07, 1.4307501168993465e-08, 1.5499224058374565e-09]]","{'1x2': {'home': 0.5966015262677103, 'draw': 0.2272218482303172, 'away': 0.17617662550197255}}",1.8097516875872823,0.8666348581938957,0.5846694957423562,0.22949406671262038,0.17793839175699228
sample_run,5,10126,2025-04-10T00:00:00+00:00,2024-2025,ENG Premier League,Brighton,Wolves,0,1,2.9943734852803567,0.5613222551111003,0.21674136064807048,0.22193638424082937,0.0,0.0,1.0,1.9670486214878222,5.550571939279104,3.2106589412568507,0.5083758424047633,0.1801616141434747,0.311462543451762,1x2,home,,,1.9670486214878222,,"{'dixon_coles': 0.22, 'bivariate_poisson': 0.18, 'zero_inflated_poisson': 0.12, 'negative_binomial': 0.18, 'weibull_copula': 0.3}",0.9,0.1,"[[0.04271381255998378, 0.05006798559223428, 0.029344174998940098, 0.011465484995825061, 0.0033598835082491963, 0.0007876730687356382, 0.00015388154125188627, 2.5767973698673918e-05, 3.7755659661453067e-06], [0.08462826252813306, 0.09919897979146809, 0.058139191906467574, 0.02271640052913653, 0.006656888874079138, 0.0015606053230132243, 0.0003048832846051923, 5.1053715702081374e-05, 7.480474549690977e-06], [0.08383637972462615, 0.09827075600575372, 0.05759517239212134, 0.022503838834033566, 0.006594599094438591, 0.0015460024411692928, 0.0003020304335251491, 5.057599634081988e-05, 7.410478321705057e-06], [0.05536793781309328, 0.06490081185810052, 0.03803749558146348, 0.014862177412852262, 0.004355261448102629, 0.0010210241341851254, 0.00019946951807807962, 3.3401831393861946e-05, 4.894091374521971e-06], [0.027424924726091836, 0.03214676128771675, 0.01884078573798714, 0.00736155459120077, 0.0021572542177725603, 0.0005057351082511947, 9.880152186465416e-05, 1.654464204143885e-05, 2.424148213754501e-06], [0.010867321788588518, 0.012738383162896714, 0.007465795564053422, 0.002917068447984774, 0.000854827351340739, 0.0002004011393301491, 3.9150806867445826e-05, 6.555932267346196e-06, 9.605859985110103e-07], [0.003588544728206451, 0.004206395893520704, 0.0024653122300458494, 0.0009632576272679559, 0.0002822761895577328, 6.617531587450843e-05, 1.2928155098593937e-05, 2.1648623859806973e-06, 3.171992039994002e-07], [0.0010157045800921218, 0.001190581669819409, 0.0006977839522892619, 0.0002726412119471416, 7.989567925158286e-05, 1.8730314518435678e-05, 3.6591953954399014e-06, 6.127443872794475e-07, 8.978031728889485e-08], [0.00025155010962306346, 0.0002948602924790584, 0.00017281366366946816, 6.752251402356389e-05, 1.9787020033248222e-05, 4.638762847716627e-06, 9.062389014447804e-07, 1.5175270527684553e-07, 2.223505643143461e-08]]","{'1x2': {'home': 0.5613222551111003, 'draw': 0.21674136064807048, 'away': 0.22193638424082937}}",1.9812856183064453,1.172173182197747,0.5500958100088783,0.21890877425455119,0.22415574808323765
sample_run,5,10127,2025-04-12T00:00:00+00:00,2024-2025,ENG Premier League,Aston Villa,Man City,0,3,4.4824780862765685,0.49063188494507587,0.27535461147728374,0.2340135035776404,0.0,0.0,1.0,2.368494572118574,3.857208077175497,3.139362502387079,0.42220911619211304,0.2592548755451809,0.318536008262706,1x2,home,,,2.368494572118574,,"{'dixon_coles': 0.22, 'bivariate_poisson': 0.18, 'zero_inflated_poisson': 0.12, 'negative_binomial': 0.18, 'weibull_copula': 0.3}",0.9,0.1,"[[0.10608985483674604, 0.09139613297486167, 0.03936876497575009, 0.011305362749079286, 0.002434885123402979, 0.0004195294354196268, 6.023725222593099e-05, 7.4134622188944196e-06, 7.983347934220925e-07], [0.14661475043742964, 0.126308224737189, 0.054407102930167976, 0.01562385904487785, 0.003364978444554231, 0.0005797840290181976, 8.324707122779826e-05, 1.0245304933003306e-05, 1.1032879315671905e-06], [0.1013098051595425, 0.08727813265714589, 0.03759494171429102, 0.010795981379460445, 0.0023251774433796597, 0.00040062685943400694, 5.752316558210179e-05, 7.079436710603189e-06, 7.623645305023258e-07], [0.046669595389015384, 0.04020573458811105, 0.017318567691612184, 0.004973300284343756, 0.0010711213028127395, 0.00018455364120297042, 2.6498746680880005e-05, 3.261228726535287e-06, 3.511925042344134e-07], [0.016124188056213427, 0.01389094591528201, 0.005983506820578597, 0.001718258501629368, 0.0003700688033313013, 6.376266158750633e-05, 9.155227748921887e-06, 1.1267435434710723e-06, 1.21335827641245e-07], [0.0044566821427096314, 0.0038394200309594304, 0.0016538251665812092, 0.0004749220211320793, 0.00010228602033359358, 1.7623827896200485e-05, 2.5304802870577362e-06, 3.114288801454322e-07, 3.353689590039551e-08], [0.0010265124488698992, 0.0008843377948026778, 0.00038092735074836935, 0.00010938930606303637, 2.355965039812228e-05, 4.059315462240067e-06, 5.828482788555654e-07, 7.173175294312806e-08, 7.724589736453378e-09], [0.0002026609111460569, 0.00017459184586890471, 7.520520970603678e-05, 2.159636394159263e-05, 4.651302788604721e-06, 8.014170418610423e-07, 1.150697815528885e-07, 1.416175948529645e-08, 1.5250398530895265e-09], [3.500933119008472e-05, 3.0160447421987412e-05, 1.2991573357335332e-05, 3.7307355101543e-06, 8.035047255574111e-07, 1.3844344467429443e-07, 1.9878111025823034e-08, 2.4464201076138985e-09, 2.6344806698520655e-10]]","{'1x2': {'home': 0.49063188494507587, 'draw': 0.27535461147728374, 'away': 0.2340135035776404}}",1.3819865307860437,0.8614973893168629,0.48081924724617436,0.2781081575920566,0.2363536386134168
sample_run,5,10128,2025-04-14T00:00:00+00:00,2024-2025,ENG Premier League,West Ham,Newcastle,2,1,2.3240844496666373,0.5550159367288732,0.21718709560641422,0.22779696766471264,1.0,0.0,0.0,1.874531384141833,5.493832231094722,3.514802167914016,0.5334666618333539,0.18202230391020444,0.28451103425644164,1x2,home,0.06947689578103552,0.02,1.874531384141833,0.874531384141833,"{'dixon_coles': 0.22, 'bivariate_poisson': 0.18, 'zero_inflated_poisson': 0.12, 'negative_binomial': 0.18, 'weibull_copula': 0.3}",0.9,0.1,"[[0.04170084521626922, 0.04995857461254153, 0.029925762468036753, 0.011950584609200591, 0.003579269015807086, 0.0008576093710196224, 0.00017123930193858934, 2.930694774763714e-05, 4.388799939554243e-06], [0.08254415195305183, 0.09888979834314356, 0.05923612990723831, 0.023655416737807532, 0.0070849337462916455, 0.001697582815664047, 0.0003389572294337782, 5.801122580645709e-05, 8.687348355250453e-06], [0.08169543070784413, 0.09787301071128482, 0.05862706238704923, 0.02341219109099202, 0.00701208626225926, 0.0016801282223698661, 0.00033547206185945014, 5.7414752783989254e-05, 8.598024800047962e-06], [0.05390362402524631, 0.06457778514525225, 0.038682838210591965, 0.015447644197986726, 0.004626658532043528, 0.0011085687317899768, 0.00022134848591611242, 3.788294180905104e-05, 5.673079781401147e-06], [0.026674692738746942, 0.03195689728934787, 0.019142550101027004, 0.007644405547311436, 0.0022895435507557073, 0.0005485851987693861, 0.00010953628734190055, 1.8746714178678994e-05, 2.8073745093724575e-06], [0.010560169125152733, 0.012651326236288682, 0.00757829034933621, 0.003026322223521014, 0.0009064009603478099, 0.00021717785225489278, 4.33640128867004e-05, 7.421583978741962e-06, 1.1114036029195693e-06], [0.003483863058393738, 0.004173748317090155, 0.002500123386371651, 0.0009984018316722147, 0.0002990271068980319, 7.16482745309414e-05, 1.430604763704488e-05, 2.4484250159139366e-06, 3.6665870681509466e-07], [0.0009851548235473952, 0.0011802382062485433, 0.0007069762996606614, 0.00028232463900688574, 8.455785769829907e-05, 2.026045285647608e-05, 4.045414988851937e-06, 6.923572121212565e-07, 1.0368248911054557e-07], [0.00024375635862547326, 0.0002920257411214559, 0.00017492678746601454, 6.985544232201478e-05, 2.092210786878081e-05, 5.013033580462475e-06, 1.0009549801123388e-06, 1.7130959404640483e-07, 2.5654105725033776e-08]]","{'1x2': {'home': 0.5550159367288732, 'draw': 0.21718709560641422, 'away': 0.22779696766471264}}",1.9794359448821903,1.1980230701187473,0.5439156179942957,0.21935896656247836,0.23007493734135975
sample_run,5,10129,2025-04-16T00:00:00+00:00,2024-2025,ENG Premier League,Wolves,West Ham,1,2,2.5143632868058874,0.4037370438645376,0.2391234190795495,0.3571395370559129,0.0,0.0,1.0,2.6119081733462464,4.509302813965429,2.529248377211676,0.3828618518080787,0.2217637717526917,0.3953743764392297,1x2,home,0.03523750385088082,0.02,2.6119081733462464,-1.0,"{'dixon_coles': 0.22, 'bivariate_poisson': 0.18, 'zero_inflated_poisson': 0.12, 'negative_binomial': 0.18, 'weibull_copula': 0.3}",0.9,0.1,"[[0.0460475302035568, 0.06840120066341634, 0.05080320520464698, 0.02515516914940033, 0.00934167242577435, 0.002775313278704093, 0.0006870971495514267, 0.00014580670324761306, 2.7073530118833667e-05], [0.07334003745416115, 0.10894279446451312, 0.08091441508436097, 0.04006471225334637, 0.014878509282955539, 0.004420249661760731, 0.0010943416608879633, 0.0002322267672115391, 4.312009143930702e-05], [0.05840444720922617, 0.0867567553685129, 0.0644363140285231, 0.03190559281096523, 0.01184852285508418, 0.003520072350430152, 0.000871480598876645, 0.00018493412925583462, 3.4338748540973416e-05], [0.031006978563809906, 0.046059246898449015, 0.03420930260080808, 0.016938710656933795, 0.006290392457004039, 0.001868809878840968, 0.00046266990853182293, 9.81817114201994e-05, 1.8230475431155592e-05], [0.01234622660084893, 0.018339674667186515, 0.013621314340493143, 0.0067445836319184735, 0.0025046816645684857, 0.0007441147543800095, 0.00018422393269865435, 3.9093575491671394e-05, 7.258933025385374e-06], [0.003932774319582859, 0.005841930809503857, 0.004338941521903842, 0.0021484236569952473, 0.0007978427780086002, 0.00023703075372415286, 5.8682800420981345e-05, 1.2452890646260086e-05, 2.312264816834364e-06], [0.0010439568804303685, 0.0015507434111364374, 0.0011517741643657252, 0.0005703001180696935, 0.00021178775844226495, 6.291993033817717e-05, 1.557737827908304e-05, 3.3056259563831544e-06, 6.137918346576618e-07], [0.00023753045842860905, 0.00035283908776053286, 0.00026206201654156014, 0.00012975981194849695, 4.818785554784616e-05, 1.4316108430993976e-05, 3.544305203698733e-06, 7.521257472717728e-07, 1.3965543845629725e-07], [4.728943289859839e-05, 7.024598224176506e-05, 5.217336853765302e-05, 2.5833604501367462e-05, 9.59361749449964e-06, 2.850163526375815e-06, 7.05628171693357e-07, 1.4973911258461489e-07, 2.78037036997019e-08]]","{'1x2': {'home': 0.4037370438645376, 'draw': 0.2391234190795495, 'away': 0.3571395370559129}}",1.592702955619023,1.4854477614986812,0.39566230298724686,0.24151465327034502,0.360710932426472
sample_run,5,10130,2025-04-18T00:00:00+00:00,2024-2025,ENG Premier League,Arsenal,Liverpool,1,2,3.074039253204914,0.5108525965488043,0.2819983137171203,0.2071490897340753,0.0,0.0,1.0,1.9592129068891233,3.8124140509653444,4.399666516259067,0.5104090507385538,0.2623009952832351,0.22728995397821114,1x2,home,0.06576925162395443,0.02,1.9592129068891233,-1.0,"{'dixon_coles': 0.22, 'bivariate_poisson': 0.18, 'zero_inflated_poisson': 0.12, 'negative_binomial': 0.18, 'weibull_copula': 0.3}",0.9,0.1,"[[0.12322814768970441, 0.09195765530641219, 0.034311196459538375, 0.008534784831578516, 0.0015922474214920478, 0.00023763943919173674, 2.955597137788864e-05, 3.1508314098332825e-06, 2.939091779619778e-07], [0.16604881211040126, 0.12391210704989951, 0.04623402624325058, 0.011500545203925747, 0.002145538968826791, 0.00032021699042114745, 3.982640354560376e-05, 4.245716766597714e-06, 3.960399534026949e-07], [0.1118746346520754, 0.08348522057453497, 0.031149965655997158, 0.007748440212468568, 0.0014455471569992178, 0.00021574474612281178, 2.6832858901803883e-05, 2.860532430569294e-06, 2.6683012381379197e-07], [0.05025001873229844, 0.03749852601339981, 0.013991432129296098, 0.0034803176522857763, 0.0006492872306893734, 9.690469665247882e-05, 1.2052344721840417e-05, 1.2848471744062819e-06, 1.1985039112470363e-07], [0.01692786119782091, 0.012632230982029613, 0.004713331995062978, 0.0011724241229854925, 0.00021872716460427294, 3.2644550106321336e-05, 4.060106318497131e-06, 4.3282998051465814e-07, 4.0374328938498536e-08], [0.004562027907042476, 0.0034043633507370727, 0.0012702344286354055, 0.00031596617584731467, 5.8946574365899e-05, 8.797647077650614e-06, 1.0941912929276464e-06, 1.1664689514152595e-07, 1.0880808460861743e-08], [0.0010245485426570728, 0.0007645581265051962, 0.0002852715632629573, 7.096025968924012e-05, 1.323832911411567e-05, 1.975791616334422e-06, 2.4573547496859723e-07, 2.6196772325358345e-08, 2.4436317967931377e-09], [0.00019722426786316301, 0.00014717644939278362, 5.491440655491556e-05, 1.3659758109943067e-05, 2.5483612133124284e-06, 3.803373278645713e-07, 4.7303760750075026e-08, 5.042844752721588e-09, 4.703959568375315e-10], [3.321973917079939e-05, 2.4789866449420915e-05, 9.249583138213072e-06, 2.3008000306704392e-06, 4.292367046734644e-07, 6.406263775483253e-08, 7.967673608025066e-09, 8.493984496901498e-10, 7.92317860395519e-11]]","{'1x2': {'home': 0.5108525965488043, 'draw': 0.2819983137171203, 'away': 0.2071490897340753}}",1.3474909363120653,0.74623904546522,0.5006355446178282,0.2848182968542915,0.20922058063141608
sample_run,5,10131,2025-04-20T00:00:00+00:00,2024-2025,ENG Premier League,Liverpool,Tottenham,2,0,2.1421909673059747,0.5522473816916423,0.25924656478029523,0.18850605352806246,1.0,0.0,0.0,1.9018738386704401,4.602880876488741,3.8918452210032943,0.5257972320072918,0.21725524227836188,0.25694752571434637,1x2,home,,,1.9018738386704401,,"{'dixon_coles': 0.22, 'bivariate_poisson': 0.18, 'zero_inflated_poisson': 0.12, 'negative_binomial': 0.18, 'weibull_copula': 0.3}",0.9,0.1,"[[0.10154949195067003, 0.07785535044232596, 0.029844834651865482, 0.0076270857886812215, 0.0014618720033082906, 0.00022415583757854753, 2.8642407022657306e-05, 3.137055346012223e-06, 3.006373279535918e-07], [0.15441270008603358, 0.11838419520388943, 0.04538103946846345, 0.011597486976992323, 0.002222872797046256, 0.0003408437349678099, 4.355266895357917e-05, 4.7700995543373336e-06, 4.5713888532810325e-07], [0.11739734729269632, 0.09000548834761564, 0.034502431781934996, 0.008817371923435704, 0.0016900123474100823, 0.0002591376894793056, 3.311235280400118e-05, 3.6266254892846532e-06, 3.4755491259435284e-07], [0.05950346978663028, 0.04561976041222221, 0.017487741030323654, 0.004469131849594013, 0.0008565917456586705, 0.0001313453159896769, 1.6783172108009846e-05, 1.8381744153983794e-06, 1.761600557224824e-07], [0.022619737572652326, 0.017341963625852237, 0.006647815904902157, 0.0016989024333857034, 0.0003256260611890032, 4.992980392130233e-05, 6.3799800260579e-06, 6.987663583009617e-07, 6.696574578784774e-08], [0.006878960567380176, 0.005273919892307164, 0.0020216885064269345, 0.0005166586398073818, 9.902718046289982e-05, 1.5184311984543906e-05, 1.9402360827115156e-06, 2.1250406681886773e-07, 2.0365166623186188e-08], [0.0017433188727169501, 0.0013365571718865037, 0.0005123517853441178, 0.00013093558957142067, 2.509622651880794e-05, 3.84812463926639e-06, 4.91709488284737e-07, 5.385440817485673e-08, 5.16109650178544e-09], [0.0003786901892104422, 0.0002903319044114151, 0.00011129495445195806, 2.844231423474797e-05, 5.4514953733415706e-06, 8.359039017790501e-07, 1.0681095814956489e-07, 1.1698454218974158e-08, 1.121112517842747e-09], [7.197792609400828e-05, 5.518360114379556e-05, 2.1153914821192736e-05, 5.406051834085376e-06, 1.0361697827512342e-06, 1.5888087671188752e-07, 2.030163830689385e-08, 2.223533899684779e-09, 2.1309069062655202e-10]]","{'1x2': {'home': 0.5522473816916423, 'draw': 0.25924656478029523, 'away': 0.18850605352806246}}",1.520565953801552,0.7666739532300758,0.5412024340578094,0.2618390304280982,0.19039111406334308
sample_run,5,10132,2025-04-22T00:00:00+00:00,2024-2025,ENG Premier League,Man City,Aston Villa,0,2,3.370626182734828,0.5323391817372236,0.24511100540576666,0.2225498128570097,0.0,0.0,1.0,1.8711114384351362,4.815089338575117,3.8778053618065345,0.5344417117327488,0.20768046648453678,0.25787782178271446,1x2,home,0.06115547562609554,0.02,1.8711114384351362,-1.0,"{'dixon_coles': 0.22, 'bivariate_poisson': 0.18, 'zero_inflated_poisson': 0.12, 'negative_binomial': 0.18, 'weibull_copula': 0.3}",0.9,0.1,"[[0.07253649987018398, 0.0706107980178997, 0.03436810988707542, 0.011151901317894442, 0.002713960050742234, 0.0005283819465085051, 8.57257403008329e-05, 1.1921412853529246e-05, 1.4506153395101982e-06], [0.11970493133290788, 0.11652700010645102, 0.05671671836161014, 0.01840366689706575, 0.004478771406061371, 0.0008719737613138899, 0.0001414707612655569, 1.967356998996241e-05, 2.3939094099839243e-06], [0.09877282892792444, 0.09615060397962576, 0.04679899698120903, 0.01518552512272866, 0.0036955948010854015, 0.0007194968009828226, 0.00011673259526731517, 1.6233367676523615e-05, 1.975300449099274e-06], [0.054334000700955266, 0.05289153951273831, 0.025743686420447724, 0.008353414006849897, 0.0020329118107890185, 0.00039578839761147695, 6.421349861009705e-05, 8.929822303244149e-06, 1.0865941286775749e-06], [0.0224164656227902, 0.021821352411527887, 0.01062101914460555, 0.0034463506368341596, 0.0008387141961352943, 0.0001632895957319209, 2.6492429520048567e-05, 3.6841582084121834e-06, 4.4829387891914037e-07], [0.007398651666140242, 0.007202231970629833, 0.003505513416461689, 0.0011374829694558574, 0.00027682125670797347, 5.389443901883793e-05, 8.74394122190851e-06, 1.2159723894778843e-06, 1.479613383304057e-07], [0.0020349642162599707, 0.0019809399061871485, 0.000964174917811782, 0.00031285932138704997, 7.613837995358918e-05, 1.4823411049429103e-05, 2.404979758284382e-06, 3.344474658635352e-07, 4.069606767274494e-08], [0.0004797491158801398, 0.0004670127174774665, 0.00022730722274033133, 7.375755388276712e-05, 1.7949858860129524e-05, 3.494665060185509e-06, 5.669814257801015e-07, 7.884702579747297e-08, 9.594223981825295e-09], [9.896454729038635e-05, 9.633723259545843e-05, 4.688983397720764e-05, 1.5215000273347035e-05, 3.7027679618754383e-06, 7.20893346469858e-07, 1.1695917359106561e-07, 1.626487669273754e-08, 1.9791345133007555e-09]]","{'1x2': {'home': 0.5323391817372236, 'draw': 0.24511100540576666, 'away': 0.2225498128570097}}",1.6502716776676514,0.9734519606580049,0.5216923981024791,0.24756211545982434,0.2247753109855798
sample_run,5,10133,2025-04-24T00:00:00+00:00,2024-2025,ENG Premier League,Chelsea,Arsenal,2,2,2.7497932194974575,0.44091752094121706,0.23633127573628707,0.32275120332249574,0.0,1.0,0.0,2.553866949907039,4.5017446351523684,2.5886561491281306,0.3915630765480559,0.2221361007888786,0.3863008226630655,1x2,home,0.03604115719110034,0.02,2.553866949907039,-1.0,"{'dixon_coles': 0.22, 'bivariate_poisson': 0.18, 'zero_inflated_poisson': 0.12, 'negative_binomial': 0.18, 'weibull_copula': 0.3}",0.9,0.1,"[[0.045200984292008035, 0.06380872645032723, 0.04503832864467712, 0.021193036960600452, 0.007479376385558759, 0.002111677386147267, 0.0004968307910197322, 0.00010019421521403539, 1.7680105230661953e-05], [0.07616610485424993, 0.10752115746052639, 0.07589202128541198, 0.03571141426684579, 0.012603154000953763, 0.003558290681738073, 0.0008371867718446925, 0.00016883267524620717, 2.9791934178541045e-05], [0.06417200443237157, 0.09058948473647227, 0.06394108160878795, 0.03008783288844282, 0.010618498293416911, 0.002997956188479303, 0.0007053525099694363, 0.00014224609759106276, 2.5100510729971807e-05], [0.0360444335070789, 0.050882728191316395, 0.03591472768857515, 0.01689987560015351, 0.005964248102697951, 0.0016839061433192078, 0.0003961857178925737, 7.989745764706256e-05, 1.4098573014867465e-05], [0.015184205305002713, 0.021435037706553528, 0.015129564974006042, 0.007119301256082718, 0.002512520211021009, 0.000709368246541942, 0.00016689859415349858, 3.365788506628898e-05, 5.939214639710611e-06], [0.005117241544643881, 0.007223839724219547, 0.005098827161660192, 0.002399281584032516, 0.000846746507132519, 0.00023906477742760996, 5.624663277330393e-05, 1.1343071586981022e-05, 2.001579620822892e-06], [0.0014371381588209609, 0.00202876014944983, 0.0014319666201655888, 0.0006738198867666485, 0.00023780228188020666, 6.713951473149934e-05, 1.579643672445213e-05, 3.1856149203960865e-06, 5.621283314276604e-07], [0.0003459507967085032, 0.0004883672357627988, 0.00034470589349091515, 0.0001622032824291573, 5.724424500915816e-05, 1.6161959425696455e-05, 3.802550114223554e-06, 7.668476499306542e-07, 1.3531666591426692e-07], [7.28682269568686e-05, 0.00010286565289759162, 7.260601079473913e-05, 3.416516368700815e-05, 1.205745636948667e-05, 3.4042220417017018e-06, 8.009378425325014e-07, 1.615224740863121e-07, 2.850198819225673e-08]]","{'1x2': {'home': 0.44091752094121706, 'draw': 0.23633127573628707, 'away': 0.32275120332249574}}",1.6850541209943701,1.4116667468590776,0.4320991705223927,0.23869458849364994,0.3259787153557207
sample_run,5,10134,2025-04-26T00:00:00+00:00,2024-2025,ENG Premier League,Tottenham,Chelsea,3,0,3.49718756565951,0.3967606217919582,0.2415102024163162,0.36172917579172564,1.0,0.0,0.0,2.454336030870706,4.655553904374883,2.6471790725068765,0.40744217068159067,0.21479721222007275,0.3777606170983366,1x2,home,0.04968218568577188,0.02,2.454336030870706,1.454336030870706,"{'dixon_coles': 0.22, 'bivariate_poisson': 0.18, 'zero_inflated_poisson': 0.12, 'negative_binomial': 0.18, 'weibull_copula': 0.3}",0.9,0.1,"[[0.04839948277412721, 0.07134809749486842, 0.052588898934044934, 0.025841308441280703, 0.00952349120479165, 0.0028078109104679363, 0.0006898557419237288, 0.00014527869163357597, 2.677032289521771e-05], [0.07522135341517487, 0.11088755808007976, 0.08173244682993501, 0.04016196214417439, 0.014801189116113661, 0.004363834584864555, 0.001072157791662852, 0.00022578877253839606, 4.160581485833517e-05], [0.05845364129216849, 0.08616943526663363, 0.06351333646656307, 0.031209394968046686, 0.011501832392134512, 0.003391085242432934, 0.0008331613845945606, 0.00017545783635283381, 3.233139616585087e-05], [0.030282431119921932, 0.04464084581252614, 0.032903651410383684, 0.016168305900575847, 0.005958627032775892, 0.0017567820071718498, 0.00043162669909058095, 9.0897499733983e-05, 1.674956864551159e-05], [0.011766062997888176, 0.01734494175943656, 0.012784522940776517, 0.006282101494491667, 0.002315189978338218, 0.0006825874609631973, 0.00016770605084376035, 3.531769638921002e-05, 6.507947763179787e-06], [0.003657308435297919, 0.0053914212271279, 0.003973881798946159, 0.0019526992836368284, 0.0007196429118740338, 0.0002121723195989483, 5.212897079604907e-05, 1.0977988894223344e-05, 2.0229002900143967e-06], [0.0009473506553907107, 0.0013965369679276043, 0.001029352485107042, 0.0005058066550473016, 0.00018640872003884208, 5.4958882900850484e-05, 1.3502939531119291e-05, 2.843622614226481e-06, 5.239907843263678e-07], [0.000210335773302744, 0.0003100664800551341, 0.00022854225066936497, 0.00011230185288378876, 4.138744408592196e-05, 1.2202260133590964e-05, 2.997993627783811e-06, 6.313560434471013e-07, 1.1633918887124532e-07], [4.0862372469188856e-05, 6.023726634454491e-05, 4.439938306812256e-05, 2.1817116838762496e-05, 8.04042569283961e-06, 2.3705587058034855e-06, 5.824265190611712e-07, 1.2265486466192228e-07, 2.2601458581073994e-08]]","{'1x2': {'home': 0.3967606217919582, 'draw': 0.2415102024163162, 'away': 0.36172917579172564}}",1.5541768032154626,1.474149999243562,0.38882540935611903,0.24392530444047938,0.3653464675496429
sample_run,5,10135,2025-04-28T00:00:00+00:00,2024-2025,ENG Premier League,Newcastle,Brighton,1,2,2.5995902908724053,0.4512308946412268,0.23727436692153428,0.311494738437239,0.0,0.0,1.0,2.1969533319149654,4.869354728631799,2.9458710127249237,0.45517580436192245,0.20536601987939004,0.33945817575868753,1x2,home,,,2.1969533319149654,,"{'dixon_coles': 0.22, 'bivariate_poisson': 0.18, 'zero_inflated_poisson': 0.12, 'negative_binomial': 0.18, 'weibull_copula': 0.3}",0.9,0.1,"[[0.04718384244028675, 0.06445692117175233, 0.04402666752076673, 0.02004798882465187, 0.006846791022573743, 0.001870653369445319, 0.0004259104760512204, 8.311827754475142e-05, 1.4193280969047004e-05], [0.07963239405642611, 0.10878425072966107, 0.07430401501195853, 0.0338350855622644, 0.011555361592723211, 0.0031571105394218838, 0.0007188111249013551, 0.0001402791101447823, 2.3954067422785662e-05], [0.06719798404700877, 0.09179784724188715, 0.06270161878926159, 0.028551816968244756, 0.009751019207271606, 0.0026641351949357223, 0.0006065704676630377, 0.0001183748588414689, 2.021369644364507e-05], [0.03780345183629995, 0.05164255365841107, 0.03527393953216968, 0.01606234551385978, 0.005485613745481649, 0.0014987578564364282, 0.0003412372824098478, 6.659393638523108e-05, 1.1371583698200827e-05], [0.015950266116685662, 0.021789345517012365, 0.014882998646746137, 0.006777124123840097, 0.0023145240660209752, 0.0006323651807817076, 0.00014397694387646728, 2.8097725353273843e-05, 4.797968898181452e-06], [0.005383867913327387, 0.007354796297644663, 0.005023621441932496, 0.0022875568876440425, 0.0007812466426901023, 0.0002134491413127313, 4.859811383238042e-05, 9.484132795046438e-06, 1.6195109605750882e-06], [0.0015143965569866856, 0.0020687874163702958, 0.0014130649447090997, 0.0006434534298257509, 0.0002197522756675688, 6.003985422740228e-05, 1.366987776234632e-05, 2.66773596270237e-06, 4.555427180198681e-07], [0.0003651220331447664, 0.0004987860439358301, 0.000340690912956374, 0.00015513705670292078, 5.2982422146801885e-05, 1.4475649422265062e-05, 3.29581676503521e-06, 6.431929431571361e-07, 1.0983165711804348e-07], [7.702727278639903e-05, 0.00010522544568834849, 7.187320814937817e-05, 3.2728193045520727e-05, 1.1177335556651426e-05, 3.0538277496033742e-06, 6.952956928614024e-07, 1.3568997154222194e-07, 2.3170425899933243e-08]]","{'1x2': {'home': 0.4512308946412268, 'draw': 0.23727436692153428, 'away': 0.311494738437239}}",1.6877047297961043,1.3660803749360904,0.44220627674840224,0.2396471105907496,0.3146096858216114
sample_run,5,10136,2025-04-30T00:00:00+00:00,2024-2025,ENG Premier League,Brighton,Wolves,0,1,2.742358391168225,0.5841820632908574,0.23554685698605338,0.18027107972308923,0.0,0.0,1.0,1.917263290242094,5.094007064874072,3.544664887720424,0.5215767730438992,0.19630911132721818,0.28211411562888267,1x2,home,,,1.917263290242094,,"{'dixon_coles': 0.22, 'bivariate_poisson': 0.18, 'zero_inflated_poisson': 0.12, 'negative_binomial': 0.18, 'weibull_copula': 0.3}",0.9,0.1,"[[0.0765652085542772, 0.06441824418666595, 0.027099189452028882, 0.0075999801839674195, 0.0015985634616196905, 0.0002689907161827918, 3.771928522584218e-05, 4.533596118552436e-06, 4.7679342112938883e-07], [0.13233090471250947, 0.11133678983150434, 0.04683668110980867, 0.013135368825236098, 0.0027628651852562246, 0.00046490808950779255, 6.519184409334506e-05, 7.835606893748229e-06, 8.240623381087869e-07], [0.1143565639843935, 0.09621405338264728, 0.04047491348892856, 0.011351208160974069, 0.0023875886741983347, 0.00040176020711233155, 5.633691771787965e-05, 6.771306242091828e-06, 7.121309848201923e-07], [0.06588243693452939, 0.05543027949897809, 0.023318171187171933, 0.0065395918672246, 0.0013755236671410965, 0.00023145974822655498, 3.245649658676794e-05, 3.901045474922468e-06, 4.102687511924849e-07], [0.028466854100027424, 0.02395062709640223, 0.010075446628125373, 0.0028256636551408465, 0.0005943440067730395, 0.00010001043053920678, 1.4023985692146146e-05, 1.685585681697634e-06, 1.7727123077737665e-07], [0.009840094812006357, 0.008278977389193821, 0.00348276454242859, 0.0009767429226891489, 0.00020544600246462862, 3.457045570393473e-05, 4.847650125582573e-06, 5.826538775020141e-07, 6.127708078177718e-08], [0.0028345090272661223, 0.0023848180931721327, 0.00100323500169033, 0.0002813577190641098, 5.918017658642775e-05, 9.958264695777536e-06, 1.3963999640761465e-06, 1.6783757749325246e-07, 1.765129726479211e-08], [0.0006998574923006354, 0.0005888260697798555, 0.0002477048143848787, 6.946892947225999e-05, 1.4611944989864215e-05, 2.458756028155872e-06, 3.4477963121874915e-07, 4.1440117130808165e-08, 4.358212487862595e-09], [0.0001511991818390952, 0.00012721164090646013, 5.351484507150228e-05, 1.5008262989247962e-05, 3.156805709520486e-06, 5.311965705718482e-07, 7.448716164156797e-08, 8.952839505793169e-09, 9.415604886640056e-10]]","{'1x2': {'home': 0.5841820632908574, 'draw': 0.23554685698605338, 'away': 0.18027107972308923}}",1.7283425097536291,0.8413513840427894,0.5724984220250403,0.23790232555591392,0.18207379052032013
sample_run,5,10137,2025-05-02T00:00:00+00:00,2024-2025,ENG Premier League,Aston Villa,Man City,2,1,2.387439051843861,0.44900600110586103,0.24928767279494696,0.30170632609919207,1.0,0.0,0.0,2.475094396017169,4.58880359543786,2.6451298127136513,0.4040249946059283,0.21792172604514812,0.37805327934892363,1x2,home,0.05655646639032266,0.02,2.475094396017169,1.4750943960171692,"{'dixon_coles': 0.22, 'bivariate_poisson': 0.18, 'zero_inflated_poisson': 0.12, 'negative_binomial': 0.18, 'weibull_copula': 0.3}",0.9,0.1,"[[0.061127743207691834, 0.07545792466959342, 0.04657376582753965, 0.019164019090606922, 0.005914160383740882, 0.001460123489931354, 0.0003004033916787341, 5.2975283071823035e-05, 8.17428533596061e-06], [0.09538391166521801, 0.11774476928864437, 0.07267384222769076, 0.02990359218527454, 0.009228473390551873, 0.0022783810210483474, 0.0004687503426792747, 8.266278870780983e-05, 1.2755179064314663e-05], [0.07441866922557415, 0.09186464347874301, 0.05670023939756529, 0.023330826935501984, 0.007200068614494927, 0.0017775962488341859, 0.0003657197119746971, 6.449363024344537e-05, 9.951609607203165e-06], [0.03870770400458715, 0.04778195398097938, 0.02949174053270979, 0.012135163831864292, 0.003745002801619734, 0.0009245888183108296, 0.00019022337414889754, 3.3545350590422536e-05, 5.176173708202371e-06], [0.015099904011638538, 0.01863977565075457, 0.011504749832934898, 0.0047339364020388104, 0.001460928367672593, 0.0003606827830726753, 7.420627919646078e-05, 1.3086066119863755e-05, 2.0192291987186947e-06], [0.004712386994251629, 0.005817112233606342, 0.003590409147174306, 0.0014773696783362076, 0.00045592739093223766, 0.00011256209673201222, 2.3158339596574766e-05, 4.083907271306633e-06, 6.301622452116878e-07], [0.001225537105317344, 0.0015128398615768168, 0.0009337475123542357, 0.0003842153374246181, 0.00011857174200666839, 2.9273704890043466e-05, 6.022723623455188e-06, 1.0620901682665014e-06, 1.6388450583941414e-07], [0.0002731902473220497, 0.0003372342576570186, 0.00020814605508851438, 8.564725017344664e-05, 2.6431385376797844e-05, 6.525539409818871e-06, 1.342553684507188e-06, 2.367555208962114e-07, 3.653226694505357e-08], [5.328585894670842e-05, 6.577766688840156e-05, 4.059896515517076e-05, 1.670552787536268e-05, 5.155451509562236e-06, 1.2728088793480522e-06, 2.618655935279416e-07, 4.617925205967542e-08, 7.1256322014409815e-09]]","{'1x2': {'home': 0.44900600110586103, 'draw': 0.24928767279494696, 'away': 0.30170632609919207}}",1.5604029636941619,1.234430075607607,0.4400258810837438,0.2517805495228964,0.304723389360184
sample_run,5,10138,2025-05-04T00:00:00+00:00,2024-2025,ENG Premier League,West Ham,Newcastle,5,1,4.721935844483204,0.5267641444461834,0.23467471348221688,0.23856114207159987,1.0,0.0,0.0,1.9750627541073347,4.113654093646128,3.9905169534587226,0.5063130262167128,0.24309287490763531,0.2505940988756518,1x2,home,0.0630262421317385,0.02,1.9750627541073347,0.9750627541073347,"{'dixon_coles': 0.22, 'bivariate_poisson': 0.18, 'zero_inflated_poisson': 0.12, 'negative_binomial': 0.18, 'weibull_copula': 0.3}",0.9,0.1,"[[0.05664668360006672, 0.06280011052239526, 0.03481098654838475, 0.012864147046786706, 0.0035653890262059315, 0.0007905381592394017, 0.0001460688152634907, 2.3133715261593247e-05, 3.2058361206956144e-06], [0.09983355134257471, 0.11067828970219766, 0.06135053620084749, 0.022671644711647315, 0.006283606131596433, 0.0013932365832021692, 0.00025743022612076773, 4.0770629515018134e-05, 5.649933669743893e-06], [0.08797282859520096, 0.09752915806601337, 0.05406178717313807, 0.019978140488512104, 0.0055370824511473335, 0.0012277131433101522, 0.0002268462340885214, 3.592687582289337e-05, 4.978693431400229e-06], [0.05168081249214369, 0.05729480580554211, 0.031759318536195645, 0.011736425314677465, 0.0032528329994711024, 0.0007212364745654383, 0.00013326384834598062, 2.1105722783736547e-05, 2.9247999159833643e-06], [0.022770437382473384, 0.02524394886660099, 0.013993076717754835, 0.005171039788946119, 0.0014331901252783012, 0.00031777499598220724, 5.871571996997667e-05, 9.299128939429343e-06, 1.2886595649649803e-06], [0.008026078439350546, 0.008897936843244152, 0.004932251825386361, 0.001822677810792937, 0.0005051680022993395, 0.00011200869798753333, 2.069600008933974e-05, 3.277738456747529e-06, 4.5422415811781005e-07], [0.0023575134589564656, 0.0026136058877827403, 0.001448758587294824, 0.0005353782052787112, 0.00014838384317500045, 3.2900502408641694e-05, 6.079070759882921e-06, 9.62775605186681e-07, 1.334200225225505e-07], [0.0005935511792136658, 0.000658027571719527, 0.00036475395914193455, 0.000134792174297548, 3.7358601181332035e-05, 8.28335970985943e-06, 1.5305276855763877e-06, 2.4239802050998934e-07, 3.359115995631569e-08], [0.00013075858628995598, 0.0001449626553380739, 8.035484337551058e-05, 2.969454829058979e-05, 8.230053359025971e-06, 1.8248138380035106e-06, 3.3717334486427547e-07, 5.339998232900522e-08, 7.400090744569935e-09]]","{'1x2': {'home': 0.5267641444461834, 'draw': 0.23467471348221688, 'away': 0.23856114207159987}}",1.7623900464749735,1.108628193766339,0.5162288615572597,0.23702146061703905,0.24094675349231587
sample_run,5,10139,2025-05-06T00:00:00+00:00,2024-2025,ENG Premier League,Wolves,West Ham,2,3,3.642944084145973,0.46958587873400476,0.23789564288031576,0.2925184783856795,0.0,0.0,1.0,2.121839786859403,4.584326266069045,3.2198204806995894,0.4712891172052765,0.21813456153884903,0.31057632125587453,1x2,home,0.043564990296846295,0.02,2.121839786859403,-1.0,"{'dixon_coles': 0.22, 'bivariate_poisson': 0.18, 'zero_inflated_poisson': 0.12, 'negative_binomial': 0.18, 'weibull_copula': 0.3}",0.9,0.1,"[[0.050035096692822294, 0.06479868941771608, 0.041959248885152754, 0.01811331456265377, 0.005864478747170929, 0.001518975927108539, 0.0003278620269886587, 6.065750718120745e-05, 9.819424834977361e-06], [0.08506198629305448, 0.11016077904069206, 0.07133267025439224, 0.03079347531812136, 0.009969886015615988, 0.0025823295652733585, 0.0005573806605578731, 0.00010312057706403694, 1.6693477897052688e-05], [0.07230466203093946, 0.09363921823034849, 0.06063442483860053, 0.026175168517275048, 0.00847463444319974, 0.0021950400479284213, 0.0004737864943027965, 8.765488319733074e-05, 1.4189843549020305e-05], [0.040973760267773544, 0.053063672129333335, 0.0343604453368174, 0.014833000385735519, 0.004802423941683018, 0.0012438899813057144, 0.00026848634224117964, 4.967245637480861e-05, 8.04113084113418e-06], [0.017414323468131886, 0.022552676269595354, 0.014603587898546471, 0.006304197247995451, 0.0020410858902141322, 0.0005286676729610126, 0.00011410981027877049, 2.1111370230960508e-05, 3.4175738961214733e-06], [0.005921031604048236, 0.007668119246349779, 0.004965355423541232, 0.002143485574495261, 0.0006939881462895127, 0.00017975191544874808, 3.879839456462263e-05, 7.178061816241761e-06, 1.1620068436845377e-06], [0.001677671416114016, 0.0021726930939127568, 0.0014068891068283456, 0.0006073374911096209, 0.00019663534228661124, 5.0931099630329103e-05, 1.0993178537955751e-05, 2.033839698469908e-06, 3.292442596735268e-07], [0.00040744560870898614, 0.0005276684407233955, 0.00034168239561802234, 0.00014750027411811762, 4.775560098487322e-05, 1.2369318980926813e-05, 2.6698448087164274e-06, 4.939459813167936e-07, 7.996150289509538e-08], [8.658455532709312e-05, 0.00011213260450871108, 7.260949107151317e-05, 3.134466385736234e-05, 1.0148342225984442e-05, 2.628552034358691e-06, 5.673575088648673e-07, 1.0496638627038411e-07, 1.699228319921075e-08]]","{'1x2': {'home': 0.46958587873400476, 'draw': 0.23789564288031576, 'away': 0.2925184783856795}}",1.7000464057313773,1.2950647385680312,0.46019416115932466,0.2402745993091189,0.2954436631695363
sample_run,5,10140,2025-05-08T00:00:00+00:00,2024-2025,ENG Premier League,Arsenal,Liverpool,3,0,3.4036589590063158,0.42672187443871495,0.23164186811908288,0.341636257442202,1.0,0.0,0.0,2.362800942370058,5.196029731561094,2.602006089321833,0.42322651141188755,0.19245463395367451,0.384318854634438,1x2,home,,,2.362800942370058,,"{'dixon_coles': 0.22, 'bivariate_poisson': 0.18, 'zero_inflated_poisson': 0.12, 'negative_binomial': 0.18, 'weibull_copula': 0.3}",0.9,0.1,"[[0.03933776973991006, 0.059697831052722215, 0.04529782771065039, 0.022914212673172164, 0.008693482154132829, 0.0026385940653404407, 0.0006673753315235153, 0.00014468414036201824, 2.744604429930711e-05], [0.06758652818771378, 0.10256730790451288, 0.07782655014887671, 0.03936908703706698, 0.01493633931319637, 0.004533388988551075, 0.0011466227484177149, 0.000248582947013687, 4.715526220578773e-05], [0.05806046990806184, 0.08811084477665822, 0.06685720060094083, 0.033820167339783797, 0.012831120379816829, 0.003894425442601096, 0.0009850107316580284, 0.0002135461474609252, 4.050891140171934e-05], [0.033251381661764924, 0.05046130926684728, 0.038289292138684206, 0.019368897528053923, 0.007348415911427162, 0.002230347548861917, 0.0005641182000620974, 0.00012229843235624256, 2.31995585956179e-05], [0.014282364371582963, 0.021674491993966514, 0.01644628266630796, 0.008319463377054612, 0.003156342634676851, 0.0009579943682382926, 0.0002423039669113335, 5.253047198919118e-05, 9.964835521511896e-06], [0.004907728265071684, 0.007447822658936252, 0.005651297236008851, 0.0028587469485820407, 0.0010845873665900284, 0.00032918751520841287, 8.326086607311131e-05, 1.805060250891334e-05, 3.424132284638947e-06], [0.0014053343513455684, 0.002132693674143371, 0.0016182562901761429, 0.0008186058949594235, 0.00031057299854032004, 9.426327175628927e-05, 2.3841856943890317e-05, 5.168813430197096e-06, 9.805047189352092e-07], [0.00034493084010743367, 0.0005234567987395565, 0.0003971912457310589, 0.0002009218794053511, 7.622826923616222e-05, 2.313635149318071e-05, 5.851839982067817e-06, 1.2686540801691852e-06, 2.406589692394566e-07], [7.407854493871135e-05, 0.00011241939971741753, 8.530217111635094e-05, 4.3150680490221774e-05, 1.6371047791645505e-05, 4.9688431839599715e-06, 1.256761474128379e-06, 2.724605554557576e-07, 5.1684755883690635e-08]]","{'1x2': {'home': 0.42672187443871495, 'draw': 0.23164186811908288, 'away': 0.341636257442202}}",1.7181077787219845,1.5175703006913455,0.41818743694994065,0.23395828680027372,0.345052620016624
sample_run,5,10141,2025-05-10T00:00:00+00:00,2024-2025,ENG Premier League,Liverpool,Tottenham,2,1,2.457766321279263,0.3904820106590378,0.2515874122405997,0.35793057710036236,1.0,0.0,0.0,2.7018934681748767,4.478785566935822,2.459332648531664,0.37011081738744417,0.22327481078406566,0.40661437182849036,1x2,home,,,2.7018934681748767,,"{'dixon_coles': 0.22, 'bivariate_poisson': 0.18, 'zero_inflated_poisson': 0.12, 'negative_binomial': 0.18, 'weibull_copula': 0.3}",0.9,0.1,"[[0.05959900586776894, 0.08189272621254275, 0.05626283952958778, 0.02576954232961179, 0.00885223689512369, 0.0024327043777519685, 0.0005571144201222168, 0.00010935853234424844, 1.878317477338211e-05], [0.08618549362131527, 0.1184242074151804, 0.08136109867592149, 0.03726506329653501, 0.012801126383748095, 0.003517908135858252, 0.000805637285432518, 0.00015814221990049528, 2.716215087901053e-05], [0.06231596653835124, 0.08562599848926322, 0.05882771322154715, 0.02694430744505351, 0.00925578690641231, 0.002543604920827637, 0.0005825117895321135, 0.00011434389790606914, 1.96394499139638e-05], [0.030038153927785846, 0.04127428435628817, 0.028356711820893627, 0.012987959578770221, 0.0044615652658856085, 0.0012260934137364602, 0.00028078805113208107, 5.511716814809771e-05, 9.46680044206041e-06], [0.010859464373798063, 0.014921576791925066, 0.010251585450868994, 0.004695437831268245, 0.0016129556154728373, 0.000443260187607707, 0.00010151115961345578, 1.992608884446927e-05, 3.422460061346007e-06], [0.0031407513729185283, 0.004315586955506262, 0.0029649419134424, 0.0013580046222713977, 0.00046649561980018577, 0.00012819877618900675, 2.9358843396712243e-05, 5.762981371914134e-06, 9.898366776143161e-07], [0.0007569679042895867, 0.0010401207945516017, 0.0007145952035271369, 0.00032729935957366763, 0.00011243239905114847, 3.089781629359157e-05, 7.075918950478454e-06, 1.3889644271663687e-06, 2.3856539613526176e-07], [0.00015637761435013676, 0.00021487252968882013, 0.00014762408355807136, 6.761487870016398e-05, 2.3226758016618655e-05, 6.383000881860644e-06, 1.4617731062840864e-06, 2.8693811495393013e-07, 4.9283843215439197e-08], [2.826700229277402e-05, 3.884061228718138e-05, 2.668470372659204e-05, 1.222214534468949e-05, 4.198496215957221e-06, 1.1537987793978368e-06, 2.642318334280915e-07, 5.186727260799848e-08, 8.908605716725571e-09]]","{'1x2': {'home': 0.3904820106590378, 'draw': 0.2515874122405997, 'away': 0.35793057710036236}}",1.4460894500913861,1.374061949862661,0.38267237044585706,0.2541032863630057,0.361509882871366
sample_run,5,10142,2025-05-12T00:00:00+00:00,2024-2025,ENG Premier League,Man City,Aston Villa,0,0,3.080602424326056,0.4739746997750644,0.23380697135938674,0.2922183288655489,0.0,1.0,0.0,2.1005565925829215,4.575870242474966,3.274415289938277,0.47606429816316603,0.21853766540790864,0.3053980364289253,1x2,home,0.03950361754760674,0.02,2.1005565925829215,-1.0,"{'dixon_coles': 0.22, 'bivariate_poisson': 0.18, 'zero_inflated_poisson': 0.12, 'negative_binomial': 0.18, 'weibull_copula': 0.3}",0.9,0.1,"[[0.04593157801281036, 0.061077989714655334, 0.040609543466404496, 0.01800031979063968, 0.0059840277353772125, 0.0015914645230418406, 0.00035271106130397645, 6.700302464355976e-05, 1.1137245406876627e-05], [0.08042354711862347, 0.1069440414687558, 0.0711049712144723, 0.03151752300844204, 0.010477687842578281, 0.0027865627003012226, 0.0006175767497064583, 0.00011731843630560062, 1.9500675123807082e-05], [0.07040849902149598, 0.0936264279415757, 0.062250354225154, 0.027592683578439147, 0.009172913911936644, 0.002439555381312731, 0.00054067065598673, 0.00010270891180219437, 1.707227938290149e-05], [0.041093741920700394, 0.054644827261741795, 0.036332261396733685, 0.016104399804429095, 0.005353747945157055, 0.0014238403123792535, 0.00031556105740062956, 5.994579593674849e-05, 9.964192572048126e-06], [0.017988193703677345, 0.023919986152272175, 0.015903924177999153, 0.00704946908272686, 0.0023435260596124433, 0.0006232655909410048, 0.0001381323082432748, 2.6240408846490554e-05, 4.361681796528151e-06], [0.00629925818574377, 0.008376503558652184, 0.0055693710115668205, 0.002468642852975101, 0.0008206758253609208, 0.00021826042905158028, 4.837234286838087e-05, 9.189088851635357e-06, 1.5274107124370538e-06], [0.0018382730336133348, 0.002444462530950909, 0.0016252746343881244, 0.0007204085707292848, 0.0002394926822516356, 6.369357298902698e-05, 1.4116197629252063e-05, 2.6815942038488957e-06, 4.4573469464700854e-07], [0.00045981574062950805, 0.0006114447247811275, 0.00040653746536692235, 0.0001801991295355139, 5.990541288005784e-05, 1.5931968158027937e-05, 3.5309498366564945e-06, 6.707595674658281e-07, 1.1149368183926293e-07], [0.00010063885915286926, 0.00013382556119711893, 8.897796030517315e-05, 3.943978688499563e-05, 1.3111365872505604e-05, 3.486994806416762e-06, 7.728112195564005e-07, 1.468076702707401e-07, 2.440237676007982e-08]]","{'1x2': {'home': 0.4739746997750644, 'draw': 0.23380697135938674, 'away': 0.2922183288655489}}",1.7509423929696748,1.3297603164781455,0.4644952057795631,0.23614504107298062,0.2951405121542044
sample_run,5,10143,2025-05-14T00:00:00+00:00,2024-2025,ENG Premier League,Chelsea,Arsenal,2,0,2.224246115295908,0.48966902155553416,0.2936861617510332,0.21664481669343272,1.0,0.0,0.0,2.2096877412576004,3.780578652808519,3.5343482498113605,0.45255263054990275,0.26450977266591696,0.2829375967841803,1x2,home,,,2.2096877412576004,,"{'dixon_coles': 0.22, 'bivariate_poisson': 0.18, 'zero_inflated_poisson': 0.12, 'negative_binomial': 0.18, 'weibull_copula': 0.3}",0.9,0.1,"[[0.13530541070238214, 0.09956782928906201, 0.03663472354088666, 0.008986188802147103, 0.0016531772601827497, 0.00024330626598295714, 2.9840487815175114e-05, 3.1369800272690806e-06, 2.8855303181976337e-07], [0.17107386708997466, 0.1258889316089589, 0.04631924025342227, 0.011361719097585704, 0.00209020042448083, 0.000307625124471047, 3.772892465935511e-05, 3.966251618934613e-06, 3.648330303843078e-07], [0.10814891972610179, 0.07958405448227499, 0.029281946337874936, 0.007182614548539203, 0.0013213760918828754, 0.00019447344856390978, 2.385134862352016e-05, 2.5073720214910483e-06, 2.3063895606984375e-07], [0.045579487726087775, 0.033540792119365746, 0.012340910265985872, 0.003027121236952576, 0.0005568954873895553, 8.196106058495708e-05, 1.0052178557027211e-05, 1.0567348482788815e-06, 9.720305569363876e-08], [0.014407145998087926, 0.010601854322259976, 0.0039008182149795614, 0.0009568378187306064, 0.00017602818708086252, 2.5906938074904077e-05, 3.177376738858106e-06, 3.340215961160805e-07, 3.0724755470145065e-08], [0.003643145040288269, 0.002680898284582266, 0.0009864026181767716, 0.00024195624547230192, 4.4512370236248794e-05, 6.551105470102704e-06, 8.034654683748266e-07, 8.446427359040938e-08, 7.76939030950228e-09], [0.0007677038525614595, 0.0005649338466185142, 0.00020786026407861553, 5.098637022304623e-05, 9.379895046480585e-06, 1.3804855014875682e-06, 1.6931072703672673e-07, 1.7798783063007446e-08, 1.6372092811837692e-09], [0.00013866414839456697, 0.00010203943940004116, 3.754412122247827e-05, 9.20925638593538e-06, 1.6942147083292407e-06, 2.493459499989883e-07, 3.058122959821045e-08, 3.2148504760746744e-09, 2.957158935200914e-10], [2.191506234807489e-05, 1.6126740057216756e-05, 5.93363004727854e-06, 1.4554694217203175e-06, 2.6776078311468984e-07, 3.940767749799915e-08, 4.833185513955343e-09, 5.080884239986808e-10, 4.673617743909497e-11]]","{'1x2': {'home': 0.48966902155553416, 'draw': 0.2936861617510332, 'away': 0.21664481669343272}}",1.2643534815194408,0.7358747057652517,0.4798756411244235,0.2966230233685435,0.21881126486036706
sample_run,5,10144,2025-05-16T00:00:00+00:00,2024-2025,ENG Premier League,Tottenham,Chelsea,1,4,3.9819813448042836,0.31036776900493607,0.24781753230868153,0.44181469868638235,0.0,0.0,1.0,3.1727726705220447,4.240487496055534,2.2271897433547743,0.3151817365583463,0.2358219428615676,0.44899632058008615,1x2,away,0.07606290222450819,0.02,2.2271897433547743,1.2271897433547743,"{'dixon_coles': 0.22, 'bivariate_poisson': 0.18, 'zero_inflated_poisson': 0.12, 'negative_binomial': 0.18, 'weibull_copula': 0.3}",0.9,0.1,"[[0.05849960604057582, 0.0915940027003064, 0.07170528058637467, 0.03742346378138664, 0.014648666352853815, 0.004587141952882707, 0.0011970299769415097, 0.0002677448236984233, 5.240167790150697e-05], [0.07447359675975096, 0.11660479932091893, 0.09128523272841346, 0.047642371284945154, 0.018648653296466346, 0.005839713857932171, 0.0015238927891282341, 0.0003408556293660592, 6.671055915939583e-05], [0.04740473474716237, 0.07422254090783549, 0.05810585807723644, 0.030325834547435683, 0.011870441356050577, 0.0037171574689436084, 0.0009700046270731366, 0.0002169650909878944, 4.2463322565013406e-05], [0.020116381055138556, 0.03149661998418847, 0.024657443794418813, 0.012868884233295253, 0.005037267329615908, 0.0015773900325789722, 0.0004116251848581185, 9.206996873316651e-05, 1.8019473838237346e-05], [0.006402347606951234, 0.010024283643767583, 0.007847610653130199, 0.004095720296276862, 0.0016031877873531322, 0.0005020286339093288, 0.0001310060447758347, 2.9302683339272406e-05, 5.734974640346146e-06], [0.001630116461519847, 0.0025523059330468116, 0.0019980982125020526, 0.001042820772413695, 0.00040819133285335634, 0.00012782266607976622, 3.335575061807495e-05, 7.460823655714878e-06, 1.4601950942927492e-06], [0.0003458730871408395, 0.0005415404072220233, 0.00042395032102451045, 0.0002212624977438939, 8.66087790479045e-05, 2.712101936714485e-05, 7.077320370973436e-06, 1.5830145706335417e-06, 3.098196951032958e-07], [6.290253062048909e-05, 9.848774973822836e-05, 7.710211936481611e-05, 4.0240109904341264e-05, 1.575118613911003e-05, 4.932389407060259e-06, 1.2871234504721377e-06, 2.878964169346011e-07, 5.6345646951507295e-08], [1.000984882135131e-05, 1.5672620416222654e-05, 1.2269467556146339e-05, 6.403516881176404e-06, 2.506528599949509e-06, 7.849043878788853e-07, 2.0482341531495578e-07, 4.581373088327548e-08, 8.966434293855074e-09]]","{'1x2': {'home': 0.31036776900493607, 'draw': 0.24781753230868153, 'away': 0.44181469868638235}}",1.2730615093047881,1.5657199919735532,0.30416041362483737,0.25029570763176834,0.44623284567324617
sample_run,5,10145,2025-05-18T00:00:00+00:00,2024-2025,ENG Premier League,Newcastle,Brighton,3,0,3.017295829881449,0.53536978492988,0.21647593376850763,0.24815428130161254,1.0,0.0,0.0,2.069910083289767,5.6646775342584075,2.9381115725108695,0.48311277290396665,0.17653255528708842,0.3403546718089449,1x2,home,0.060501506433004566,0.02,2.069910083289767,1.0699100832897672,"{'dixon_coles': 0.22, 'bivariate_poisson': 0.18, 'zero_inflated_poisson': 0.12, 'negative_binomial': 0.18, 'weibull_copula': 0.3}",0.9,0.1,"[[0.03671886002793576, 0.0479200740736056, 0.031269128418921426, 0.013602627722391179, 0.004438038977495124, 0.0011583755943475082, 0.000251957006308465, 4.697390775079228e-05, 7.662932404601218e-06], [0.07342515976400978, 0.09582375629528707, 0.06252756071658785, 0.027200602441553236, 0.008874559850539055, 0.002316354947212044, 0.0005038278265661256, 9.393174730146103e-05, 1.5323243576750087e-05], [0.07341260162037555, 0.09580736724691465, 0.06251686642472523, 0.02719595023414237, 0.0088730420057342, 0.00231595877349954, 0.0005037416552560016, 9.3915681849534e-05, 1.532062279261564e-05], [0.048933363749734296, 0.06386065400107627, 0.041670782641294736, 0.018127532548275767, 0.005914349613687515, 0.001543708445030609, 0.0003357703324560245, 6.259974609688893e-05, 1.0212001637814945e-05], [0.02446249725877337, 0.031924865852968984, 0.02083182777597521, 0.009062216068743667, 0.002956669031628625, 0.0007717222097798584, 0.00016785645228257012, 3.1294519729463096e-05, 5.105127522997919e-06], [0.009783325343355227, 0.012767762255775054, 0.008331305936315068, 0.0036242664513944445, 0.001182465337167148, 0.00030863608784919167, 6.713109729926693e-05, 1.2515666930430903e-05, 2.0417017505804006e-06], [0.0032605506898118466, 0.004255192847971247, 0.0027766270019974016, 0.0012078821937759837, 0.00039408769875955987, 0.0001028611002721074, 2.2373205216528538e-05, 4.171175445084049e-06, 6.804508505654901e-07], [0.0009314265792096501, 0.0012155614481466441, 0.0007931863161314099, 0.00034505017307427123, 0.00011257722761715497, 2.938385931540861e-05, 6.3912510441569645e-06, 1.191560581541556e-06, 1.9438127738449136e-07], [0.00023281681857389622, 0.00030383838668069616, 0.00019826266372467106, 8.624778950552391e-05, 2.8139493292037497e-05, 7.344708424620291e-06, 1.5975394819313956e-06, 2.9783919626597287e-07, 4.858700793076794e-08]]","{'1x2': {'home': 0.53536978492988, 'draw': 0.21647593376850763, 'away': 0.24815428130161254}}",1.999657933501961,1.3050534258729152,0.5246623892312824,0.21864069310619272,0.25063582411462865
sample_run,5,10146,2025-05-20T00:00:00+00:00,2024-2025,ENG Premier League,Brighton,Wolves,2,1,2.393753676134403,0.44155107777232755,0.24669299001493852,0.3117559322127339,1.0,0.0,0.0,2.253405323349341,4.701595059681276,2.9109249325104347,0.44377280449202705,0.2126937746246038,0.34353342088336913,1x2,home,0.04682637002222835,0.02,2.253405323349341,1.253405323349341,"{'dixon_coles': 0.22, 'bivariate_poisson': 0.18, 'zero_inflated_poisson': 0.12, 'negative_binomial': 0.18, 'weibull_copula': 0.3}",0.9,0.1,"[[0.05711375754188, 0.07346876979349064, 0.047253589741586874, 0.020261686244305313, 0.006515948286274333, 0.0016763691454884475, 0.00035940196121892, 6.60456831832754e-05, 1.0619803578165509e-05], [0.09003416500421499, 0.11581621708908645, 0.07449058998991352, 0.03194053553989594, 0.010271745169894916, 0.002642629425006899, 0.000566561488368107, 0.0001041144584678886, 1.6741065354836622e-05], [0.07096495850463161, 0.09128638044797388, 0.058713507559849776, 0.025175540630585195, 0.008096192925403568, 0.002082921383010034, 0.0004465639517008101, 8.2063050449349e-05, 1.3195313225525984e-05], [0.0372897357747719, 0.04796797008650516, 0.03085200399538, 0.013228912943566155, 0.004254281286589808, 0.0010945062133305874, 0.0002346545691895864, 4.312141559172867e-05, 6.933700153056566e-06], [0.014695891008604783, 0.018904184909033634, 0.012158779854371797, 0.00521351676920426, 0.0016766129555138474, 0.00043134507888439015, 9.247740435356749e-05, 1.6994156984655435e-05, 2.7325723719555884e-06], [0.004633322452939521, 0.005960113908184301, 0.003833421714044, 0.0016437182537205105, 0.0005286027534583026, 0.00013599453328755706, 2.915628822574063e-05, 5.357920052596965e-06, 8.615257773653049e-07], [0.0012173287610543475, 0.0015659212483667571, 0.001007168085785919, 0.00043185975628666723, 0.00013888162144835544, 3.5730311973447054e-05, 7.660331993571179e-06, 1.4077047832745011e-06, 2.2635163380677832e-07], [0.00027414255152291225, 0.0003526456124633051, 0.0002268143476793057, 9.72548577476717e-05, 3.1276154216972116e-05, 8.04646961813887e-06, 1.7251074856814663e-06, 3.170152496385904e-07, 5.097440922978387e-08], [5.40198123464202e-05, 6.948884696750193e-05, 4.4693785882735414e-05, 1.9164077725700762e-05, 6.1629687632688605e-06, 1.5855575006811901e-06, 3.3993257207328853e-07, 6.246788103961646e-08, 1.004451153520548e-08]]","{'1x2': {'home': 0.44155107777232755, 'draw': 0.24669299001493852, 'away': 0.3117559322127339}}",1.5764006586013068,1.2863585404903177,0.432720056216881,0.2491599199150879,0.3148734915348612
sample_run,5,10147,2025-05-22T00:00:00+00:00,2024-2025,ENG Premier League,Aston Villa,Man City,5,0,4.961683984344825,0.505922442647801,0.23921669259142786,0.2548608647607712,1.0,0.0,0.0,2.2610960030149077,4.650266172298729,2.9180453952123457,0.44226339733767017,0.2150414541767354,0.34269514848559446,1x2,home,,,2.2610960030149077,,"{'dixon_coles': 0.22, 'bivariate_poisson': 0.18, 'zero_inflated_poisson': 0.12, 'negative_binomial': 0.18, 'weibull_copula': 0.3}",0.9,0.1,"[[0.05782676645277262, 0.06607015832683262, 0.03774433613625848, 0.014374970954557661, 0.004106042344970627, 0.0009382743821598589, 0.00017867140307174193, 2.91630838934087e-05, 4.16504693313141e-06], [0.09875815791905537, 0.11283645152642759, 0.06446082562369865, 0.02454997466910882, 0.007012413164379776, 0.0016024110509520726, 0.00030513998486478137, 4.98055246942452e-05, 7.113182838926434e-06], [0.08433096257881322, 0.09635261300641576, 0.055043994217946535, 0.020963564314639364, 0.00598799698792665, 0.0013683210503427396, 0.0002605632707935146, 4.2529629224667134e-05, 6.074045612489278e-06], [0.04800758674402797, 0.05485122291348519, 0.03133522073445104, 0.011934052470449362, 0.0034088225253234433, 0.000778952231887746, 0.00014833239705092598, 2.421109402476463e-05, 3.4578079356824666e-06], [0.0204971725198035, 0.023419110503815618, 0.013378790080925393, 0.005095326571015719, 0.0014554204476782762, 0.00033257906436372334, 6.333154692486265e-05, 1.0337094713066738e-05, 1.4763351087804022e-06], [0.007001128109966517, 0.007999161479480366, 0.004569733860726949, 0.0017403880487092396, 0.0004971214931335376, 0.00011359755273824222, 2.1631874981533805e-05, 3.5307954939207204e-06, 5.042652209628784e-07], [0.001992786841079599, 0.0022768650259787243, 0.0013007197357135763, 0.0004953805083073333, 0.0001414996489671568, 3.2334175967063904e-05, 6.15725282182927e-06, 1.00499843572524e-06, 1.4353302510182554e-07], [0.00048619095971038945, 0.0005554990475107214, 0.00031734361326785153, 0.00012086065593713067, 3.452243296265184e-05, 7.888743402357439e-06, 1.5022181986121922e-06, 2.4519489184702887e-07, 3.501852671135966e-08], [0.00010379130315264571, 0.00011858708782971881, 6.774602964205567e-05, 2.5801148147778447e-05, 7.369796236704723e-06, 1.6840768871046905e-06, 3.206912455683153e-07, 5.2343830840323474e-08, 7.475701572120539e-09]]","{'1x2': {'home': 0.505922442647801, 'draw': 0.23921669259142786, 'away': 0.2548608647607712}}",1.7078277755632696,1.142553221971912,0.4958039937948449,0.24160885951734215,0.2574094734083789
sample_run,5,10148,2025-05-24T00:00:00+00:00,2024-2025,ENG Premier League,West Ham,Newcastle,3,3,3.9767581400591037,0.440257901399433,0.23187128544002317,0.3278708131605438,0.0,1.0,0.0,2.5079563480347176,4.394400195839092,2.675895758545452,0.39873102288387874,0.22756234194301786,0.37370663517310343,1x2,home,,,2.5079563480347176,,"{'dixon_coles': 0.22, 'bivariate_poisson': 0.18, 'zero_inflated_poisson': 0.12, 'negative_binomial': 0.18, 'weibull_copula': 0.3}",0.9,0.1,"[[0.040439076563715974, 0.059524694442721175, 0.04380897821586823, 0.021495018051320203, 0.007909950537134855, 0.0023286258183375535, 0.0005712739264688647, 0.00012012746370836372, 2.2102849455998922e-05], [0.07020655611601029, 0.10334122724332695, 0.07605706531531142, 0.03731764716874619, 0.013732518975433159, 0.004042743135608414, 0.00099179255275666, 0.00020855410752584815, 3.837290740829229e-05], [0.06094304000617338, 0.08970570406231498, 0.06602159443063951, 0.0323937106469538, 0.011920559839489213, 0.0035093169395882273, 0.0008609289012923143, 0.000181036102916051, 3.330973288979554e-05], [0.035267875543863215, 0.05191289450155213, 0.038206846513586155, 0.01874631385938337, 0.006898455029314141, 0.0020308496763015325, 0.0004982215088025889, 0.00010476600356566623, 1.9276418009958732e-05], [0.015307199705472055, 0.022531582386811275, 0.0165827915824532, 0.008136400777249855, 0.002994113684607914, 0.0008814429870684416, 0.0002162414382833405, 4.547124299929365e-05, 8.366480133389828e-06], [0.005314986722844436, 0.007823446713625037, 0.005757899471118006, 0.0028251321557766613, 0.0010396202301253727, 0.0003060558340751479, 7.508364661851753e-05, 1.5788586904375646e-05, 2.905020623074007e-06], [0.001537897438653987, 0.002263723183092145, 0.0016660547448969995, 0.000817455194676901, 0.0003008152931428264, 8.85576028414579e-05, 2.1725538339185593e-05, 4.5684455345563935e-06, 8.405710133310688e-07], [0.0003814220303805507, 0.000561437889818083, 0.00041320699778259987, 0.00020274136120005797, 7.460678260864984e-05, 2.1963636737041866e-05, 5.388265001400445e-06, 1.133044198967229e-06, 2.0847443693279216e-07], [8.277367293984405e-05, 0.00012183951782090848, 8.96714352256666e-05, 4.39975821706184e-05, 1.6190667897659338e-05, 4.76640240740051e-06, 1.169325443771932e-06, 2.458857183947372e-07, 4.524173614664132e-08]]","{'1x2': {'home': 0.440257901399433, 'draw': 0.23187128544002317, 'away': 0.3278708131605438}}",1.7361068076169484,1.4719597849603172,0.43145274337144435,0.2341899982944234,0.33114952129214925
sample_run,5,10149,2025-05-26T00:00:00+00:00,2024-2025,ENG Premier League,Wolves,West Ham,0,2,3.362853212158759,0.49825774051744515,0.21933371550835473,0.2824085439742001,0.0,0.0,1.0,2.1303475264371965,4.939450871917816,3.047467055724149,0.4694069805936334,0.20245165422846587,0.32814136517790077,1x2,home,,,2.1303475264371965,,"{'dixon_coles': 0.22, 'bivariate_poisson': 0.18, 'zero_inflated_poisson': 0.12, 'negative_binomial': 0.18, 'weibull_copula': 0.3}",0.9,0.1,"[[0.03377134392180811, 0.04836763727127967, 0.034636293133945686, 0.01653547523015587, 0.005920565893766099, 0.0016958980622945642, 0.0004048135332134858, 8.282539431024681e-05, 1.4827913859913711e-05], [0.066061977583978, 0.09461458734373585, 0.06775395216443326, 0.032345949765107705, 0.011581543579196121, 0.0033174391885443483, 0.0007918779489130981, 0.0001620192952633528, 2.9005695340368635e-05], [0.06461372831964507, 0.09254039108853682, 0.06626861044493883, 0.03163684295867101, 0.011327646215208056, 0.003244712348688985, 0.0007745179379219495, 0.00015846741362501385, 2.836981554272325e-05], [0.04213148561447696, 0.060341111050224834, 0.04321055416954548, 0.020628854403924854, 0.0073862099583691734, 0.002115719912734741, 0.0005050256688220189, 0.00010332893227391334, 1.8498583915644493e-05], [0.020603927287343882, 0.029509138982015206, 0.021131633579263752, 0.010088308303413429, 0.0036121425744123506, 0.0010346689324288456, 0.00024697710054343805, 5.053184752922749e-05, 9.046523576320367e-06], [0.008060894382822946, 0.011544888959503436, 0.008267349425349235, 0.003946858606180546, 0.0014131820299094885, 0.0004047945262658844, 9.662508970701892e-05, 1.9769623539305634e-05, 3.5392801606919736e-06], [0.0026280595823973386, 0.0037639317198336583, 0.0026953692538900765, 0.0012867777553869505, 0.00046073380930153405, 0.00013197346139678543, 3.150227268150911e-05, 6.445407434387589e-06, 1.1538966644837675e-06], [0.0007344130642817328, 0.001051833317107921, 0.0007532227984399231, 0.00035959093192295094, 0.00012875238102428107, 3.6880074880138805e-05, 8.803331844843967e-06, 1.80117355639054e-06, 3.2245721935077097e-07], [0.00017957820801525138, 0.000257193603168963, 0.00018417755205970223, 8.792694236235139e-05, 3.14824490283953e-05, 9.017892083552284e-06, 2.1525850153643545e-06, 4.40421794371824e-07, 7.884703095420221e-08]]","{'1x2': {'home': 0.49825774051744515, 'draw': 0.21933371550835473, 'away': 0.2824085439742001}}",1.9561548316505686,1.4322094312641753,0.4882925857070962,0.22152705266343828,0.2852326294139421
